{"mm": 2.418495836734694, "select": 0.0, "index_select": 1.7497509183673465, "unsqueeze": 0.0, "expand": 0.0, "scatter_add_": 2.1794289591836735, "t": 0.0, "_thnn_fused_gru_cell": 0.4389296530612245, "_log_softmax": 0.006866224489795921, "to": 0.0, "index": 0.9511970816326533, "nll_loss_forward": 0.059918816326530594, "zero_": 0.027716571428571434, "torch::autograd::GraphRoot": 0.0, "nll_loss_backward": 0.10282887755102045, "empty": 0.0, "_index_put_impl_": 0.7023172040816328, "_log_softmax_backward_data": 0.003056591836734694, "add_": 0.03960667346938775, "_thnn_fused_gru_cell_backward": 0.426340918367347, "add": 0.09671093877551024, "gather": 1.3213413265306124, "index_add_": 0.7511460816326532, "mul_": 0.026864346938775516, "addcmul_": 0.01278902040816326, "sqrt": 0.014004224489795917, "div": 0.012439693877551025, "addcdiv_": 0.01770826530612245, "is_floating_point": 0.0, "_local_scalar_dense": 0.007961448979591838, "max": 0.015277551020408163, "eq": 0.006457918367346941, "sum": 0.16504930612244897, "is_complex": 0.0}