{"mm": 4.712733740000002, "select": 0.0, "index_select": 3.380387400000001, "unsqueeze": 0.0, "expand": 0.0, "scatter_add_": 4.318848900000001, "t": 0.0, "_thnn_fused_gru_cell": 0.7789812200000001, "_log_softmax": 0.01327108, "to": 0.0, "index": 1.0340440000000002, "nll_loss_forward": 0.09258356000000001, "zero_": 0.04055281999999999, "torch::autograd::GraphRoot": 0.0, "nll_loss_backward": 0.14914666000000001, "empty": 0.0, "_index_put_impl_": 0.9390857, "_log_softmax_backward_data": 0.0052763, "add_": 0.03619206, "_thnn_fused_gru_cell_backward": 0.62943588, "add": 0.18854579999999996, "gather": 2.6545764599999995, "index_add_": 1.469413, "mul_": 0.024984660000000002, "addcmul_": 0.011739059999999999, "sqrt": 0.013485519999999997, "div": 0.011381539999999999, "addcdiv_": 0.01610408, "is_floating_point": 0.0, "_local_scalar_dense": 0.007619779999999998, "max": 0.020989339999999995, "eq": 0.005527680000000002, "sum": 0.16540162000000003, "is_complex": 0.0}