{"mm": 38.11786095555556, "select": 0.0, "index_select": 3.846306955555557, "unsqueeze": 0.0, "expand": 0.0, "scatter_add_": 5.114354755555556, "t": 0.0, "_thnn_fused_gru_cell": 1.910400511111111, "_log_softmax": 0.018276022222222223, "to": 0.0, "index": 0.8940704222222223, "nll_loss_forward": 0.2510618888888889, "zero_": 0.09352533333333335, "torch::autograd::GraphRoot": 0.0, "nll_loss_backward": 0.3062590666666667, "empty": 0.0, "_index_put_impl_": 0.9833806222222222, "_log_softmax_backward_data": 0.008193399999999998, "add_": 0.0698428, "_thnn_fused_gru_cell_backward": 1.4675091555555557, "add": 0.4666533111111112, "gather": 3.0393675111111116, "index_add_": 1.5389836888888893, "mul_": 0.05665055555555555, "addcmul_": 0.02453384444444444, "sqrt": 0.01977495555555555, "div": 0.016603711111111103, "addcdiv_": 0.0448705111111111, "is_floating_point": 0.0, "_local_scalar_dense": 0.008482711111111112, "max": 0.04866879999999999, "eq": 0.006777733333333336, "sum": 0.17879528888888888, "is_complex": 0.0}