{"mm": 48.916531249999984, "select": 0.0, "index_select": 7.828324583333337, "unsqueeze": 0.0, "expand": 0.0, "scatter_add_": 10.034973479166664, "t": 0.0, "_thnn_fused_gru_cell": 18.38181127083333, "_log_softmax": 0.2991079375, "to": 0.0, "index": 1.460138020833333, "nll_loss_forward": 4.3966935625, "zero_": 0.8032371458333335, "torch::autograd::GraphRoot": 0.0, "nll_loss_backward": 4.0873724375, "empty": 0.0, "_index_put_impl_": 1.6918950208333332, "_log_softmax_backward_data": 0.19473225000000002, "add_": 0.038995395833333335, "_thnn_fused_gru_cell_backward": 13.579464708333333, "add": 4.116501937500002, "gather": 5.424522479166668, "index_add_": 3.7512790625, "mul_": 0.02620760416666666, "addcmul_": 0.01332641666666666, "sqrt": 0.014362666666666664, "div": 0.011792875, "addcdiv_": 0.018577104166666667, "is_floating_point": 0.0, "_local_scalar_dense": 0.008867854166666668, "max": 0.44105895833333314, "eq": 0.024635687500000003, "sum": 0.25705456250000003, "is_complex": 0.0}