{"mm": 18.55233166666667, "select": 0.0, "index_select": 6.946580822222222, "unsqueeze": 0.0, "expand": 0.0, "scatter_add_": 9.977000288888888, "t": 0.0, "_thnn_fused_gru_cell": 4.9339774444444435, "_log_softmax": 0.05244653333333334, "to": 0.0, "index": 0.9757702000000001, "nll_loss_forward": 0.623388511111111, "zero_": 0.21549871111111107, "torch::autograd::GraphRoot": 0.0, "nll_loss_backward": 0.5183619999999999, "empty": 0.0, "_index_put_impl_": 1.0508616222222225, "_log_softmax_backward_data": 0.03775515555555556, "add_": 0.03934357777777779, "_thnn_fused_gru_cell_backward": 3.670508755555556, "add": 1.119839, "gather": 5.517619800000002, "index_add_": 3.3713303333333324, "mul_": 0.026601622222222225, "addcmul_": 0.013159999999999998, "sqrt": 0.013877599999999999, "div": 0.011980888888888888, "addcdiv_": 0.018171533333333333, "is_floating_point": 0.0, "_local_scalar_dense": 0.00830502222222222, "max": 0.11085577777777779, "eq": 0.008239755555555554, "sum": 0.23108077777777786, "is_complex": 0.0}