{"mm": 4.920046530612246, "select": 0.0, "index_select": 0.706287918367347, "unsqueeze": 0.0, "expand": 0.0, "scatter_add_": 0.8750399795918365, "t": 0.0, "_thnn_fused_gru_cell": 1.1084547346938773, "_log_softmax": 0.007442897959183673, "to": 0.0, "index": 0.9830373469387756, "nll_loss_forward": 0.1805732040816326, "zero_": 0.05503051020408165, "torch::autograd::GraphRoot": 0.0, "nll_loss_backward": 0.2249794285714286, "empty": 0.0, "_index_put_impl_": 0.8374969591836734, "_log_softmax_backward_data": 0.003219387755102042, "add_": 0.03814820408163265, "_thnn_fused_gru_cell_backward": 0.8828356530612244, "add": 0.2724381836734694, "gather": 0.5171701632653063, "index_add_": 0.3347933673469387, "mul_": 0.02656357142857143, "addcmul_": 0.012661265306122452, "sqrt": 0.01344091836734694, "div": 0.011771204081632649, "addcdiv_": 0.017246387755102042, "is_floating_point": 0.0, "_local_scalar_dense": 0.007902163265306126, "max": 0.029037755102040826, "eq": 0.0063098979591836735, "sum": 0.180731387755102, "is_complex": 0.0}