{"mm": 1.7610314081632652, "select": 0.0, "index_select": 2.1263811224489793, "view": 0.0, "mul": 3.8631881428571426, "unsqueeze": 0.0, "expand": 0.0, "scatter_add_": 2.7334821428571425, "add": 0.08900295918367344, "relu": 0.05631348979591836, "_fused_dropout": 0.03463651020408163, "_log_softmax": 0.014033693877551021, "to": 0.0, "index": 0.8741811632653061, "nll_loss_forward": 0.10065234693877545, "zero_": 0.02342777551020408, "torch::autograd::GraphRoot": 0.0, "nll_loss_backward": 0.15629732653061224, "empty": 0.0, "_index_put_impl_": 1.0156663265306125, "_log_softmax_backward_data": 0.0057345714285714266, "AddBackward0": 0.0, "sum": 0.2310496326530612, "add_": 0.02266828571428571, "gather": 1.6446722857142855, "index_add_": 0.9535940816326529, "t": 0.0, "_masked_scale": 0.03160659183673469, "threshold_backward": 0.04343769387755104, "mul_": 0.015368204081632648, "addcmul_": 0.0074639183673469375, "sqrt": 0.008035836734693881, "div": 0.006902244897959184, "addcdiv_": 0.010183510204081632, "is_floating_point": 0.0, "_local_scalar_dense": 0.00778365306122449, "dropout": 0.0, "max": 0.022584122448979588, "eq": 0.006075612244897957, "is_complex": 0.0}