{"mm": 0.9644238085106385, "select": 0.0, "index_select": 1.1227028723404255, "view": 0.0, "mul": 1.8358083191489363, "unsqueeze": 0.0, "expand": 0.0, "scatter_add_": 1.4108885106382978, "add": 0.05319891489361705, "relu": 0.014434106382978727, "_fused_dropout": 0.012267106382978723, "_log_softmax": 0.007654148936170215, "to": 0.0, "index": 0.8292398936170212, "nll_loss_forward": 0.06782236170212766, "zero_": 0.017900680851063833, "torch::autograd::GraphRoot": 0.0, "nll_loss_backward": 0.11442089361702133, "empty": 0.0, "_index_put_impl_": 0.7928810212765959, "_log_softmax_backward_data": 0.0035123191489361675, "AddBackward0": 0.0, "sum": 0.199796744680851, "add_": 0.02637599999999999, "gather": 0.8529880212765959, "index_add_": 0.48115914893617023, "t": 0.0, "_masked_scale": 0.010291382978723404, "threshold_backward": 0.017473829787234045, "mul_": 0.017469042553191483, "addcmul_": 0.008916212765957448, "sqrt": 0.009182425531914893, "div": 0.007888106382978719, "addcdiv_": 0.01134808510638298, "is_floating_point": 0.0, "_local_scalar_dense": 0.008644489361702128, "dropout": 0.0, "max": 0.01722397872340426, "eq": 0.007486680851063828, "is_complex": 0.0}