{"mm": 31.972777020833338, "select": 0.0, "index_select": 2.2118091249999994, "view": 0.0, "mul": 3.7120170625000006, "unsqueeze": 0.0, "expand": 0.0, "scatter_add_": 2.9544364375, "add": 0.1950636875, "relu": 0.1426756458333333, "_fused_dropout": 0.08722675000000002, "_log_softmax": 0.016089958333333335, "to": 0.0, "index": 0.9057921666666665, "nll_loss_forward": 0.24646160416666663, "zero_": 0.05184045833333337, "torch::autograd::GraphRoot": 0.0, "nll_loss_backward": 0.3154846458333333, "empty": 0.0, "_index_put_impl_": 1.1004237291666665, "_log_softmax_backward_data": 0.008101375000000001, "AddBackward0": 0.0, "sum": 0.31675989583333336, "add_": 0.053884708333333316, "gather": 1.7436810208333335, "index_add_": 0.9635314791666665, "t": 0.0, "_masked_scale": 0.08239914583333335, "threshold_backward": 0.10623229166666669, "mul_": 0.04376985416666666, "addcmul_": 0.01947764583333333, "sqrt": 0.013832708333333334, "div": 0.012204291666666667, "addcdiv_": 0.03731533333333332, "is_floating_point": 0.0, "_local_scalar_dense": 0.008334708333333336, "dropout": 0.0, "max": 0.04682518750000001, "eq": 0.006583895833333333, "is_complex": 0.0}