{"mm": 3.796598476190476, "select": 0.0, "index_select": 5.763859142857144, "view": 0.0, "mul": 9.528377404761905, "unsqueeze": 0.0, "expand": 0.0, "scatter_add_": 8.64694680952381, "add": 1.682673880952381, "relu": 1.4210741666666666, "_fused_dropout": 0.8497053095238096, "_log_softmax": 0.2935944761904762, "to": 0.0, "index": 1.3525877142857143, "nll_loss_forward": 3.653326904761904, "zero_": 0.48259221428571425, "torch::autograd::GraphRoot": 0.0, "nll_loss_backward": 3.3769567619047627, "empty": 0.0, "_index_put_impl_": 1.5739158333333334, "_log_softmax_backward_data": 0.19501466666666664, "AddBackward0": 0.0, "sum": 0.6732437142857143, "add_": 0.018478904761904766, "gather": 3.9100341428571426, "index_add_": 3.590057261904762, "t": 0.0, "_masked_scale": 0.7935565952380953, "threshold_backward": 1.033547619047619, "mul_": 0.011269880952380948, "addcmul_": 0.005639857142857141, "sqrt": 0.006349857142857142, "div": 0.005327428571428572, "addcdiv_": 0.007735071428571429, "is_floating_point": 0.0, "_local_scalar_dense": 0.007300738095238094, "dropout": 0.0, "max": 0.3151475952380953, "eq": 0.022164595238095237, "is_complex": 0.0}