{"mm": 5.940273355555554, "select": 0.0, "index_select": 4.017421422222221, "view": 0.0, "mul": 7.139210133333332, "unsqueeze": 0.0, "expand": 0.0, "scatter_add_": 6.0851024888888885, "add": 0.4393847111111111, "relu": 0.3750207555555555, "_fused_dropout": 0.2255985777777778, "_log_softmax": 0.05612924444444444, "to": 0.0, "index": 0.9302126888888888, "nll_loss_forward": 0.5532431111111112, "zero_": 0.11705386666666667, "torch::autograd::GraphRoot": 0.0, "nll_loss_backward": 0.46831075555555557, "empty": 0.0, "_index_put_impl_": 1.0813883777777777, "_log_softmax_backward_data": 0.03730433333333334, "AddBackward0": 0.0, "sum": 0.38294102222222215, "add_": 0.020985266666666665, "gather": 3.087503622222221, "index_add_": 2.1925324888888893, "t": 0.0, "_masked_scale": 0.21158391111111108, "threshold_backward": 0.27476533333333336, "mul_": 0.013291533333333333, "addcmul_": 0.006484911111111111, "sqrt": 0.007257133333333335, "div": 0.005970600000000001, "addcdiv_": 0.008922311111111112, "is_floating_point": 0.0, "_local_scalar_dense": 0.007647911111111113, "dropout": 0.0, "max": 0.09516059999999997, "eq": 0.007239911111111111, "is_complex": 0.0}