{"mm": 2.420465653061224, "select": 0.0, "index_select": 0.5778949183673467, "view": 0.0, "mul": 0.7673002857142857, "unsqueeze": 0.0, "expand": 0.0, "scatter_add_": 0.7489649183673469, "add": 0.12296159183673469, "relu": 0.0819901224489796, "_fused_dropout": 0.050664918367346934, "_log_softmax": 0.00961734693877551, "to": 0.0, "index": 1.0092840816326527, "nll_loss_forward": 0.25575269387755095, "zero_": 0.03381224489795919, "torch::autograd::GraphRoot": 0.0, "nll_loss_backward": 0.3052470408163265, "empty": 0.0, "_index_put_impl_": 0.9423847346938776, "_log_softmax_backward_data": 0.004531204081632654, "AddBackward0": 0.0, "sum": 0.29029706122448984, "add_": 0.030914979591836735, "gather": 0.43367936734693874, "index_add_": 0.2610061020408163, "t": 0.0, "_masked_scale": 0.04727920408163264, "threshold_backward": 0.06168075510204082, "mul_": 0.02032320408163265, "addcmul_": 0.010219408163265305, "sqrt": 0.011057244897959182, "div": 0.009691632653061224, "addcdiv_": 0.01372018367346939, "is_floating_point": 0.0, "_local_scalar_dense": 0.009558244897959185, "dropout": 0.0, "max": 0.042585285714285714, "eq": 0.008840591836734694, "is_complex": 0.0}