,amazon-photo,pubmed,amazon-computers,flickr,com-amazon
0,35.24691505962371,34.98799183156167,36.75486943672618,41.582416723804435,55.27101957874828
1,24.342183559412913,22.23157008162504,21.11137869914993,17.835754054441608,9.703127504293539
2,13.478134407407339,11.10242924133952,14.979880930291783,12.117291619898351,4.025111416648152
3,7.572906650940694,6.977046676421584,8.008428507037626,6.193035222868743,4.697162826931329
4,7.472181985524873,6.015690956553098,7.692249892404303,6.81289494831287,3.1886875017360983
5,11.887678337090477,18.68527121249909,11.453192534390183,15.458607430673993,23.114891171642597
