{"select": 0.0, "ne": 0.16579795833333336, "slice": 0.0, "to": 0.0, "index": 2.856788458333334, "unsqueeze": 0.0, "repeat": 0.021580854166666663, "cat": 3.7931891666666675, "index_select": 84.93896420833333, "t": 0.0, "addmm": 119.70580060416665, "view": 0.0, "expand": 0.0, "contiguous": 0.0, "bmm": 208.40756706250002, "_unsafe_view": 0.0, "squeeze_": 0.0, "sub": 0.7877404166666667, "exp": 0.5518022083333335, "scatter_add_": 43.616617604166656, "add": 3.1604140833333347, "div": 1.6701341875000002, "leaky_relu": 4.3581364375, "mul": 11.717701395833336, "clamp_": 0.007889875000000001, "is_floating_point": 0.0, "true_divide_": 0.7663156250000002, "_fused_dropout": 0.03567127083333333, "_log_softmax": 0.012680895833333332, "nll_loss_forward": 0.06271158333333333, "zero_": 0.22086256250000003, "torch::autograd::GraphRoot": 0.0, "nll_loss_backward": 0.09499385416666668, "empty": 0.0, "_index_put_impl_": 15.327556062500001, "_log_softmax_backward_data": 0.005070333333333335, "mm": 45.409414500000004, "sum": 6.172601812499999, "add_": 0.11336935416666667, "gather": 4.308931645833331, "index_add_": 3.9675075624999994, "scatter_": 0.7452071666666664, "leaky_relu_backward": 3.1869084791666666, "neg": 0.5457475416666666, "AddBackward0": 0.0, "transpose": 0.0, "ExpandBackward": 0.0, "_masked_scale": 0.03274033333333334, "mul_": 0.08334418749999996, "addcmul_": 0.04013643750000001, "sqrt": 0.044569729166666655, "addcdiv_": 0.05067227083333333, "_local_scalar_dense": 0.0079033125, "dropout": 0.0, "max": 0.019678937500000007, "eq": 0.005569458333333333, "is_complex": 0.0}