{"select": 0.0, "ne": 0.0348024347826087, "slice": 0.0, "to": 0.0, "index": 1.4494638695652176, "unsqueeze": 0.0, "repeat": 0.017443391304347827, "cat": 3.6249664130434778, "index_select": 12.473333978260868, "t": 0.0, "addmm": 24.976677847826092, "view": 0.0, "expand": 0.0, "contiguous": 0.0, "bmm": 39.30823586956522, "_unsafe_view": 0.0, "squeeze_": 0.0, "sub": 0.17939480434782606, "exp": 0.1165604565217391, "scatter_add_": 6.758495891304348, "add": 0.9636769347826082, "div": 0.44219436956521757, "leaky_relu": 1.0162822173913044, "mul": 2.886563369565217, "clamp_": 0.006488630434782607, "is_floating_point": 0.0, "true_divide_": 0.7841358695652174, "_fused_dropout": 0.05133515217391303, "_log_softmax": 0.006908717391304349, "nll_loss_forward": 0.1591524782608696, "zero_": 0.3091037826086957, "torch::autograd::GraphRoot": 0.0, "nll_loss_backward": 0.20761763043478265, "empty": 0.0, "_index_put_impl_": 3.280922630434781, "_log_softmax_backward_data": 0.0028386956521739126, "mm": 7.838557804347826, "sum": 1.6969130652173916, "add_": 0.09136967391304346, "gather": 0.9607854782608694, "index_add_": 1.1343645434782612, "scatter_": 0.48214030434782607, "leaky_relu_backward": 0.7287088695652173, "neg": 0.11457521739130434, "AddBackward0": 0.0, "transpose": 0.0, "ExpandBackward": 0.0, "_masked_scale": 0.048202913043478256, "mul_": 0.06173767391304348, "addcmul_": 0.029720891304347824, "sqrt": 0.029618239130434782, "addcdiv_": 0.036148934782608715, "_local_scalar_dense": 0.007540782608695651, "dropout": 0.0, "max": 0.02514558695652174, "eq": 0.005665391304347825, "is_complex": 0.0}