{"select": 0.0, "ne": 0.27697427083333326, "slice": 0.0, "to": 0.0, "index": 6.868500854166668, "unsqueeze": 0.0, "repeat": 0.16771391666666666, "cat": 16.239319625000004, "index_select": 34.432945520833336, "t": 0.0, "addmm": 83.00571739583334, "view": 0.0, "expand": 0.0, "contiguous": 0.0, "bmm": 472.8177208125, "_unsafe_view": 0.0, "squeeze_": 0.0, "sub": 1.9713499791666667, "exp": 1.3077399374999998, "scatter_add_": 27.277730145833335, "add": 12.474592020833336, "div": 4.725572833333333, "leaky_relu": 12.313080104166666, "mul": 35.16011029166666, "clamp_": 0.028468729166666668, "is_floating_point": 0.0, "true_divide_": 2.185262875, "_fused_dropout": 0.8642854583333333, "_log_softmax": 0.2854430833333334, "nll_loss_forward": 2.7065373124999996, "zero_": 5.255698499999999, "torch::autograd::GraphRoot": 0.0, "nll_loss_backward": 2.5556798958333338, "empty": 0.0, "_index_put_impl_": 25.472019104166666, "_log_softmax_backward_data": 0.19424008333333334, "mm": 40.182031, "sum": 18.5198734375, "add_": 0.08861339583333333, "gather": 12.3728575, "index_add_": 16.496034187499998, "scatter_": 7.713884729166669, "leaky_relu_backward": 8.822259270833335, "neg": 1.3498007291666667, "AddBackward0": 0.0, "transpose": 0.0, "ExpandBackward": 0.0, "_masked_scale": 0.7928520625000001, "mul_": 0.05706218749999998, "addcmul_": 0.027126708333333336, "sqrt": 0.029360770833333327, "addcdiv_": 0.03624516666666667, "_local_scalar_dense": 0.007622458333333333, "dropout": 0.0, "max": 0.35031162499999996, "eq": 0.020589437499999995, "is_complex": 0.0}