{"select": 0.0, "ne": 0.14338022916666668, "slice": 0.0, "to": 0.0, "index": 4.519645812499999, "unsqueeze": 0.0, "repeat": 0.015884479166666663, "cat": 9.542701791666664, "index_select": 59.08027497916667, "t": 0.0, "addmm": 88.6929238958333, "view": 0.0, "expand": 0.0, "contiguous": 0.0, "bmm": 113.59276241666667, "_unsafe_view": 0.0, "squeeze_": 0.0, "sub": 0.8038663958333335, "exp": 0.5339356041666666, "scatter_add_": 34.799633958333345, "add": 0.5532666041666667, "div": 0.8080339791666669, "leaky_relu": 4.624631999999999, "mul": 5.140762333333333, "clamp_": 0.006541375000000001, "is_floating_point": 0.0, "true_divide_": 1.8014562291666663, "dropout": 0.0, "_log_softmax": 0.025460395833333333, "max": 0.09233564583333331, "eq": 0.007085416666666667, "sum": 0.2028394583333334, "is_complex": 0.0, "_local_scalar_dense": 0.006435583333333332}