{"select": 0.0, "ne": 0.27648402040816333, "slice": 0.0, "to": 0.0, "index": 7.0209950612244905, "unsqueeze": 0.0, "repeat": 0.03562526530612245, "cat": 18.25073326530612, "index_select": 118.75436806122448, "t": 0.0, "addmm": 174.79761716326536, "view": 0.0, "expand": 0.0, "contiguous": 0.0, "bmm": 407.52453397959175, "_unsafe_view": 0.0, "squeeze_": 0.0, "sub": 1.541694163265306, "exp": 1.0257201224489794, "scatter_add_": 66.7691312244898, "add": 7.1275658571428595, "div": 3.338173142857141, "leaky_relu": 8.880016510204081, "mul": 24.14138910204082, "clamp_": 0.013008755102040815, "is_floating_point": 0.0, "true_divide_": 3.467187530612245, "_fused_dropout": 0.23434640816326527, "_log_softmax": 0.04931206122448982, "nll_loss_forward": 0.5287596734693877, "zero_": 1.38581293877551, "torch::autograd::GraphRoot": 0.0, "nll_loss_backward": 0.45086059183673466, "empty": 0.0, "_index_put_impl_": 27.743041959183667, "_log_softmax_backward_data": 0.03790142857142858, "mm": 60.694254734693885, "sum": 12.914064918367343, "add_": 0.11495875510204084, "gather": 9.509049551020405, "index_add_": 10.805356530612242, "scatter_": 4.629890755102041, "leaky_relu_backward": 6.388716816326534, "neg": 1.0606746122448978, "AddBackward0": 0.0, "transpose": 0.0, "ExpandBackward": 0.0, "_masked_scale": 0.21322826530612246, "mul_": 0.08061018367346938, "addcmul_": 0.03959534693877551, "sqrt": 0.039757816326530616, "addcdiv_": 0.050863408163265296, "_local_scalar_dense": 0.007649285714285711, "dropout": 0.0, "max": 0.09070257142857145, "eq": 0.006870306122448978, "is_complex": 0.0}