{"select": 0.0, "ne": 0.08960843750000001, "slice": 0.0, "to": 0.0, "index": 1.9360440833333332, "unsqueeze": 0.0, "repeat": 0.021249395833333334, "cat": 2.0347801250000006, "index_select": 36.70283985416667, "t": 0.0, "addmm": 66.28716095833333, "view": 0.0, "expand": 0.0, "contiguous": 0.0, "bmm": 95.98226577083334, "_unsafe_view": 0.0, "squeeze_": 0.0, "sub": 0.3870355833333334, "exp": 0.2698550208333333, "scatter_add_": 20.347793729166668, "add": 1.5600664791666663, "div": 0.844398770833333, "leaky_relu": 2.1042899583333328, "mul": 5.7349257499999995, "clamp_": 0.006996916666666664, "is_floating_point": 0.0, "true_divide_": 0.4341895624999999, "_fused_dropout": 0.01187222916666667, "_log_softmax": 0.006744270833333333, "nll_loss_forward": 0.03971041666666666, "zero_": 0.12330570833333332, "torch::autograd::GraphRoot": 0.0, "nll_loss_backward": 0.08804179166666665, "empty": 0.0, "_index_put_impl_": 7.063593020833334, "_log_softmax_backward_data": 0.0028265208333333332, "mm": 20.622081041666657, "sum": 3.1407842083333333, "add_": 0.09205897916666665, "gather": 2.0599842708333336, "index_add_": 1.881717520833333, "scatter_": 0.43537829166666664, "leaky_relu_backward": 1.5358237083333341, "neg": 0.26845627083333334, "AddBackward0": 0.0, "transpose": 0.0, "ExpandBackward": 0.0, "_masked_scale": 0.0076099791666666685, "mul_": 0.06390558333333334, "addcmul_": 0.028597291666666653, "sqrt": 0.032026437500000005, "addcdiv_": 0.0378520625, "_local_scalar_dense": 0.007984458333333331, "dropout": 0.0, "max": 0.014234104166666666, "eq": 0.005858937499999999, "is_complex": 0.0}