{"select": 0.0, "ne": 0.08801510638297876, "slice": 0.0, "to": 0.0, "index": 2.459112659574468, "unsqueeze": 0.0, "repeat": 0.011188659574468084, "cat": 2.020576468085107, "index_select": 43.20316076595745, "t": 0.0, "addmm": 62.98423434042554, "view": 0.0, "expand": 0.0, "contiguous": 0.0, "bmm": 60.1036040212766, "_unsafe_view": 0.0, "squeeze_": 0.0, "sub": 0.41898180851063815, "exp": 0.2924485957446809, "scatter_add_": 23.169810425531914, "add": 0.2871675957446809, "div": 0.42451655319148934, "leaky_relu": 2.321450510638298, "mul": 2.5189972765957442, "clamp_": 0.004248191489361702, "is_floating_point": 0.0, "true_divide_": 0.40670297872340433, "dropout": 0.0, "_log_softmax": 0.006646659574468084, "max": 0.02041685106382979, "eq": 0.005805659574468085, "sum": 0.1343363829787234, "is_complex": 0.0, "_local_scalar_dense": 0.006685276595744681}