{"select": 0.0, "ne": 0.1476829583333333, "slice": 0.0, "to": 0.0, "index": 5.640208083333335, "unsqueeze": 0.0, "repeat": 0.08725527083333336, "cat": 8.480473875, "index_select": 17.824246187499995, "t": 0.0, "addmm": 43.269591104166665, "view": 0.0, "expand": 0.0, "contiguous": 0.0, "bmm": 120.96931937500001, "_unsafe_view": 0.0, "squeeze_": 0.0, "sub": 1.028644541666667, "exp": 0.6821522083333331, "scatter_add_": 14.212720083333332, "add": 0.7098249791666666, "div": 1.032710708333333, "leaky_relu": 6.429882895833334, "mul": 7.627960520833334, "clamp_": 0.014546041666666669, "is_floating_point": 0.0, "true_divide_": 1.1330067916666666, "dropout": 0.0, "_log_softmax": 0.14850370833333335, "max": 0.3530477916666667, "eq": 0.021505937500000006, "sum": 0.24263083333333327, "is_complex": 0.0, "_local_scalar_dense": 0.006564895833333333}