{"select": 0.0, "ne": 0.04657372916666667, "slice": 0.0, "to": 0.0, "index": 1.9850055416666665, "unsqueeze": 0.0, "repeat": 0.011336437499999998, "cat": 1.0624074166666664, "index_select": 19.433498979166668, "t": 0.0, "addmm": 34.5301855625, "view": 0.0, "expand": 0.0, "contiguous": 0.0, "bmm": 26.524768125000005, "_unsafe_view": 0.0, "squeeze_": 0.0, "sub": 0.2013922916666667, "exp": 0.1411538125, "scatter_add_": 10.669399770833337, "add": 0.1364108958333333, "div": 0.2067784375, "leaky_relu": 1.095861458333334, "mul": 1.2054125, "clamp_": 0.00384775, "is_floating_point": 0.0, "true_divide_": 0.22729443749999997, "dropout": 0.0, "_log_softmax": 0.003509645833333334, "max": 0.014849291666666672, "eq": 0.006138770833333331, "sum": 0.12584327083333335, "is_complex": 0.0, "_local_scalar_dense": 0.006979312500000002}