{"select": 0.0, "ne": 0.02101814634146341, "slice": 0.0, "to": 0.0, "index": 1.0852849024390245, "unsqueeze": 0.0, "repeat": 0.011042853658536585, "cat": 2.2191989512195125, "index_select": 7.730802951219514, "t": 0.0, "addmm": 15.357335243902442, "view": 0.0, "expand": 0.0, "contiguous": 0.0, "bmm": 12.066723999999999, "_unsafe_view": 0.0, "squeeze_": 0.0, "sub": 0.1101089512195122, "exp": 0.07313743902439025, "scatter_add_": 4.176395853658538, "add": 0.06993168292682929, "div": 0.11150197560975608, "leaky_relu": 0.619728731707317, "mul": 0.720464804878049, "clamp_": 0.004080853658536587, "is_floating_point": 0.0, "true_divide_": 0.4886186829268292, "dropout": 0.0, "_log_softmax": 0.00414870731707317, "max": 0.0319120487804878, "eq": 0.006969585365853659, "sum": 0.1584114634146341, "is_complex": 0.0, "_local_scalar_dense": 0.007800487804878047}