,amazon-photo,pubmed,amazon-computers,coauthor-physics,flickr,com-amazon
0,25.899098603645854,22.82368747466462,25.110484756251484,13.50780423121204,21.49203925069588,20.931644584877578
1,22.578000312695817,14.807038360751847,25.574397231908456,13.431163207916935,23.995750600763003,24.083207235824663
2,13.769710569289863,11.206685579047488,15.03310730806114,8.876404050587153,15.889143773063992,17.167187759111584
3,4.149487207396255,12.513310838890247,3.9503562542841397,46.31734321220274,8.137566658900173,3.0226417182731673
4,10.851514274839667,9.322766156270758,11.413922874104939,6.471251205623138,12.232735621672855,13.134094040269098
5,22.752189032132534,29.326511590375034,18.917731575389837,11.396034092457995,18.252764094904094,21.6612246616439
