{"_fused_dropout": 2.3937291304347825, "t": 0.0, "mm": 6.1051556739130435, "select": 0.0, "ne": 0.26767671739130433, "slice": 0.0, "to": 0.0, "index": 3.965458782608695, "unsqueeze": 0.0, "repeat": 0.03220082608695652, "cat": 0.6046260869565218, "index_select": 9.146117152173911, "view": 0.0, "mul": 29.9939557826087, "sum": 16.316808847826085, "add": 6.469070434782607, "leaky_relu": 0.5980144565217392, "sub": 0.8721387826086956, "exp": 0.5799729999999998, "expand": 0.0, "scatter_add_": 6.978794, "div": 1.7759589130434787, "elu": 0.38425458695652165, "mean": 0.06114641304347827, "_log_softmax": 0.05573339130434784, "nll_loss_forward": 0.560913652173913, "zero_": 0.2865203260869565, "torch::autograd::GraphRoot": 0.0, "nll_loss_backward": 0.44044350000000004, "empty": 0.0, "_index_put_impl_": 24.45663767391305, "_log_softmax_backward_data": 0.03652952173913044, "AddBackward0": 0.0, "add_": 0.03639810869565217, "gather": 3.646115739130434, "_masked_scale": 0.5350872826086958, "neg": 0.6016988043478259, "scatter_": 0.3959851956521739, "leaky_relu_backward": 0.4391957173913044, "index_add_": 5.646395130434782, "elu_backward": 0.28015991304347826, "mul_": 0.023555478260869567, "addcmul_": 0.012011586956521738, "sqrt": 0.013180717391304343, "addcdiv_": 0.015143717391304348, "is_floating_point": 0.0, "_local_scalar_dense": 0.007581913043478259, "dropout": 0.0, "max": 0.09376793478260871, "eq": 0.0070755869565217394, "is_complex": 0.0}