{"_fused_dropout": 0.3184627317073171, "t": 0.0, "mm": 0.8125746097560975, "select": 0.0, "ne": 0.08688441463414633, "slice": 0.0, "to": 0.0, "index": 1.9683814390243901, "unsqueeze": 0.0, "repeat": 0.018167439024390247, "cat": 0.2628150975609757, "index_select": 1.844691268292683, "view": 0.0, "mul": 7.63976475609756, "sum": 4.125196243902439, "add": 1.4632599268292685, "leaky_relu": 0.14135270731707317, "sub": 0.20401678048780492, "exp": 0.14134641463414635, "expand": 0.0, "scatter_add_": 1.2376398780487805, "div": 0.45425339024390254, "elu": 0.013391853658536587, "mean": 0.012491292682926829, "_log_softmax": 0.004950097560975609, "nll_loss_forward": 0.032545560975609754, "zero_": 0.030170853658536594, "torch::autograd::GraphRoot": 0.0, "nll_loss_backward": 0.08148404878048783, "empty": 0.0, "_index_put_impl_": 6.8342422926829265, "_log_softmax_backward_data": 0.0023006829268292692, "AddBackward0": 0.0, "add_": 0.033737634146341455, "gather": 0.7393538536585367, "_masked_scale": 0.08234097560975609, "neg": 0.14103753658536586, "scatter_": 0.026289048780487802, "leaky_relu_backward": 0.10696678048780486, "index_add_": 0.8633229512195123, "elu_backward": 0.01806512195121951, "mul_": 0.022583804878048785, "addcmul_": 0.010932878048780488, "sqrt": 0.012051658536585368, "addcdiv_": 0.014234804878048778, "is_floating_point": 0.0, "_local_scalar_dense": 0.007233804878048779, "dropout": 0.0, "max": 0.010634756097560975, "eq": 0.004706731707317072, "is_complex": 0.0}