{"dropout": 0.0, "t": 0.0, "mm": 14.695536295454541, "select": 0.0, "ne": 0.08537611363636363, "slice": 0.0, "to": 0.0, "index": 1.725899090909091, "unsqueeze": 0.0, "repeat": 0.014683909090909088, "cat": 0.21408529545454547, "index_select": 2.8162996590909093, "view": 0.0, "mul": 4.261430659090909, "sum": 4.2857472727272725, "add": 0.5221694545454545, "leaky_relu": 0.16959031818181816, "sub": 0.25960320454545455, "exp": 0.182157, "expand": 0.0, "scatter_add_": 2.053194340909091, "div": 0.261518590909091, "elu": 0.08459511363636363, "mean": 0.015033500000000003, "_log_softmax": 0.009478454545454547, "max": 0.055644999999999986, "eq": 0.007810409090909093, "is_floating_point": 0.0, "is_complex": 0.0, "_local_scalar_dense": 0.008080772727272728}