{"dropout": 0.0, "t": 0.0, "mm": 0.6883889791666666, "select": 0.0, "ne": 0.021268062500000004, "slice": 0.0, "to": 0.0, "index": 1.0703067708333334, "unsqueeze": 0.0, "repeat": 0.014179416666666667, "cat": 0.059933937499999985, "index_select": 0.6165082083333332, "view": 0.0, "mul": 0.8145727500000001, "sum": 1.2555889583333333, "add": 0.13564202083333335, "leaky_relu": 0.03288824999999999, "sub": 0.05140058333333333, "exp": 0.04611568750000001, "expand": 0.0, "scatter_add_": 0.5128690208333332, "div": 0.054520312499999994, "elu": 0.04564912499999999, "mean": 0.010944458333333336, "_log_softmax": 0.005292250000000001, "max": 0.0472495625, "eq": 0.009461958333333334, "is_floating_point": 0.0, "is_complex": 0.0, "_local_scalar_dense": 0.008473416666666664}