{"_fused_dropout": 12.472255872340428, "t": 0.0, "mm": 31.602953702127667, "select": 0.0, "ne": 0.14952565957446806, "slice": 0.0, "to": 0.0, "index": 2.4710561702127656, "unsqueeze": 0.0, "repeat": 0.02449136170212766, "cat": 0.3733822765957447, "index_select": 4.737447468085106, "view": 0.0, "mul": 15.596853936170216, "sum": 9.632618191489362, "add": 3.272035574468086, "leaky_relu": 0.29756963829787236, "sub": 0.4600757659574469, "exp": 0.30983468085106386, "expand": 0.0, "scatter_add_": 3.408644170212766, "div": 0.952049361702128, "elu": 0.14934865957446808, "mean": 0.024952893617021278, "_log_softmax": 0.015522914893617021, "nll_loss_forward": 0.17010510638297865, "zero_": 0.11675276595744681, "torch::autograd::GraphRoot": 0.0, "nll_loss_backward": 0.20804882978723405, "empty": 0.0, "_index_put_impl_": 10.763837872340424, "_log_softmax_backward_data": 0.008673957446808512, "AddBackward0": 0.0, "add_": 0.07040185106382979, "gather": 1.9909778085106378, "_masked_scale": 0.24949974468085107, "neg": 0.3093670638297873, "scatter_": 0.13746738297872343, "leaky_relu_backward": 0.22788287234042554, "index_add_": 2.5325508723404253, "elu_backward": 0.10939859574468082, "mul_": 0.056872914893617024, "addcmul_": 0.02501246808510637, "sqrt": 0.019893425531914897, "addcdiv_": 0.04567117021276596, "is_floating_point": 0.0, "_local_scalar_dense": 0.008116361702127659, "dropout": 0.0, "max": 0.04550393617021277, "eq": 0.00638036170212766, "is_complex": 0.0}