{"dropout": 0.0, "t": 0.0, "mm": 1.361617113636363, "select": 0.0, "ne": 0.15757899999999997, "slice": 0.0, "to": 0.0, "index": 3.3745595909090906, "unsqueeze": 0.0, "repeat": 0.09463997727272727, "cat": 0.42791336363636356, "index_select": 7.733346795454545, "view": 0.0, "mul": 10.848823704545456, "sum": 9.42913125, "add": 1.990917068181818, "leaky_relu": 0.4306063636363637, "sub": 0.6249456818181819, "exp": 0.42823799999999984, "expand": 0.0, "scatter_add_": 5.916548795454546, "div": 0.6314468636363637, "elu": 0.8130956818181818, "mean": 0.16486579545454544, "_log_softmax": 0.16832431818181826, "max": 0.4195009545454546, "eq": 0.02361538636363636, "is_floating_point": 0.0, "is_complex": 0.0, "_local_scalar_dense": 0.007539000000000001}