{"dropout": 0.0, "t": 0.0, "mm": 2.7809239090909093, "select": 0.0, "ne": 0.15199406818181818, "slice": 0.0, "to": 0.0, "index": 2.5632466818181814, "unsqueeze": 0.0, "repeat": 0.019184340909090908, "cat": 0.3455843409090909, "index_select": 5.429940136363636, "view": 0.0, "mul": 8.200283863636365, "sum": 7.344668045454548, "add": 1.0607186590909088, "leaky_relu": 0.33824613636363626, "sub": 0.4936586136363637, "exp": 0.34359475000000006, "expand": 0.0, "scatter_add_": 4.180402863636364, "div": 0.4984007954545454, "elu": 0.21648500000000004, "mean": 0.03764018181818181, "_log_softmax": 0.03264059090909091, "max": 0.11983700000000003, "eq": 0.008907681818181818, "is_floating_point": 0.0, "is_complex": 0.0, "_local_scalar_dense": 0.007542545454545455}