{"dropout": 0.0, "t": 0.0, "mm": 0.5981162200000003, "select": 0.0, "ne": 0.08374525999999997, "slice": 0.0, "to": 0.0, "index": 1.3777339, "unsqueeze": 0.0, "repeat": 0.011588720000000004, "cat": 0.17331478, "index_select": 2.2761353000000004, "view": 0.0, "mul": 3.8721727400000003, "sum": 3.801932600000001, "add": 0.39436066, "leaky_relu": 0.14260843999999995, "sub": 0.21688376, "exp": 0.15920972, "expand": 0.0, "scatter_add_": 1.7281612000000002, "div": 0.21993624000000003, "elu": 0.029429539999999994, "mean": 0.011176580000000002, "_log_softmax": 0.00710394, "max": 0.02392044, "eq": 0.00651648, "is_floating_point": 0.0, "is_complex": 0.0, "_local_scalar_dense": 0.006770700000000001}