{"_fused_dropout": 0.49060269999999995, "t": 0.0, "mm": 1.6930898799999996, "select": 0.0, "ne": 0.03724146000000001, "slice": 0.0, "to": 0.0, "index": 1.9452067999999998, "unsqueeze": 0.0, "repeat": 0.02001102, "cat": 0.15603054, "index_select": 1.0120112799999996, "view": 0.0, "mul": 3.1818982599999983, "sum": 2.50296092, "add": 0.7586650800000001, "leaky_relu": 0.06094860000000001, "sub": 0.09617626000000001, "exp": 0.07223571999999999, "expand": 0.0, "scatter_add_": 0.7502112999999998, "div": 0.22321874, "elu": 0.0874953, "mean": 0.017031999999999995, "_log_softmax": 0.007395799999999999, "nll_loss_forward": 0.19693844000000002, "zero_": 0.07381323999999999, "torch::autograd::GraphRoot": 0.0, "nll_loss_backward": 0.24829952000000002, "empty": 0.0, "_index_put_impl_": 4.448508639999999, "_log_softmax_backward_data": 0.0034671999999999993, "AddBackward0": 0.0, "add_": 0.04723921999999997, "gather": 0.4337708399999999, "_masked_scale": 0.07844828, "neg": 0.06285320000000001, "scatter_": 0.028654760000000005, "leaky_relu_backward": 0.048853039999999986, "index_add_": 0.5209589200000001, "elu_backward": 0.06430314, "mul_": 0.03107044, "addcmul_": 0.016179579999999992, "sqrt": 0.017702179999999994, "addcdiv_": 0.019954020000000003, "is_floating_point": 0.0, "_local_scalar_dense": 0.008886020000000003, "dropout": 0.0, "max": 0.03149678, "eq": 0.0068940799999999995, "is_complex": 0.0}