{"_fused_dropout": 0.6437872173913043, "t": 0.0, "mm": 1.566002717391305, "select": 0.0, "ne": 0.1661404999999999, "slice": 0.0, "to": 0.0, "index": 2.251162304347826, "unsqueeze": 0.0, "repeat": 0.01927058695652174, "cat": 0.3541252173913043, "index_select": 4.0812494782608715, "view": 0.0, "mul": 15.976684173913041, "sum": 8.518318108695652, "add": 3.091342152173913, "leaky_relu": 0.28532258695652174, "sub": 0.4371156956521739, "exp": 0.28773819565217396, "expand": 0.0, "scatter_add_": 2.767240282608696, "div": 0.9053129130434783, "elu": 0.0586832391304348, "mean": 0.01858608695652174, "_log_softmax": 0.011059847826086957, "nll_loss_forward": 0.059344021739130434, "zero_": 0.04662082608695652, "torch::autograd::GraphRoot": 0.0, "nll_loss_backward": 0.09141904347826088, "empty": 0.0, "_index_put_impl_": 14.23128119565218, "_log_softmax_backward_data": 0.004693021739130436, "AddBackward0": 0.0, "add_": 0.036132478260869565, "gather": 1.716488826086957, "_masked_scale": 0.1914139347826087, "neg": 0.2974312173913044, "scatter_": 0.06296965217391304, "leaky_relu_backward": 0.21811954347826085, "index_add_": 2.0126854565217394, "elu_backward": 0.04535919565217392, "mul_": 0.023723673913043482, "addcmul_": 0.01225404347826087, "sqrt": 0.01264128260869565, "addcdiv_": 0.015117152173913047, "is_floating_point": 0.0, "_local_scalar_dense": 0.0073349999999999995, "dropout": 0.0, "max": 0.01787802173913043, "eq": 0.005125804347826086, "is_complex": 0.0}