{"_fused_dropout": 1.753838468085106, "t": 0.0, "mm": 3.8561461489361695, "select": 0.0, "ne": 0.2765982127659574, "slice": 0.0, "to": 0.0, "index": 5.23953974468085, "unsqueeze": 0.0, "repeat": 0.16788917021276598, "cat": 0.7816431489361703, "index_select": 13.333183659574468, "view": 0.0, "mul": 39.66179195744681, "sum": 22.41542617021276, "add": 10.372130085106383, "leaky_relu": 0.7603253404255318, "sub": 1.1011804893617023, "exp": 0.7366497872340423, "expand": 0.0, "scatter_add_": 10.166810425531914, "div": 2.347107978723405, "elu": 1.4335658510638303, "mean": 0.28217580851063834, "_log_softmax": 0.2941318936170212, "nll_loss_forward": 2.7430859148936166, "zero_": 1.1805365957446812, "torch::autograd::GraphRoot": 0.0, "nll_loss_backward": 2.5618572340425536, "empty": 0.0, "_index_put_impl_": 23.0449580212766, "_log_softmax_backward_data": 0.1942894680851063, "AddBackward0": 0.0, "add_": 0.03682785106382978, "gather": 4.7954657872340425, "_masked_scale": 1.2157905531914894, "neg": 0.7659664042553189, "scatter_": 0.7666839574468086, "leaky_relu_backward": 0.5583198936170213, "index_add_": 8.81007755319149, "elu_backward": 1.0456234680851064, "mul_": 0.02357302127659575, "addcmul_": 0.011772085106382977, "sqrt": 0.013218765957446811, "addcdiv_": 0.015731574468085104, "is_floating_point": 0.0, "_local_scalar_dense": 0.007707148936170214, "dropout": 0.0, "max": 0.35600723404255313, "eq": 0.02055495744680852, "is_complex": 0.0}