{"dropout": 0.0, "t": 0.0, "mm": 0.33812602, "select": 0.0, "ne": 0.04466977999999999, "slice": 0.0, "to": 0.0, "index": 1.0814987, "unsqueeze": 0.0, "repeat": 0.012665820000000001, "cat": 0.10554106000000002, "index_select": 1.1220416400000004, "view": 0.0, "mul": 1.8397958600000002, "sum": 2.110419600000002, "add": 0.19013941999999998, "leaky_relu": 0.07030333999999998, "sub": 0.10175897999999998, "exp": 0.08258709999999998, "expand": 0.0, "scatter_add_": 0.8842488600000001, "div": 0.11116872000000001, "elu": 0.009399459999999998, "mean": 0.009254260000000004, "_log_softmax": 0.00367392, "max": 0.0168041, "eq": 0.00714418, "is_floating_point": 0.0, "is_complex": 0.0, "_local_scalar_dense": 0.007380999999999999}