,amazon-photo,pubmed,amazon-computers,coauthor-physics,flickr,com-amazon
0,10.858168853179539,27.32767025300724,11.32110540814117,68.26062339170525,17.719094249099033,7.516151046417348
1,20.731414949578063,9.138431599059656,24.424930052042434,7.814448575339157,21.100288184762714,18.578147417342564
2,16.00322846894832,8.562373010070923,17.518705758716134,6.304901666857076,17.97863213528735,16.884351404462155
3,12.646261232260215,6.717107833774505,13.580238963097317,4.795943136132013,11.946778378545087,11.394450904994454
4,9.569163597957045,4.992557623041863,10.651179759347428,3.7895368297627536,9.185464607535474,7.841034227895257
5,30.191762898076817,43.26185968104581,22.503840058655513,9.034546400203752,22.06974244477034,37.78586499888822
