{"mm": 2.2784819183673473, "select": 0.0, "index_select": 0.5600480612244899, "view": 0.0, "mul": 0.7619292448979591, "unsqueeze": 0.0, "expand": 0.0, "scatter_add_": 0.7138995714285716, "add": 0.12043816326530611, "relu": 0.08495675510204079, "_fused_dropout": 0.05197891836734695, "_log_softmax": 0.009014081632653064, "to": 0.0, "index": 1.0237588163265305, "nll_loss_forward": 0.24217383673469378, "zero_": 0.03505846938775511, "torch::autograd::GraphRoot": 0.0, "nll_loss_backward": 0.2899434693877551, "empty": 0.0, "_index_put_impl_": 0.9484725102040813, "_log_softmax_backward_data": 0.004267367346938776, "AddBackward0": 0.0, "sum": 0.2779131632653061, "add_": 0.02961877551020408, "gather": 0.41626132653061226, "index_add_": 0.2558834693877551, "t": 0.0, "_masked_scale": 0.04941248979591838, "threshold_backward": 0.06371975510204081, "mul_": 0.019798918367346936, "addcmul_": 0.010008448979591841, "sqrt": 0.01082340816326531, "div": 0.009029142857142855, "addcdiv_": 0.013108877551020408, "is_floating_point": 0.0, "_local_scalar_dense": 0.00958148979591837, "dropout": 0.0, "max": 0.0395595918367347, "eq": 0.008496857142857145, "is_complex": 0.0}