{"mm": 0.39159241999999994, "select": 0.0, "index_select": 0.6866753000000003, "view": 0.0, "mul": 0.63247922, "unsqueeze": 0.0, "expand": 0.0, "scatter_add_": 0.9929769599999997, "add": 0.028746720000000003, "relu": 0.009775059999999997, "dropout": 0.0, "_log_softmax": 0.005531620000000002, "to": 0.0, "index": 0.62374486, "max": 0.02544852000000001, "eq": 0.01010646, "sum": 0.14789944, "is_floating_point": 0.0, "is_complex": 0.0, "_local_scalar_dense": 0.008353080000000002}