{"mm": 0.9633711632653057, "select": 0.0, "index_select": 1.122016387755102, "view": 0.0, "mul": 1.8393568571428565, "unsqueeze": 0.0, "expand": 0.0, "scatter_add_": 1.4198571632653059, "add": 0.05331038775510203, "relu": 0.014687999999999993, "_fused_dropout": 0.012364530612244894, "_log_softmax": 0.007677224489795917, "to": 0.0, "index": 0.8237326734693882, "nll_loss_forward": 0.05010155102040816, "zero_": 0.01750422448979592, "torch::autograd::GraphRoot": 0.0, "nll_loss_backward": 0.10041002040816327, "empty": 0.0, "_index_put_impl_": 0.776901632653061, "_log_softmax_backward_data": 0.0034975714285714263, "AddBackward0": 0.0, "sum": 0.19651846938775513, "add_": 0.02585675510204082, "gather": 0.849006530612245, "index_add_": 0.4809824693877552, "t": 0.0, "_masked_scale": 0.010290632653061226, "threshold_backward": 0.018064836734693872, "mul_": 0.0173959387755102, "addcmul_": 0.008426224489795922, "sqrt": 0.009872224489795918, "div": 0.007725081632653063, "addcdiv_": 0.010839734693877548, "is_floating_point": 0.0, "_local_scalar_dense": 0.008669367346938777, "dropout": 0.0, "max": 0.016879224489795917, "eq": 0.007000142857142855, "is_complex": 0.0}