{"mm": 2.8128954200000003, "select": 0.0, "index_select": 2.2929136400000005, "view": 0.0, "mul": 2.38183738, "unsqueeze": 0.0, "expand": 0.0, "scatter_add_": 3.3130864599999996, "add": 0.21977574, "relu": 0.18978676000000003, "dropout": 0.0, "_log_softmax": 0.029611359999999993, "to": 0.0, "index": 0.6426956399999999, "max": 0.12521664000000002, "eq": 0.0089674, "sum": 0.21915498000000003, "is_floating_point": 0.0, "is_complex": 0.0, "_local_scalar_dense": 0.00724028}