{"mm": 0.9012519600000001, "select": 0.0, "index_select": 1.2954282999999998, "view": 0.0, "mul": 1.3015601400000003, "unsqueeze": 0.0, "expand": 0.0, "scatter_add_": 1.8399000800000003, "add": 0.045240499999999996, "relu": 0.028357020000000004, "dropout": 0.0, "_log_softmax": 0.01009706, "to": 0.0, "index": 0.6276244999999998, "max": 0.03421777999999999, "eq": 0.008597899999999999, "sum": 0.153408, "is_floating_point": 0.0, "is_complex": 0.0, "_local_scalar_dense": 0.007718399999999997}