{"mm": 14.402873295454544, "select": 0.0, "index_select": 1.3172335681818184, "view": 0.0, "mul": 1.4102273181818181, "unsqueeze": 0.0, "expand": 0.0, "scatter_add_": 1.7625280454545456, "add": 0.0980798181818182, "relu": 0.08401047727272727, "dropout": 0.0, "_log_softmax": 0.009846340909090907, "to": 0.0, "index": 0.7214465681818183, "max": 0.05728284090909093, "eq": 0.008248136363636362, "sum": 0.20496379545454546, "is_floating_point": 0.0, "is_complex": 0.0, "_local_scalar_dense": 0.008276568181818184}