{"mm": 5.991438761904762, "select": 0.0, "index_select": 4.03961907142857, "view": 0.0, "mul": 7.1347374047619025, "unsqueeze": 0.0, "expand": 0.0, "scatter_add_": 6.079197499999999, "add": 0.4392839047619048, "relu": 0.3834481428571429, "_fused_dropout": 0.23216745238095238, "_log_softmax": 0.056062547619047616, "to": 0.0, "index": 0.8575795714285713, "nll_loss_forward": 0.5545026666666669, "zero_": 0.12067983333333332, "torch::autograd::GraphRoot": 0.0, "nll_loss_backward": 0.46142545238095245, "empty": 0.0, "_index_put_impl_": 1.090697619047619, "_log_softmax_backward_data": 0.03737704761904763, "AddBackward0": 0.0, "sum": 0.3573169761904761, "add_": 0.021197452380952376, "gather": 3.1059233571428564, "index_add_": 2.201487214285714, "t": 0.0, "_masked_scale": 0.21520907142857135, "threshold_backward": 0.2796564523809523, "mul_": 0.01368769047619048, "addcmul_": 0.0065995476190476195, "sqrt": 0.007607547619047619, "div": 0.005998642857142857, "addcdiv_": 0.009687357142857145, "is_floating_point": 0.0, "_local_scalar_dense": 0.007678619047619047, "dropout": 0.0, "max": 0.09597671428571429, "eq": 0.007215904761904762, "is_complex": 0.0}