{"mm": 1.3484768799999998, "select": 0.0, "index_select": 3.2223942999999995, "view": 0.0, "mul": 3.161866660000001, "unsqueeze": 0.0, "expand": 0.0, "scatter_add_": 4.5491093000000005, "add": 0.8359861199999998, "relu": 0.71314242, "dropout": 0.0, "_log_softmax": 0.15858068000000003, "to": 0.0, "index": 0.9563712599999996, "max": 0.4233514400000001, "eq": 0.021784719999999997, "sum": 0.23890997999999994, "is_floating_point": 0.0, "is_complex": 0.0, "_local_scalar_dense": 0.006984920000000001}