{"mm": 3.8439729090909096, "select": 0.0, "index_select": 5.827445500000001, "view": 0.0, "mul": 9.501391727272729, "unsqueeze": 0.0, "expand": 0.0, "scatter_add_": 8.635136386363637, "add": 1.678162431818182, "relu": 1.4417725227272726, "_fused_dropout": 0.8717339999999999, "_log_softmax": 0.293621409090909, "to": 0.0, "index": 1.2602782500000003, "nll_loss_forward": 2.646631431818182, "zero_": 0.485140818181818, "torch::autograd::GraphRoot": 0.0, "nll_loss_backward": 2.4579425909090915, "empty": 0.0, "_index_put_impl_": 1.480171772727273, "_log_softmax_backward_data": 0.1943784318181818, "AddBackward0": 0.0, "sum": 0.6679661818181818, "add_": 0.01943822727272727, "gather": 4.010127386363638, "index_add_": 3.583904931818181, "t": 0.0, "_masked_scale": 0.8024896590909091, "threshold_backward": 1.0449297727272728, "mul_": 0.011784295454545457, "addcmul_": 0.005850250000000001, "sqrt": 0.006752977272727273, "div": 0.005520204545454544, "addcdiv_": 0.007965022727272729, "is_floating_point": 0.0, "_local_scalar_dense": 0.007428386363636364, "dropout": 0.0, "max": 0.33062838636363634, "eq": 0.020271545454545455, "is_complex": 0.0}