{"mm": 1.171079422222222, "select": 0.0, "index_select": 0.3514644000000001, "view": 0.0, "mul": 0.29407815555555555, "unsqueeze": 0.0, "expand": 0.0, "scatter_add_": 0.48553364444444463, "add": 0.06597668888888888, "relu": 0.04720500000000001, "dropout": 0.0, "_log_softmax": 0.006321155555555557, "to": 0.0, "index": 0.7594842888888889, "max": 0.05881428888888889, "eq": 0.011801222222222225, "sum": 0.2053485333333333, "is_floating_point": 0.0, "is_complex": 0.0, "_local_scalar_dense": 0.009284222222222221}