{"mm": 32.378721340909095, "select": 0.0, "index_select": 2.274906068181819, "view": 0.0, "mul": 3.706702931818182, "unsqueeze": 0.0, "expand": 0.0, "scatter_add_": 2.9906649545454544, "add": 0.19595554545454544, "relu": 0.1469551590909091, "_fused_dropout": 0.0902541590909091, "_log_softmax": 0.016702363636363633, "to": 0.0, "index": 0.7408078181818183, "nll_loss_forward": 0.18483606818181808, "zero_": 0.05367499999999999, "torch::autograd::GraphRoot": 0.0, "nll_loss_backward": 0.23223388636363637, "empty": 0.0, "_index_put_impl_": 0.9286233409090908, "_log_softmax_backward_data": 0.010455727272727271, "AddBackward0": 0.0, "sum": 0.27097199999999994, "add_": 0.0552160909090909, "gather": 1.7975276363636363, "index_add_": 0.9719799772727271, "t": 0.0, "_masked_scale": 0.08430125000000002, "threshold_backward": 0.10890699999999996, "mul_": 0.04444025, "addcmul_": 0.019356909090909088, "sqrt": 0.014913454545454546, "div": 0.012132522727272728, "addcdiv_": 0.040115545454545445, "is_floating_point": 0.0, "_local_scalar_dense": 0.008557659090909091, "dropout": 0.0, "max": 0.04732513636363636, "eq": 0.006726863636363637, "is_complex": 0.0}