{"mm": 6.371460000000002, "select": 0.0, "index_select": 3.9085183478260874, "unsqueeze": 0.0, "expand": 0.0, "scatter_add_": 5.619381804347825, "t": 0.0, "_thnn_fused_gru_cell": 2.727674173913044, "_log_softmax": 0.028857760869565225, "to": 0.0, "index": 0.7211618913043479, "max": 0.12643969565217383, "eq": 0.009281130434782608, "sum": 0.2349119130434781, "is_floating_point": 0.0, "is_complex": 0.0, "_local_scalar_dense": 0.007768934782608698}