{"mm": 1.4544623999999997, "select": 0.0, "index_select": 2.0279210599999997, "unsqueeze": 0.0, "expand": 0.0, "scatter_add_": 2.77417484, "t": 0.0, "_thnn_fused_gru_cell": 0.39617762000000006, "_log_softmax": 0.008907380000000003, "to": 0.0, "index": 0.5914465200000002, "max": 0.029237100000000002, "eq": 0.00775222, "sum": 0.1408863, "is_floating_point": 0.0, "is_complex": 0.0, "_local_scalar_dense": 0.007707979999999999}