{"mm": 0.8379618200000003, "select": 0.0, "index_select": 1.1008538999999997, "unsqueeze": 0.0, "expand": 0.0, "scatter_add_": 1.5282746999999999, "t": 0.0, "_thnn_fused_gru_cell": 0.22698858000000002, "_log_softmax": 0.004932720000000002, "to": 0.0, "index": 0.6171356799999999, "max": 0.022843519999999996, "eq": 0.009101859999999996, "sum": 0.14091278, "is_floating_point": 0.0, "is_complex": 0.0, "_local_scalar_dense": 0.00842782}