{"mm": 18.586391377777776, "select": 0.0, "index_select": 6.947883822222222, "unsqueeze": 0.0, "expand": 0.0, "scatter_add_": 9.968514133333334, "t": 0.0, "_thnn_fused_gru_cell": 5.036438511111113, "_log_softmax": 0.052254533333333325, "to": 0.0, "index": 0.8600265555555555, "nll_loss_forward": 0.6207078444444445, "zero_": 0.2188698444444445, "torch::autograd::GraphRoot": 0.0, "nll_loss_backward": 0.5253068444444444, "empty": 0.0, "_index_put_impl_": 1.0775317333333334, "_log_softmax_backward_data": 0.03775004444444444, "add_": 0.03921084444444445, "_thnn_fused_gru_cell_backward": 3.7352709111111104, "add": 1.139637511111111, "gather": 5.523164977777778, "index_add_": 3.371475244444445, "mul_": 0.026270377777777774, "addcmul_": 0.013085355555555556, "sqrt": 0.01353624444444444, "div": 0.011649888888888888, "addcdiv_": 0.0174412, "is_floating_point": 0.0, "_local_scalar_dense": 0.008322888888888887, "max": 0.11105879999999999, "eq": 0.008240377777777776, "sum": 0.20663279999999998, "is_complex": 0.0}