,amazon-photo,pubmed,amazon-computers,coauthor-physics,flickr,com-amazon
0,18.6320007257117,45.371945074607055,19.552712128609613,68.60617624249552,32.25164791022614,39.967922521554634
1,33.981041426788174,13.217258281735381,37.29394588746443,13.072591381820812,28.44470865813445,15.176345518592571
2,24.47738091898094,10.048178925761457,27.26186438764238,9.619331537870057,19.784501135492608,11.684054764826662
3,5.047069313120097,12.838966707615203,5.325917641912017,4.74560385239511,13.80719443751674,27.72581983979722
4,13.721952675150018,13.464826512410717,7.950967687461674,2.8383270569131636,3.6504442317177848,2.868654258813686
5,4.140554940249075,5.058824497870177,2.614592266909895,1.117969928505346,2.061503626912284,2.577203096415218
