{"mm": 16.02968852272727, "select": 0.0, "index_select": 2.2475365454545453, "unsqueeze": 0.0, "expand": 0.0, "scatter_add_": 3.054383431818182, "t": 0.0, "_thnn_fused_gru_cell": 1.108800340909091, "_log_softmax": 0.010883431818181818, "to": 0.0, "index": 0.6631691363636366, "max": 0.057378863636363645, "eq": 0.008122977272727273, "sum": 0.17661947727272725, "is_floating_point": 0.0, "is_complex": 0.0, "_local_scalar_dense": 0.008206568181818183}