{"mm": 15.008442444444444, "select": 0.0, "index_select": 4.387505088888889, "unsqueeze": 0.0, "expand": 0.0, "scatter_add_": 5.698902866666667, "t": 0.0, "_thnn_fused_gru_cell": 10.411383555555556, "_log_softmax": 0.17000755555555552, "to": 0.0, "index": 1.0772146666666669, "max": 0.49839639999999996, "eq": 0.024398733333333332, "sum": 0.26680782222222227, "is_floating_point": 0.0, "is_complex": 0.0, "_local_scalar_dense": 0.008160688888888889}