{"mm": 4.276670152173912, "select": 0.0, "index_select": 3.283891978260869, "unsqueeze": 0.0, "expand": 0.0, "scatter_add_": 4.041022652173913, "t": 0.0, "_thnn_fused_gru_cell": 0.799440956521739, "_log_softmax": 0.012299869565217393, "to": 0.0, "index": 0.7903976956521742, "nll_loss_forward": 0.0621118043478261, "zero_": 0.04567769565217391, "torch::autograd::GraphRoot": 0.0, "nll_loss_backward": 0.10960932608695653, "empty": 0.0, "_index_put_impl_": 0.813668608695652, "_log_softmax_backward_data": 0.00491371739130435, "add_": 0.03409202173913044, "_thnn_fused_gru_cell_backward": 0.6344997826086957, "add": 0.1975983043478261, "gather": 2.5206209347826083, "index_add_": 1.4096977391304348, "mul_": 0.023386391304347828, "addcmul_": 0.010712108695652171, "sqrt": 0.012811413043478265, "div": 0.01015217391304348, "addcdiv_": 0.015821869565217382, "is_floating_point": 0.0, "_local_scalar_dense": 0.007539086956521742, "max": 0.019260826086956517, "eq": 0.005495869565217391, "sum": 0.13697047826086958, "is_complex": 0.0}