{"mm": 1.9831184000000004, "select": 0.0, "index_select": 0.43918611999999996, "unsqueeze": 0.0, "expand": 0.0, "scatter_add_": 0.57770034, "t": 0.0, "_thnn_fused_gru_cell": 0.5611659599999999, "_log_softmax": 0.0052813999999999995, "to": 0.0, "index": 0.58852106, "max": 0.04453219999999998, "eq": 0.009268420000000003, "sum": 0.15415606, "is_floating_point": 0.0, "is_complex": 0.0, "_local_scalar_dense": 0.00787318}