{"mm": 50.20252712499999, "select": 0.0, "index_select": 8.013742375000001, "unsqueeze": 0.0, "expand": 0.0, "scatter_add_": 10.16539304166667, "t": 0.0, "_thnn_fused_gru_cell": 18.6787978125, "_log_softmax": 0.3038739583333332, "to": 0.0, "index": 1.3472850625000001, "nll_loss_forward": 3.2019739583333346, "zero_": 0.8057502291666667, "torch::autograd::GraphRoot": 0.0, "nll_loss_backward": 2.9932591875, "empty": 0.0, "_index_put_impl_": 1.5229294999999998, "_log_softmax_backward_data": 0.19350156249999997, "add_": 0.04085141666666666, "_thnn_fused_gru_cell_backward": 13.822558291666668, "add": 4.159041750000001, "gather": 5.599138145833332, "index_add_": 3.765588166666665, "mul_": 0.026931395833333333, "addcmul_": 0.014102083333333335, "sqrt": 0.015365166666666671, "div": 0.012483020833333332, "addcdiv_": 0.01918277083333333, "is_floating_point": 0.0, "_local_scalar_dense": 0.009054645833333335, "max": 0.4568426458333333, "eq": 0.022454020833333338, "sum": 0.24319572916666662, "is_complex": 0.0}