{"mm": 38.332550787234055, "select": 0.0, "index_select": 3.9032156808510647, "unsqueeze": 0.0, "expand": 0.0, "scatter_add_": 5.147203212765958, "t": 0.0, "_thnn_fused_gru_cell": 1.9474801702127666, "_log_softmax": 0.018706021276595746, "to": 0.0, "index": 0.7580231702127658, "nll_loss_forward": 0.18548751063829785, "zero_": 0.09828751063829788, "torch::autograd::GraphRoot": 0.0, "nll_loss_backward": 0.22957614893617026, "empty": 0.0, "_index_put_impl_": 0.9105942553191491, "_log_softmax_backward_data": 0.008380489361702128, "add_": 0.07112397872340424, "_thnn_fused_gru_cell_backward": 1.4961927021276598, "add": 0.48046785106382967, "gather": 3.084691723404257, "index_add_": 1.5439247446808508, "mul_": 0.05712504255319149, "addcmul_": 0.024388617021276596, "sqrt": 0.01964685106382979, "div": 0.016705212765957447, "addcdiv_": 0.04678165957446809, "is_floating_point": 0.0, "_local_scalar_dense": 0.00868576595744681, "max": 0.04850682978723404, "eq": 0.006912000000000002, "sum": 0.14848546808510635, "is_complex": 0.0}