{"select": 0.0, "ne": 0.08829397826086959, "slice": 0.0, "to": 0.0, "index": 2.231683565217392, "unsqueeze": 0.0, "repeat": 0.023904630434782612, "cat": 8.649579913043478, "index_select": 39.1154187826087, "mm": 87.77336373913043, "view": 0.0, "mul": 13.227609543478264, "sum": 9.492715652173914, "sub": 0.37348832608695653, "exp": 0.28258139130434773, "expand": 0.0, "scatter_add_": 21.296958695652172, "add": 1.5818679130434787, "div": 0.8160404130434784, "clamp_": 0.00818145652173913, "is_floating_point": 0.0, "true_divide_": 0.44951189130434793, "leaky_relu": 0.015499673913043478, "_fused_dropout": 0.012398956521739135, "_log_softmax": 0.007640326086956525, "nll_loss_forward": 0.06385563043478261, "zero_": 0.13266367391304348, "torch::autograd::GraphRoot": 0.0, "nll_loss_backward": 0.11877802173913046, "empty": 0.0, "_index_put_impl_": 7.974982782608695, "_log_softmax_backward_data": 0.0033033043478260865, "t": 0.0, "add_": 0.08267091304347826, "gather": 2.3249906956521746, "index_add_": 1.9612779130434776, "scatter_": 0.40381995652173924, "AddBackward0": 0.0, "neg": 0.257788152173913, "clone": 2.93305002173913, "_unsafe_view": 0.0, "_masked_scale": 0.008680217391304347, "leaky_relu_backward": 0.017978956521739132, "mul_": 0.05459265217391305, "addcmul_": 0.025593326086956514, "sqrt": 0.028076565217391315, "addcdiv_": 0.03476734782608696, "_local_scalar_dense": 0.008755891304347825, "dropout": 0.0, "max": 0.016447891304347827, "eq": 0.00705545652173913, "is_complex": 0.0}