{"select": 0.0, "ne": 0.16798819148936167, "slice": 0.0, "to": 0.0, "index": 3.0819407021276595, "unsqueeze": 0.0, "repeat": 0.02485127659574468, "cat": 17.979540808510638, "index_select": 90.93873529787233, "mm": 200.37162487234045, "view": 0.0, "mul": 27.171760297872343, "sum": 19.08185144680851, "sub": 0.7706871702127658, "exp": 0.5741959361702128, "expand": 0.0, "scatter_add_": 44.800429829787234, "add": 3.2444083191489375, "div": 1.629017319148936, "clamp_": 0.008616063829787237, "is_floating_point": 0.0, "true_divide_": 0.7753206595744682, "leaky_relu": 0.047063659574468085, "_fused_dropout": 0.03490465957446809, "_log_softmax": 0.014325829787234042, "nll_loss_forward": 0.09998546808510637, "zero_": 0.21769344680851066, "torch::autograd::GraphRoot": 0.0, "nll_loss_backward": 0.15150208510638297, "empty": 0.0, "_index_put_impl_": 16.339701787234038, "_log_softmax_backward_data": 0.006191829787234042, "t": 0.0, "add_": 0.10310287234042555, "gather": 4.655793531914893, "index_add_": 4.050352808510638, "scatter_": 0.6666981914893618, "AddBackward0": 0.0, "neg": 0.531212255319149, "clone": 6.138735297872341, "_unsafe_view": 0.0, "_masked_scale": 0.03268808510638298, "leaky_relu_backward": 0.043424851063829775, "mul_": 0.0765208936170213, "addcmul_": 0.03840625531914893, "sqrt": 0.039678702127659574, "addcdiv_": 0.05027259574468085, "_local_scalar_dense": 0.008422106382978724, "dropout": 0.0, "max": 0.02182055319148935, "eq": 0.006037978723404255, "is_complex": 0.0}