{"select": 0.0, "ne": 0.2772241818181818, "slice": 0.0, "to": 0.0, "index": 7.038136545454545, "unsqueeze": 0.0, "repeat": 0.16362731818181817, "cat": 52.369910159090914, "index_select": 35.83151161363636, "mm": 81.79749645454548, "view": 0.0, "mul": 73.76579472727275, "sum": 45.75424018181819, "sub": 1.9221160454545454, "exp": 1.3167731363636364, "expand": 0.0, "scatter_add_": 27.594161931818178, "add": 15.184072954545455, "div": 4.633233409090909, "clamp_": 0.032368636363636356, "is_floating_point": 0.0, "true_divide_": 2.1840215, "leaky_relu": 1.4088266818181818, "_fused_dropout": 0.8520299545454543, "_log_softmax": 0.2867491136363637, "nll_loss_forward": 4.0120766136363635, "zero_": 5.240924136363635, "torch::autograd::GraphRoot": 0.0, "nll_loss_backward": 3.7112654772727267, "empty": 0.0, "_index_put_impl_": 24.654222795454544, "_log_softmax_backward_data": 0.19499824999999993, "t": 0.0, "add_": 0.07134868181818182, "gather": 12.501211113636366, "index_add_": 16.436816477272718, "scatter_": 8.03301509090909, "AddBackward0": 0.0, "neg": 1.3270273863636364, "clone": 15.14730279545455, "_unsafe_view": 0.0, "_masked_scale": 0.7785414090909093, "leaky_relu_backward": 1.016373522727273, "mul_": 0.04414313636363634, "addcmul_": 0.020902499999999994, "sqrt": 0.023476681818181813, "addcdiv_": 0.028002250000000006, "_local_scalar_dense": 0.008171772727272727, "dropout": 0.0, "max": 0.38302670454545457, "eq": 0.02325768181818181, "is_complex": 0.0}