{"select": 0.0, "ne": 0.2770663421052632, "slice": 0.0, "to": 0.0, "index": 5.740662052631578, "unsqueeze": 0.0, "repeat": 0.03568955263157895, "cat": 47.0284835, "index_select": 123.17097442105265, "mm": 285.0824395526315, "view": 0.0, "mul": 54.410814526315804, "sum": 38.502692499999995, "sub": 1.5007768947368418, "exp": 1.1044391315789477, "expand": 0.0, "scatter_add_": 67.72805302631578, "add": 7.764062552631579, "div": 3.2592645526315795, "clamp_": 0.014559605263157898, "is_floating_point": 0.0, "true_divide_": 3.4968618421052624, "leaky_relu": 0.3678662105263158, "_fused_dropout": 0.22533689473684218, "_log_softmax": 0.05071278947368421, "nll_loss_forward": 0.5988017105263158, "zero_": 1.3753244999999996, "torch::autograd::GraphRoot": 0.0, "nll_loss_backward": 0.5005329210526316, "empty": 0.0, "_index_put_impl_": 27.882725500000003, "_log_softmax_backward_data": 0.037204157894736835, "t": 0.0, "add_": 0.09801386842105264, "gather": 10.24621768421053, "index_add_": 11.106877868421053, "scatter_": 4.422276289473685, "AddBackward0": 0.0, "neg": 1.037491131578947, "clone": 12.009435447368418, "_unsafe_view": 0.0, "_masked_scale": 0.20949426315789477, "leaky_relu_backward": 0.27444563157894736, "mul_": 0.06705223684210526, "addcmul_": 0.031205605263157896, "sqrt": 0.034523131578947375, "addcdiv_": 0.04342542105263158, "_local_scalar_dense": 0.008424526315789473, "dropout": 0.0, "max": 0.10688539473684211, "eq": 0.00804392105263158, "is_complex": 0.0}