{"select": 0.0, "ne": 0.03487406382978725, "slice": 0.0, "to": 0.0, "index": 1.6650727659574462, "unsqueeze": 0.0, "repeat": 0.018408425531914893, "cat": 6.330252468085107, "index_select": 12.792406106382982, "mm": 29.415694957446807, "view": 0.0, "mul": 6.215113744680852, "sum": 3.952000978723404, "sub": 0.16838231914893617, "exp": 0.12278776595744686, "expand": 0.0, "scatter_add_": 6.833460106382981, "add": 1.1370159148936172, "div": 0.42049223404255326, "clamp_": 0.006981425531914895, "is_floating_point": 0.0, "true_divide_": 0.8025086595744677, "leaky_relu": 0.07679859574468084, "_fused_dropout": 0.04982908510638297, "_log_softmax": 0.007626723404255317, "nll_loss_forward": 0.17222187234042546, "zero_": 0.30286995744680856, "torch::autograd::GraphRoot": 0.0, "nll_loss_backward": 0.21460919148936172, "empty": 0.0, "_index_put_impl_": 3.2609734893617026, "_log_softmax_backward_data": 0.00306695744680851, "t": 0.0, "add_": 0.07442040425531914, "gather": 1.0194856808510642, "index_add_": 1.1486180638297872, "scatter_": 0.4851545957446809, "AddBackward0": 0.0, "neg": 0.1121675106382979, "clone": 1.3098590212765957, "_unsafe_view": 0.0, "_masked_scale": 0.046856, "leaky_relu_backward": 0.061438617021276586, "mul_": 0.04855712765957445, "addcmul_": 0.02171902127659574, "sqrt": 0.02299246808510639, "addcdiv_": 0.028715723404255312, "_local_scalar_dense": 0.007984999999999999, "dropout": 0.0, "max": 0.02780459574468085, "eq": 0.006138063829787234, "is_complex": 0.0}