,amazon-photo,pubmed,amazon-computers,flickr,com-amazon
0,0.09027229166666666,0.16433191304347827,0.1640228333333333,0.7523823673469389,0.4880922083333334
1,3.9963461041666664,1.4688330217391306,8.663854395833333,13.120382204081633,8.455601604166667
2,0.0442165625,0.06048552173913044,0.0354386875,0.1444940612244898,0.5410993125
3,1.7598255,0.8511427826086957,3.53119325,7.182504836734693,9.673922312499998
