,amazon-photo,pubmed,amazon-computers,coauthor-physics,flickr,com-amazon
0,0.01833275609756098,0.028114519999999997,0.028710369565217393,0.6694754255319149,0.1250743695652174,0.06020553191489362
1,0.5702424390243902,0.24899838000000002,0.9746715652173912,1.0376034468085107,2.0420619565217395,2.5611628510638296
2,0.011288682926829269,0.008646240000000001,0.005871456521739131,0.006771787234042553,0.014628195652173912,0.04730870212765957
3,0.27737834146341467,0.21621102,0.28645141304347826,0.2149731489361702,0.48332997826086954,0.6618678085106383
