,amazon-photo,pubmed,amazon-computers,coauthor-physics,flickr,com-amazon
0,0.0067117,0.021886,0.010578879999999999,0.27911772727272727,0.04087946,0.01215824
1,0.04131528,0.022936222222222222,0.06267394,0.08302656818181818,0.13944194,0.19452364
2,0.0006085800000000001,0.001512377777777778,0.00056762,0.001685659090909091,0.00304612,0.01054942
3,0.00595144,0.0018224222222222222,0.01025762,0.007130272727272727,0.01624298,0.03942872
