,amazon-photo,pubmed,amazon-computers,coauthor-physics,flickr,com-amazon
0,0.03369858,0.049300399999999994,0.04606117391304348,0.10857074468085107,0.2387342222222222,0.8554844999999999
1,0.05224028000000001,0.02451548,0.11940804347826087,0.14818780851063829,0.2869587333333333,0.3091354583333334
2,0.03130334,0.05079080000000001,0.053855847826086954,0.11256014893617021,0.24388931111111115,0.8552804375000002
3,0.04873022,0.023626619999999997,0.11914584782608696,0.150343914893617,0.29190119999999997,0.31079799999999996
