,amazon-photo,pubmed,amazon-computers,coauthor-physics,flickr,com-amazon
0,0.00637574,0.012851940000000001,0.008572,0.025086431818181817,0.059417152173913045,0.2318827777777778
1,0.024614060000000004,0.0084146,0.036760799999999996,0.05200177272727273,0.09339108695652173,0.10654453333333333
2,0.00652166,0.01295052,0.008688499999999998,0.025439113636363638,0.05944291304347826,0.23082186666666665
3,0.024697900000000002,0.008426099999999999,0.03677616,0.05214940909090909,0.09334867391304347,0.10610584444444444
