,amazon-photo,pubmed,amazon-computers,com-amazon
0,46.33337939583327,16.11350568750001,105.33845889583331,79.62390923404261
1,121.17639354166668,41.847578854166684,236.1402349374998,253.345122468085
2,38.12708797916667,14.462094333333331,80.13870279166674,111.11602676595734
3,0.0,0.0,0.0,0.0
