,loss,memory,diff_memory
0,3.699159860610962,426861056,426105856
1,3.6984331607818604,481977344,471876096
2,3.6799967288970947,371336192,361160192
3,3.648632287979126,362082304,352165888
4,3.641957998275757,443636736,433728512
5,3.6408255100250244,510136832,500007936
6,3.525373935699463,415719424,405462016
7,3.584826707839966,302930944,292923904
8,3.3269968032836914,349385216,339611648
9,3.492645502090454,392599552,382788096
10,3.5866098403930664,403134464,393119232
11,3.680804967880249,481668096,471664128
12,3.5615856647491455,360858624,350624256
13,3.515453815460205,449960448,440051712
14,3.4814062118530273,448683008,438572544
15,3.5335471630096436,347653632,337527296
16,3.5004303455352783,463736320,453842432
17,3.5393624305725098,304748544,294626304
18,3.319070816040039,376183808,366462464
19,3.4796926975250244,426735104,416907776
20,3.52286958694458,416479232,406376448
21,3.6203830242156982,407813632,397716992
22,3.344189405441284,426804736,416836096
23,3.431833505630493,383123968,373026816
24,3.4532666206359863,277492224,267489280
25,3.275578737258911,438693888,429025280
26,3.538864850997925,482137600,472075264
27,3.4739363193511963,302849024,292691456
28,3.549006223678589,362942464,353153536
29,3.4642605781555176,421208576,411214848
30,3.353046178817749,410832896,400755200
31,3.4498190879821777,386566144,376514048
32,3.4328250885009766,327901696,318001664
33,3.33742356300354,328221696,318381568
34,3.224186658859253,298610176,288783360
35,3.033755302429199,376332800,366600704
36,3.3733057975769043,407786496,397791232
37,3.3784451484680176,407831552,397873152
38,3.1296935081481934,332391424,322371584
39,3.4735612869262695,409901056,400032768
