,loss,memory,diff_memory
0,3.8156025409698486,2683207680,2682909696
1,3.9982388019561768,2584730112,2155715584
2,3.7606310844421387,2584062464,2582870528
3,3.5320606231689453,2646692352,2223645184
4,3.4506022930145264,2635839488,2634647552
5,3.4842560291290283,2611017216,2183996416
6,3.390537977218628,2616195584,2615003648
7,3.4108011722564697,2622770688,2197762560
8,3.367434024810791,2666142208,2664950272
9,3.3860294818878174,2602056704,2174046720
10,3.33046555519104,2751473152,2750281216
11,3.227012872695923,2496990208,2063752192
12,3.2807388305664062,2616825344,2615633408
13,3.18210506439209,2653957120,2228990464
14,3.1502139568328857,2610444800,2609252864
15,3.0661821365356445,2669238272,2244357120
16,2.9986021518707275,2626615296,2625423360
17,2.9641339778900146,2624669696,2198977536
18,2.8949639797210693,2626818048,2625626112
19,2.893761396408081,2608678400,2183066112
20,2.8859987258911133,2589709312,2588517376
21,2.8055264949798584,2664482816,2241047040
22,2.764902114868164,2608315392,2607123456
23,2.7279632091522217,2632211968,2207359488
24,2.7180874347686768,2677752832,2676560896
25,2.6316936016082764,2582431232,2153266688
26,2.629979372024536,2605850624,2604658688
27,2.5371696949005127,2655429632,2230664704
28,2.522233247756958,2657365504,2656173568
29,2.5616564750671387,2593541120,2166118912
30,2.509068250656128,2594329088,2593137152
31,2.456726312637329,2646401536,2222752256
32,2.552023410797119,2616679936,2615488000
33,2.383924961090088,2626973184,2201928192
34,2.4091482162475586,2610579456,2609387520
35,2.375792980194092,2645270016,2220418048
36,2.343113899230957,2603999744,2602807808
37,2.413926124572754,2664311808,2239334400
38,2.2766947746276855,2559347712,2558155776
39,2.351454734802246,2700186624,2278448640
