,loss,memory,diff_memory
0,3.704169988632202,807628800,807460864
1,3.672692060470581,887319040,814747136
2,3.6341617107391357,906805760,833189376
3,3.5868687629699707,926180352,852405248
4,3.530338764190674,908747264,834593792
5,3.469255208969116,914758144,840914944
6,3.464296579360962,882086400,807208448
7,3.394941568374634,865297408,791875584
8,3.4833498001098633,947500032,874273280
9,3.4501793384552,822456320,748299264
10,3.3434503078460693,938066944,937395200
11,3.421023368835449,903426560,829007360
12,3.3434231281280518,838625792,764946432
13,3.464080333709717,883098624,810011648
14,3.485344648361206,969976320,896560640
15,3.3724710941314697,882642432,807829504
16,3.296372175216675,882556416,809075712
17,3.2917397022247314,817677824,744162304
18,3.3580985069274902,869380608,797111808
19,3.344672918319702,942685184,868812800
20,3.38964581489563,908234752,907563008
21,3.343712329864502,838575616,763823616
22,3.3228542804718018,909600768,836776448
23,3.3294384479522705,862355968,788006400
24,3.222782611846924,905167360,831952384
25,3.318345308303833,908655616,834902528
26,3.3234012126922607,853346816,779559424
27,3.1823325157165527,912325632,838950400
28,3.212315559387207,845104640,771779584
29,3.120511054992676,941993984,869041152
30,3.1570136547088623,861747200,861075456
31,3.1179990768432617,876910080,803729408
32,3.1708178520202637,884309504,810947584
33,3.130784034729004,874797568,800704000
34,3.2483232021331787,903587840,829572096
35,3.269934892654419,838111232,764422144
36,3.256835460662842,876294144,802677760
37,3.082740306854248,906181632,832773632
38,3.143528461456299,975205376,901085696
39,3.1332340240478516,861318656,786406912
