,loss,memory,diff_memory
0,3.7705094814300537,318177792,317879808
1,3.6677486896514893,332253696,257497600
2,3.7132821083068848,314231808,239721472
3,3.482741117477417,327316992,251268608
4,3.5847041606903076,336204800,261905408
5,3.595217704772949,303431680,227487744
6,3.42179274559021,317396992,243003392
7,3.4171900749206543,326069760,251326976
8,3.465672492980957,325754880,250986496
9,3.3250749111175537,312305152,238085632
10,3.3105170726776123,311845376,310653440
11,3.284836769104004,323121152,248727040
12,3.3252220153808594,319280640,245191680
13,3.2773330211639404,322401792,247758336
14,3.244932174682617,311431680,237499392
15,3.160890579223633,323052544,249343488
16,3.1810245513916016,320723456,246584320
17,2.9925270080566406,325553664,251072000
18,3.119249105453491,320266752,245970432
19,3.0305373668670654,311662080,237754880
20,2.9899826049804688,316549120,315357184
21,3.0740318298339844,321046016,246426624
22,2.906463146209717,325779968,251849216
23,2.9506070613861084,316993536,241920512
24,2.8723983764648438,317115392,242833408
25,2.9665303230285645,307048448,232892928
26,3.093209981918335,335311872,260748800
27,2.810100555419922,314595328,238944768
28,2.8197991847991943,317134336,243017216
29,2.83447265625,321374208,247440896
30,2.6935324668884277,313808384,312616448
31,2.9167187213897705,321281024,246738432
32,2.740605354309082,312386048,237837824
33,2.669682264328003,328651776,254645248
34,2.6694014072418213,318126080,243752448
35,2.7213406562805176,309033472,235459072
36,2.6985177993774414,327780352,254841344
37,2.61836838722229,328025088,253963264
38,2.686079740524292,312626688,238614528
39,2.6822328567504883,319241216,246373376
