,loss,memory,diff_memory
0,3.7007906436920166,9148468224,9148300288
1,3.6592748165130615,8950316032,8523774464
2,3.617184638977051,9113141248,9112469504
3,3.5678632259368896,9016748032,8590389760
4,3.5303218364715576,9032883200,9032211456
5,3.463989019393921,9042691584,8618305024
6,3.430309772491455,9003072000,9002400256
7,3.42262864112854,9019166208,8594904576
8,3.387909412384033,9251136512,9250464768
9,3.424060583114624,8800732672,8373031424
10,3.3925445079803467,8988287488,8987615744
11,3.37186598777771,9100284416,8675861504
12,3.3691160678863525,9121231872,9120560128
13,3.336756706237793,8910157312,8483664896
14,3.3370590209960938,8954657792,8953986048
15,3.3259878158569336,9090231296,8665682432
16,3.304218053817749,9234790400,9234118656
17,3.310697078704834,8704636928,8277042688
18,3.308373212814331,9028678144,9028006400
19,3.254819869995117,9024439296,8600122880
20,3.2480239868164062,9028204032,9027532288
21,3.261075019836426,9058426368,8633961984
22,3.220231771469116,9036384768,9035713024
23,3.214014768600464,9107435520,8683045888
24,3.195808172225952,9457396224,9456724480
25,3.1740002632141113,8691813888,8261212672
26,3.134979248046875,9186683904,9186012160
27,3.1718568801879883,8804375040,8377744896
28,3.1095173358917236,8957924352,8957252608
29,3.1154980659484863,9156386816,8732022272
30,3.1281261444091797,9035544576,9034872832
31,3.0365140438079834,8957929472,8533523456
32,3.032589912414551,8897753088,8897081344
33,3.066394090652466,9271377920,8848647168
34,3.0178158283233643,8658825728,8658153984
35,3.0213377475738525,9339580416,8919496192
36,3.0036706924438477,9092759552,9092087808
37,2.9684648513793945,8974406144,8549349376
38,2.997321605682373,8802112000,8801440256
39,2.935635805130005,9393501696,8971380736
