,loss,memory,diff_memory
0,3.702047348022461,3035364352,3035196416
1,3.6596720218658447,3186512384,2992784384
2,3.6124887466430664,3059328000,2863945728
3,3.577564001083374,3039787008,2846745088
4,3.523738384246826,3082559488,3081887744
5,3.5049662590026855,3150013952,2956430848
6,3.4286587238311768,3065700352,2871563264
7,3.4244260787963867,3048656896,2855484416
8,3.470440626144409,3004859392,3004187648
9,3.3925793170928955,3082380800,2889988096
10,3.4196319580078125,3088022016,2894345728
11,3.312976837158203,3068065792,2874501120
12,3.3078455924987793,3008027648,3007355904
13,3.3747341632843018,3124241920,2931841024
14,3.417490005493164,2989182976,2795366400
15,3.319230318069458,3112542720,2920779264
16,3.3158047199249268,3100578816,3099907072
17,3.2963690757751465,3139458560,2945783808
18,3.280291795730591,3062268928,2868147200
19,3.331153392791748,2952461312,2759493120
20,3.285094738006592,3004495360,3003823616
21,3.2421822547912598,3152683008,2960280064
22,3.25797700881958,3130246144,2935979008
23,3.2390823364257812,3068164096,2874017280
24,3.2389957904815674,2955072000,2954400256
25,3.213428020477295,3237691392,3045927424
26,3.220062732696533,3014017024,2818653184
27,3.119101047515869,3124645888,2932277760
28,3.129041910171509,3033910784,3033239040
29,3.1549570560455322,3103442432,2909727232
30,3.0949525833129883,3111623680,2917814784
31,3.173375368118286,3070352896,2876808704
32,3.000896692276001,3256215552,3255543808
33,3.155463695526123,3064532992,2868580352
34,3.1044139862060547,2915129344,2721910272
35,3.0839293003082275,2996286464,2805912576
36,3.062889337539673,3145748480,3145076736
37,3.057344913482666,2943360512,2749101056
38,3.0180110931396484,3111163904,2919746048
39,3.0147414207458496,3022474752,2828823040
