,loss,memory,diff_memory
0,3.7154581546783447,1326947840,1326781952
1,3.6919920444488525,1335053824,1141326336
2,3.672260284423828,1377375744,1184906752
3,3.6522746086120605,1360000512,1166424064
4,3.631565570831299,1318845952,1318182400
5,3.5889892578125,1356901888,1164356096
6,3.56974196434021,1399569920,1205956096
7,3.506336212158203,1329398784,1134753280
8,3.4677388668060303,1398432768,1397769216
9,3.4782259464263916,1309526528,1113764864
10,3.452744722366333,1338644480,1147066368
11,3.454554796218872,1399997952,1207300608
12,3.430985927581787,1348548096,1347884544
13,3.391860008239746,1352241664,1158451712
14,3.427382230758667,1423230976,1229601280
15,3.3412957191467285,1320186880,1125072896
16,3.3432071208953857,1387547648,1386884096
17,3.425781011581421,1351457280,1156866560
18,3.3936524391174316,1364390400,1171524608
19,3.2968027591705322,1312147968,1118808576
20,3.3276124000549316,1391893504,1391229952
21,3.297541379928589,1312146944,1117469184
22,3.3413662910461426,1374020608,1182296064
23,3.337400197982788,1325233152,1131561984
24,3.296743392944336,1317733888,1317070336
25,3.323603391647339,1352578048,1160201728
26,3.2762515544891357,1348948992,1155233792
27,3.244677782058716,1408045056,1214392832
28,3.3211662769317627,1366088704,1365425152
29,3.1996572017669678,1325181952,1131293184
30,3.1970603466033936,1300603904,1108509696
31,3.2343497276306152,1409235968,1217741824
32,3.2282161712646484,1322154496,1321490944
33,3.187181234359741,1388061696,1195361792
34,3.1703104972839355,1383058944,1189122048
35,3.1517090797424316,1322653184,1128980480
36,3.131200075149536,1331672576,1331009024
37,3.115217924118042,1356422656,1162692608
38,3.144275188446045,1329517056,1135915008
39,3.1374030113220215,1369006592,1176720896
