,loss,memory,diff_memory
0,3.704049587249756,186403328,186235392
1,3.678473711013794,198332928,176932352
2,3.62296199798584,195132928,172736000
3,3.6402688026428223,215363072,193672192
4,3.635244846343994,197966848,175382016
5,3.529099464416504,240813056,219017728
6,3.4893038272857666,215800832,193636864
7,3.4056613445281982,263041536,240603648
8,3.4578731060028076,208996352,186629632
9,3.756037473678589,220160512,198554624
10,3.399184465408325,230156800,207799808
11,3.2956926822662354,240445952,218506752
12,3.5771679878234863,225741824,203768832
13,3.5086867809295654,216106496,194335744
14,3.3603129386901855,214671360,192691200
15,3.3566231727600098,242625536,220064768
16,3.22483491897583,227022336,204921856
17,3.3606536388397217,260851200,239003648
18,3.421091079711914,218420224,196051456
19,3.2726552486419678,195819520,174099968
20,3.406322956085205,213612032,191702528
21,3.30061674118042,242058752,219641856
22,3.381474494934082,220613632,198500352
23,3.2766356468200684,194466816,172584960
24,3.1870532035827637,215674368,193885696
25,3.3059754371643066,216542720,194782208
26,3.2149951457977295,214409728,192336896
27,3.281841278076172,234873344,213216768
28,3.3427836894989014,233444864,211440640
29,3.38714861869812,207468032,185410560
30,3.3228209018707275,226290688,204709376
31,3.2587926387786865,200543232,178804736
32,3.2378525733947754,196691456,175174656
33,3.427809953689575,65571328,42997760
34,3.080800771713257,228143616,227471872
35,3.28049635887146,232949760,211065344
36,3.105994701385498,233863168,211833344
37,3.05265212059021,235826688,213584896
38,3.3742337226867676,212995072,190510080
39,3.313279390335083,221955072,199228416
