,loss,memory,diff_memory
0,3.7134006023406982,203904000,203738112
1,3.702583074569702,203829248,160442880
2,3.668956756591797,216143360,172546560
3,3.6562180519104004,212118016,168603648
4,3.624107599258423,203974144,160145920
5,3.6132140159606934,219947520,176789504
6,3.5563700199127197,212420096,167960064
7,3.5388035774230957,201233920,156711424
8,3.4853947162628174,220483584,177393664
9,3.48530912399292,221845504,178185728
10,3.4496898651123047,207933440,164120576
11,3.3899097442626953,200030208,156498944
12,3.4489448070526123,202608128,159181824
13,3.3687214851379395,198886912,155124224
14,3.3659889698028564,212937728,169193472
15,3.488008499145508,230253056,186232320
16,3.500412702560425,132056576,87872512
17,3.3448429107666016,199488512,198824960
18,3.386394500732422,217801728,174352896
19,3.4599900245666504,208275968,164261888
20,3.288823127746582,201666560,157510656
21,3.2341997623443604,212033024,168546816
22,3.437835693359375,226129408,181997056
23,3.3595211505889893,212886528,168795648
24,3.2690963745117188,208306176,164454912
25,3.315573215484619,203054080,158032896
26,3.4401280879974365,204727296,161192448
27,3.3095548152923584,222321664,178713600
28,3.2714226245880127,224416256,180593152
29,3.29227876663208,211624960,167565312
30,3.172368049621582,195672576,151030272
31,3.2645812034606934,217571840,173788160
32,3.4205093383789062,216767488,172553216
33,3.255704402923584,136522752,92969984
34,3.2062854766845703,202912768,202249216
35,3.18245267868042,211334656,167870976
36,3.1551895141601562,221339648,177520128
37,3.143045663833618,215944704,171831808
38,3.1725778579711914,211422720,167822848
39,3.194512367248535,186351616,142522368
