,loss,memory,diff_memory
0,3.7155697345733643,3944858112,3944692224
1,3.6946423053741455,4035798016,3611365888
2,3.6747705936431885,3973158912,3972495360
3,3.6468288898468018,4013919232,3589389312
4,3.6186232566833496,3960257024,3959593472
5,3.5984394550323486,4000780288,3576537600
6,3.559516668319702,3933909504,3933245952
7,3.528010368347168,4018462208,3595056128
8,3.502304792404175,4034098688,4033435136
9,3.459073781967163,3901377024,3474960384
10,3.4388480186462402,4004715008,4004051456
11,3.4381561279296875,3976174592,3549698048
12,3.427706241607666,3909189632,3908526080
13,3.3959414958953857,4061943808,3639337984
14,3.4106059074401855,3944012288,3943348736
15,3.3875088691711426,3981733888,3557478912
16,3.412630319595337,3990400000,3989736448
17,3.357630968093872,3949029888,3523959808
18,3.351660966873169,3999539200,3998875648
19,3.3850579261779785,3953459712,3528113152
20,3.375062942504883,3929583616,3928920064
21,3.3259761333465576,4040237056,3617015296
22,3.3035669326782227,3887886336,3887222784
23,3.3581840991973877,4131733504,3709473792
24,3.334296464920044,4069689856,4069026304
25,3.2953054904937744,3880292864,3452832768
26,3.2781269550323486,4091153408,4090489856
27,3.310715675354004,3894104064,3465568768
28,3.2964508533477783,3960210944,3959547392
29,3.2438395023345947,3948975616,3524599296
30,3.273618698120117,4082880512,4082216960
31,3.2154998779296875,3841497088,3412896768
32,3.2311511039733887,3856043008,3855379456
33,3.2037248611450195,4063459840,3642609152
34,3.2192928791046143,4064425984,4063762432
35,3.162490129470825,3866983424,3439751680
36,3.1707680225372314,3953551360,3952887808
37,3.158449172973633,3968708608,3544355328
38,3.1448614597320557,4065084416,4064420864
39,3.131213665008545,3852659712,3425434112
