,loss,memory,diff_memory
0,3.843698024749756,81818112,81520128
1,3.743468999862671,89545728,67438080
2,3.877161979675293,93863936,71306240
3,3.8198418617248535,88785920,65603072
4,3.4446067810058594,84507648,62182400
5,3.4977195262908936,87088640,64538112
6,3.6407644748687744,90290688,67940864
7,3.5083611011505127,79539712,56583168
8,3.2701659202575684,89641984,67844096
9,3.494255304336548,84396544,61848576
10,3.6333444118499756,86989824,64933888
11,3.2402727603912354,91759104,69078528
12,3.296398401260376,90231808,67750912
13,3.511648178100586,91358720,68139520
14,3.59615159034729,85121024,62484992
15,3.560948610305786,84143104,62020096
16,3.236816167831421,87170560,64138240
17,3.3043558597564697,85355008,62610944
18,3.4551756381988525,82551296,60444672
19,3.421964168548584,79828992,57955328
20,3.120720624923706,88997376,65869312
21,3.166884183883667,85035520,62747136
22,3.293365478515625,87610880,65550336
23,3.1525092124938965,89113600,65966080
24,3.182696580886841,90429952,67703296
25,3.3768060207366943,87669248,65061888
26,3.3516008853912354,85452288,62652416
27,3.3657472133636475,88526336,65844736
28,3.457223415374756,89379328,67159552
29,3.297729253768921,89325568,66601472
30,3.240349054336548,87866368,65568256
31,3.1727914810180664,84597760,61272064
32,3.2228081226348877,82616320,60015104
33,2.641129732131958,29451264,7351808
34,2.9910521507263184,87292928,86100992
35,3.352004051208496,85202432,62625280
36,3.0544111728668213,91715584,68654592
37,2.935875654220581,83303936,60434944
38,3.044992208480835,89649664,67736064
39,3.177839517593384,87828480,65404928
