,loss,memory,diff_memory
0,3.7019402980804443,5280369152,5279613952
1,3.6888303756713867,5549006848,5472635392
2,3.672262191772461,5330278400,5253671936
3,3.6416966915130615,4934917632,4858019840
4,3.5868563652038574,5227835392,5152534016
5,3.5372772216796875,5335977472,5259383296
6,3.4960806369781494,5085538304,5009387520
7,3.369611978530884,5425356288,5349962240
8,3.4819204807281494,5141145088,5065286656
9,3.5225865840911865,5219744768,5144788480
10,3.470067262649536,5548182528,5545161728
11,3.4035918712615967,5220860416,5144462336
12,3.4589757919311523,5233737216,5158119936
13,3.431135892868042,5037606400,4961436672
14,3.4010446071624756,5373940736,5298467840
15,3.426290988922119,4987508224,4910842368
16,3.3925185203552246,5491890176,5415741952
17,3.343385934829712,4818246144,4741989376
18,3.336819648742676,5419642368,5344793600
19,3.3362066745758057,5432035328,5355303936
20,3.4427490234375,5278111232,5275090432
21,3.2676637172698975,5184268800,5107781120
22,3.272920608520508,5360249856,5284666368
23,3.3001723289489746,5675473920,5598865920
24,3.212860107421875,5257766912,5180627968
25,3.2427115440368652,5489069056,5413463040
26,3.1744282245635986,4966258688,4889988608
27,3.3201980590820312,5178530304,5102852608
28,3.012795925140381,5126577664,5050469888
29,3.1260695457458496,5124692992,5048836608
30,2.9654624462127686,5493416448,5490395648
31,3.087149143218994,5240462336,5164229120
32,3.047477960586548,4931281920,4855523328
33,2.9861764907836914,5396043264,5320911872
34,2.9800288677215576,5116490752,5040376320
35,3.081789970397949,5234189312,5159010304
36,3.011831283569336,5469218816,5393515008
37,3.026102304458618,5354618368,5277225984
38,3.019327163696289,5624537088,5548147712
39,2.9958040714263916,5058004992,4981638656
