,loss,memory,diff_memory
0,3.710256814956665,99084800,98918912
1,3.697695732116699,89032192,67164672
2,3.679967164993286,86350848,64925696
3,3.6882076263427734,102058496,80619520
4,3.6404178142547607,97827328,75955712
5,3.6000845432281494,102096384,80363008
6,3.653822422027588,97703424,75748864
7,3.5158851146698,98536448,76854272
8,3.499861717224121,97708032,76024320
9,3.535430669784546,93368832,71641088
10,3.416724920272827,97839104,76036608
11,3.619612693786621,106331136,84688384
12,3.448888063430786,101457408,79508480
13,3.369041681289673,93330432,71460352
14,3.361177921295166,89833984,68261888
15,3.4219579696655273,93951488,72422912
16,3.27250337600708,99047936,77367808
17,3.420416831970215,102846464,81025024
18,3.416485548019409,97824256,75327488
19,3.377586603164673,106425856,84611584
20,3.4593565464019775,94152704,71656960
21,3.204591751098633,97723904,76226048
22,3.271287202835083,88972800,67206656
23,3.4094269275665283,98617344,77154304
24,3.5815722942352295,93265920,71459840
25,3.19331431388855,92703744,71135232
26,3.321479558944702,89451008,67738112
27,3.2468459606170654,92723200,70426112
28,3.378776788711548,98510336,76985344
29,3.2588751316070557,94118912,72314368
30,3.3631720542907715,97685504,75506176
31,3.397045135498047,105900544,84165120
32,3.371901750564575,91509760,68775936
33,3.37760853767395,35096064,13702144
34,3.2840473651885986,95347712,94684160
35,3.230201482772827,93093376,71474688
36,3.314148187637329,97686528,76121600
37,3.1929595470428467,97639936,75871744
38,3.3342273235321045,92989440,71098368
39,3.345057725906372,97153536,75644416
