,loss,memory,diff_memory
0,3.7102110385894775,71653888,71485952
1,3.691498041152954,51034112,43294720
2,3.68115496635437,51218432,43880448
3,3.7415146827697754,63400960,56062464
4,3.632964849472046,66164736,58566656
5,3.4947011470794678,58269184,50703872
6,3.636702537536621,68023808,60576768
7,3.5716142654418945,59111424,51507712
8,3.3880205154418945,60645376,53172736
9,3.6682560443878174,68440064,60948480
10,3.620408058166504,66501120,58897920
11,3.548506021499634,61476864,53889024
12,3.8215222358703613,55760896,48210944
13,3.522298812866211,58990080,51547648
14,3.446913480758667,71657984,64144384
15,3.5810093879699707,84586496,76910592
16,3.2345588207244873,73431552,65528320
17,3.5524113178253174,66722304,59018240
18,3.2955269813537598,68208640,60633088
19,3.5634312629699707,72872960,65294848
20,3.256351947784424,59663360,51908096
21,3.282336711883545,75356672,67842048
22,3.442209243774414,81408000,73637888
23,3.1298303604125977,92137472,84349440
24,3.3569488525390625,71428608,63516672
25,3.3530478477478027,71110144,63431680
26,3.407623052597046,59562496,51984384
27,3.55114483833313,66144256,58693120
28,3.7273976802825928,68348928,60807680
29,3.9231677055358887,72431616,64787456
30,3.3274805545806885,75905024,68258304
31,3.4927618503570557,68308992,60563456
32,3.2228403091430664,63642112,55989248
33,3.3084378242492676,81259008,73692160
34,3.2080976963043213,62907392,55112192
35,3.376188039779663,75830272,68337664
36,3.468245029449463,82989568,75226112
37,3.627239465713501,67639296,59829760
38,3.520237445831299,60491776,52866560
39,3.5690507888793945,71586816,64108032
