,loss,memory,diff_memory
0,3.7163245677948,379949056,379783168
1,3.6962475776672363,389687808,316317696
2,3.670478582382202,385474048,312045056
3,3.6558568477630615,398482944,325054464
4,3.6194934844970703,381332992,307752448
5,3.601125478744507,424755712,351506944
6,3.562997817993164,383922176,309432832
7,3.535017728805542,369908736,296714752
8,3.4879090785980225,386679808,313777152
9,3.540534019470215,420489728,347159552
10,3.4358975887298584,377358848,376695296
11,3.471956968307495,389668864,316448768
12,3.340822219848633,385344512,311903232
13,3.4553468227386475,398515712,325189120
14,3.364152669906616,382090240,308389376
15,3.4687693119049072,382836736,309679616
16,3.35456919670105,425412608,352208384
17,3.3209855556488037,369923584,295341568
18,3.260622262954712,381526016,308113920
19,3.4559645652770996,395012608,321844224
20,3.259404182434082,387578368,386914816
21,3.356611967086792,407188992,333600768
22,3.2286901473999023,394448896,320525824
23,3.3225269317626953,359194112,285596160
24,3.3234994411468506,396183040,323081728
25,3.3114967346191406,380983808,307497984
26,3.31679105758667,390239232,316488192
27,3.2620866298675537,398874112,325412352
28,3.2901835441589355,398480896,324289024
29,3.380708932876587,387127296,313448448
30,3.3066043853759766,380602880,379939328
31,3.2279419898986816,402784256,329356800
32,3.1960456371307373,373032448,299138048
33,3.2489731311798096,394599936,321098240
34,3.211291790008545,403069952,329502208
35,3.2025489807128906,412301824,338515456
36,3.237159013748169,402793472,328688640
37,3.1660594940185547,390520320,315901440
38,3.2078700065612793,378584576,305108480
39,3.069453239440918,385339392,311227392
