,loss,memory,diff_memory
0,3.7013731002807617,1337673216,1336918016
1,3.6847617626190186,1369572864,1345090048
2,3.668954372406006,1114833920,1089840128
3,3.645214319229126,1396345344,1372441088
4,3.6347389221191406,1324081664,1299612160
5,3.593900680541992,1240031232,1215670784
6,3.493152618408203,1285336064,1261179904
7,3.4763314723968506,1276940288,1252721664
8,3.5420541763305664,1296536064,1272034304
9,3.5680668354034424,1182417408,1158319104
10,3.4662671089172363,1212371456,1188216320
11,3.325544595718384,1064708096,1040758784
12,3.4104421138763428,1208570880,1184930304
13,3.449753761291504,1284270080,1260198400
14,3.2509889602661133,1208523264,1184294400
15,3.451716899871826,1263057408,1238532608
16,3.4937775135040283,1211352064,1187056128
17,3.3117940425872803,1305067008,1280567296
18,3.301987409591675,1199152640,1174845952
19,3.344447612762451,1370969088,1346210816
20,3.365987539291382,1113771008,1089216000
21,3.388977527618408,1153544192,1129705472
22,3.2702722549438477,1290707968,1266749440
23,3.351463794708252,1176526336,1152246272
24,3.2524545192718506,1282631168,1258676224
25,3.1673636436462402,1415824896,1391375360
26,2.9794342517852783,1204933632,1180297216
27,3.2432308197021484,1065602560,1041154560
28,3.152523994445801,1369285120,1345626624
29,3.1907083988189697,1258861568,1234035712
30,3.2005391120910645,1245792768,1221270528
31,3.3818509578704834,1246642176,1222572032
32,3.262552261352539,1163884544,1139926528
33,3.0461556911468506,450439680,426164224
34,3.1715142726898193,1222124032,1219103232
35,3.2568612098693848,1410681856,1386592256
36,3.103694438934326,1214124544,1189306368
37,3.3041484355926514,1252709888,1228576256
38,2.9705255031585693,1289516032,1265307136
39,3.156834602355957,1278072320,1253555712
