,loss,memory,diff_memory
0,3.7584385871887207,986431488,986133504
1,3.977647304534912,1037476864,843439616
2,3.7602086067199707,959411712,763082240
3,3.6104226112365723,1000649728,808991232
4,3.5233314037323,962535424,961343488
5,3.5666680335998535,994879488,802164736
6,3.4124882221221924,1006303232,812187648
7,3.5166704654693604,984340992,789859840
8,3.5068933963775635,987148800,985956864
9,3.3078277111053467,1009486848,815469568
10,3.461226224899292,978547712,784131584
11,3.3524060249328613,990709248,797326848
12,3.345571517944336,968805888,967613952
13,3.3057258129119873,997378560,804274176
14,3.278407096862793,991337472,796547584
15,3.281240940093994,975446528,781315072
16,3.2373695373535156,996152832,994960896
17,3.0877737998962402,998706688,804032512
18,3.167976140975952,989597184,795618816
19,3.1367533206939697,978807808,785222144
20,3.1092543601989746,1009019904,1007827968
21,3.0212063789367676,1041039360,844750336
22,2.971433639526367,963400704,767272448
23,2.9613378047943115,946511872,754836480
24,2.8889710903167725,962106880,960914944
25,2.930280923843384,1006057472,813334016
26,2.881359577178955,998427648,804172800
27,2.8249619007110596,996231680,802643456
28,2.834280252456665,983115264,981923328
29,2.750206232070923,983611904,789452800
30,2.7445061206817627,999168000,806168064
31,2.79040789604187,1005008896,810888192
32,2.712542772293091,983552000,982360064
33,2.728444814682007,986383872,792155648
34,2.6934638023376465,1010204672,816012800
35,2.7103302478790283,982205952,787778560
36,2.6678481101989746,1003198464,1002006528
37,2.6097328662872314,980262912,785015296
38,2.64223051071167,966580224,774257664
39,2.5843725204467773,1008175104,816601600
