,loss,memory,diff_memory
0,3.903118848800659,27180032,26882048
1,3.563899517059326,29146624,20943360
2,3.6767961978912354,26291200,18101248
3,3.4950881004333496,27639808,19698688
4,3.7305235862731934,30552064,22381568
5,3.9303908348083496,30677504,22387200
6,4.062548637390137,30477312,22192640
7,4.071031093597412,31185920,22898176
8,3.8379414081573486,29171712,20814336
9,3.470031499862671,26567168,18381312
10,3.5309176445007324,32760320,24795648
11,3.738544464111328,27949568,19499520
12,3.2922253608703613,30364672,22262272
13,3.5270931720733643,26734592,18464256
14,3.583995819091797,27530240,19501056
15,3.1398215293884277,27594752,19503104
16,3.615697145462036,28508672,20424192
17,3.4724502563476562,28534784,20399104
18,3.6730735301971436,30952960,22809088
19,3.716284990310669,27134976,18791424
20,3.4207000732421875,28984320,20936704
21,3.2440366744995117,27399168,19282432
22,3.6483335494995117,26308096,18264576
23,3.198127508163452,26367488,18418176
24,3.330331325531006,27777536,19776000
25,3.511103391647339,31019520,22930944
26,3.2866291999816895,29014528,20737536
27,3.2419261932373047,26365440,18145792
28,3.2664332389831543,31393280,23401472
29,3.2727930545806885,26707456,18392064
30,3.310230255126953,26336256,18308608
31,2.937224864959717,29278208,21334528
32,3.235074281692505,28079104,19847168
33,3.1289777755737305,27817984,19709440
34,3.240168809890747,30428672,22348800
35,2.862384557723999,31382528,23107584
36,3.026556968688965,29377024,21049344
37,2.996124029159546,28412928,20150784
38,2.889659881591797,32750592,24635392
39,3.1141467094421387,27443200,18992640
