,loss,memory,diff_memory
0,3.745293140411377,176427008,176129024
1,3.701420307159424,192896512,148760064
2,3.6795029640197754,179608576,134573568
3,3.6808717250823975,175764480,131109376
4,3.7087502479553223,183459328,139425280
5,3.3974087238311768,185095168,139426816
6,3.4820287227630615,187885568,143944704
7,3.6416258811950684,178098176,132564480
8,3.362262487411499,179096576,135119360
9,3.5890393257141113,168708608,124141568
10,3.268080949783325,177516032,133412352
11,3.5227270126342773,183951872,139555840
12,3.320246458053589,184251904,139267072
13,3.312253952026367,181281280,136741376
14,3.3329381942749023,186620416,141993472
15,3.230257272720337,178935296,134537216
16,3.213031768798828,112287232,67590144
17,3.2437915802001953,174870016,173678080
18,3.134580373764038,180530176,136506880
19,3.194135904312134,184634368,140381696
20,3.0252294540405273,180781568,136729088
21,3.4250760078430176,184217088,139244544
22,3.3076999187469482,174601216,130568704
23,3.1264493465423584,189360640,144304128
24,3.098276138305664,176068608,130741248
25,3.056469440460205,183508480,139860992
26,3.082712173461914,179228672,135105536
27,3.003209114074707,182569472,137614336
28,3.013498544692993,181133312,137191424
29,2.951225996017456,179125248,135159296
30,2.831047534942627,179010560,135147008
31,3.06946063041687,179289088,134658560
32,2.9698400497436523,177955840,132441600
33,2.8513150215148926,114847744,70720512
34,2.919799566268921,179544064,178352128
35,2.8418591022491455,180872192,136742912
36,2.9910144805908203,181236224,136979968
37,2.91874361038208,185094144,141219328
38,2.787607192993164,181241344,136725504
39,2.860753297805786,177266688,132941312
