,loss,memory,diff_memory
0,3.705353021621704,427576832,427408896
1,3.66760516166687,440617984,397970944
2,3.651956796646118,472284160,428739584
3,3.5772905349731445,532186112,488167936
4,3.628330707550049,457315840,412414464
5,3.480527877807617,516714496,472977408
6,3.5472333431243896,483179520,438935040
7,3.441401720046997,486919680,442301952
8,3.331279754638672,531845120,488117760
9,3.3985562324523926,446803968,402003968
10,3.445359945297241,486949888,443549184
11,3.4128363132476807,452980224,408643584
12,3.3285388946533203,472380416,428867072
13,3.3311574459075928,485485056,441642496
14,3.4449548721313477,488963584,445234176
15,3.3713765144348145,460873728,416185344
16,3.3969364166259766,272986112,229301248
17,3.2712085247039795,498926592,498254848
18,3.22044038772583,508023808,463740928
19,3.4293274879455566,471713280,427892736
20,3.349482774734497,455977472,412103168
21,3.2538857460021973,461134336,417486336
22,3.4380340576171875,488313344,444802560
23,3.4122488498687744,512036864,467729408
24,3.4288089275360107,487163392,442736640
25,3.286099672317505,456090112,411720192
26,3.3797924518585205,479176192,435290112
27,3.2204954624176025,493400064,449077760
28,3.238002300262451,456144384,412605440
29,3.19023060798645,432540672,388423168
30,3.30283522605896,489943552,446543360
31,3.258533000946045,445998080,401715200
32,3.189149856567383,515840000,473059840
33,3.364227294921875,304423424,260152832
34,3.3629956245422363,488752640,488080896
35,3.175360918045044,438455808,394451968
36,3.2663462162017822,462882816,419393024
37,3.259862184524536,483987968,440367104
38,3.212117910385132,486642176,442421760
39,3.2407829761505127,456009216,411179520
