,loss,memory,diff_memory
0,3.717550754547119,32463360,32297472
1,3.6959633827209473,31071744,23314432
2,3.6716487407684326,31454208,23815168
3,3.6593759059906006,28738048,21123072
4,3.665372133255005,27280384,19740160
5,3.708636522293091,27100160,19565568
6,3.700098991394043,28625408,21130752
7,3.5870354175567627,28859392,21246464
8,3.543628692626953,25801216,18221056
9,3.641561508178711,33416704,25955328
10,3.717613935470581,25651712,17896960
11,3.5233592987060547,35445760,28020224
12,3.592183828353882,24080896,16295424
13,3.516618490219116,33660928,26304512
14,3.5846755504608154,37622784,29917696
15,3.465564727783203,34232832,26411008
16,3.5004632472991943,28453376,20660224
17,3.3578906059265137,35196928,27642368
18,3.5547780990600586,29363712,21577728
19,3.7371180057525635,29833216,22256128
20,3.6050729751586914,33267712,25705472
21,3.4376513957977295,34245120,26522624
22,3.292200803756714,28772352,21023232
23,3.2654049396514893,30297088,22749184
24,3.4651429653167725,30188032,22656512
25,3.3118958473205566,33275904,25649664
26,3.173832416534424,33345536,25701888
27,3.409956693649292,28156928,20456960
28,3.2536020278930664,30778368,23150592
29,3.5089492797851562,29092352,21477376
30,3.1897823810577393,33694720,26131968
31,3.150346040725708,29604864,21895168
32,3.3694353103637695,28269056,20698624
33,3.4035205841064453,28983808,21451264
34,3.6541483402252197,37797376,30265344
35,3.8626039028167725,31505920,23654400
36,3.4583969116210938,34749440,27090432
37,3.2565059661865234,30435840,22648832
38,3.3235645294189453,31049728,23404032
39,3.2275514602661133,24194560,16564736
