,loss,memory,diff_memory
0,3.701157808303833,2999616512,2998861312
1,3.6857211589813232,2738653696,2692230656
2,3.672947883605957,2920320512,2873939968
3,3.641279697418213,2822849536,2776913920
4,3.623666763305664,2796024832,2749562368
5,3.5371289253234863,2586320896,2539598848
6,3.4901647567749023,2805174272,2759362048
7,3.341132640838623,2853457920,2807500288
8,3.636245012283325,2788151296,2741369856
9,3.341444492340088,2860285952,2814441472
10,3.4969794750213623,2555961344,2509538816
11,3.4208667278289795,2732284416,2686667264
12,3.3650448322296143,2999480320,2953352192
13,3.3560991287231445,2547390976,2500733952
14,3.4025142192840576,2875775488,2830535168
15,3.466803789138794,2728515584,2681869312
16,3.4119789600372314,1678349312,1632162304
17,3.448216438293457,2900447744,2897426944
18,3.4509968757629395,2814108672,2767463936
19,3.367354393005371,2854381056,2807901696
20,3.353811025619507,2894145024,2848198656
21,3.429539442062378,2699017216,2652989440
22,3.3715627193450928,2661910528,2616165376
23,3.299062490463257,2779938304,2734139904
24,3.2873306274414062,2700807168,2654310400
25,3.2194273471832275,2680143360,2634029568
26,3.2818846702575684,2679578624,2633714688
27,3.227137804031372,2874525184,2828620288
28,3.260100841522217,2751852032,2705199104
29,3.1252048015594482,2599140864,2552846336
30,3.175489902496338,2879871488,2833979904
31,3.058919906616211,2781919232,2735488512
32,3.1338448524475098,2832360448,2786458624
33,3.0749142169952393,1801078784,1754626560
34,3.271949291229248,2763608576,2760587776
35,3.208627939224243,2816656384,2769919488
36,3.039553165435791,2933250048,2886360576
37,3.0527195930480957,2532050944,2485189120
38,3.0891027450561523,2835119104,2789032960
39,3.1012110710144043,3195584000,3149731840
