,loss,memory,diff_memory
0,3.7023746967315674,2590400000,2590232064
1,3.658803939819336,2583820800,2072399360
2,3.616475820541382,2588239872,2076741632
3,3.5696611404418945,2586330112,2074501120
4,3.5176713466644287,2580610048,2069646336
5,3.4796245098114014,2584010240,2074160128
6,3.4431560039520264,2591833088,2080409088
7,3.4375412464141846,2586693632,2076403200
8,3.432892322540283,2586503168,2075200512
9,3.4204514026641846,2589231104,2078649856
10,3.373137950897217,2587847168,2076151296
11,3.3498425483703613,2589425152,2079243264
12,3.3705430030822754,2585963008,2074365952
13,3.360092878341675,2592924160,2082876416
14,3.3709990978240967,2586563072,2075318784
15,3.330713987350464,2586712064,2076075520
16,3.3219947814941406,2590656512,2080434176
17,3.311345338821411,2582452736,2071652352
18,3.3121399879455566,2585473536,2074050560
19,3.2830240726470947,2587528704,2076936192
20,3.271608352661133,2590127104,2078787584
21,3.2818918228149414,2578301952,2067679744
22,3.1961557865142822,560621056,51248128
23,3.228083848953247,2590175232,2589503488
24,3.215322732925415,2590392832,2079111168
25,3.1745247840881348,2590386176,2079785984
26,3.1760966777801514,2591139840,2079773696
27,3.1959915161132812,2591112704,2080475136
28,3.1648755073547363,2592491008,2079964672
29,3.13356351852417,2593075200,2080684032
30,3.1057283878326416,2585900544,2074068992
31,3.1324474811553955,2585078272,2073940992
32,3.1052706241607666,2579764224,2069034496
33,3.094883441925049,2591354880,2081445376
34,3.082909107208252,2587803136,2075392512
35,3.103671073913574,2585316864,2074689536
36,3.0596392154693604,2589388800,2078595584
37,3.051243782043457,2579448320,2068492288
38,3.031752347946167,2585873920,2076465152
39,3.0417046546936035,2586942464,2075569664
