,loss,memory,diff_memory
0,3.713512659072876,2428695552,2334157824
1,3.7058229446411133,2438464512,1712146432
2,3.698042869567871,2346622464,1620654592
3,3.689873695373535,2430525440,2335490048
4,3.6808371543884277,2439004672,1712553984
5,3.6723172664642334,2341698048,1615032320
6,3.661068916320801,2428781568,2333746176
7,3.651116132736206,2439418368,1713347584
8,3.6375997066497803,2342233600,1615716352
9,3.6257944107055664,2429904384,2334868992
10,3.613905191421509,2438881280,1712677376
11,3.597076416015625,2341616128,1615339520
12,3.584258556365967,2428527616,2333492224
13,3.569556713104248,2438393344,1712389632
14,3.553288221359253,2343185408,1616995840
15,3.53756046295166,2429475840,2334440448
16,3.524156093597412,2438349824,1712079360
17,3.5077807903289795,2341916160,1615507456
18,3.4941892623901367,2429006336,2333970944
19,3.4778270721435547,2438404608,1712185856
20,3.469003200531006,2344083456,1618044416
21,3.455566883087158,2431308288,2336272896
22,3.4461731910705566,2438790656,1712281600
23,3.4364469051361084,2344396800,1618277376
24,3.4286367893218994,2430104064,2335068672
25,3.4255244731903076,2438396416,1712223744
26,3.418929100036621,2345960960,1619475456
27,3.413729667663574,2429292544,2334257152
28,3.4096336364746094,2438184960,1711896576
29,3.4089548587799072,2345668096,1619282944
30,3.403827428817749,2429260800,2334225408
31,3.4038987159729004,2439784960,1713534464
32,3.395901918411255,2342852096,1616208384
33,3.399595022201538,2428809216,2333773824
34,3.395742416381836,2438523904,1712394752
35,3.3913841247558594,2346768896,1620515328
36,3.397439956665039,2430372352,2335336960
37,3.384422779083252,2438939648,1712450048
38,3.388134479522705,2343313408,1616759808
39,3.3875484466552734,2429431296,2334395904
