,loss,memory,diff_memory
0,3.702667236328125,4991093760,4990925824
1,3.6599509716033936,3815266816,3129825792
2,3.6162612438201904,4988947456,4988275712
3,3.5717408657073975,3822251520,3136812544
4,3.523433208465576,4987922432,4987250688
5,3.479532241821289,3822648832,3137199616
6,3.4433305263519287,4988663808,4987992064
7,3.419786214828491,3817984000,3132336128
8,3.4183497428894043,4988560384,4987888640
9,3.403730869293213,3822936064,3137477632
10,3.3852102756500244,4988717056,4988045312
11,3.371427536010742,3819262976,3133940224
12,3.3664283752441406,4989554176,4988882432
13,3.34987473487854,3819200512,3133678592
14,3.3437321186065674,4989478912,4988807168
15,3.332103967666626,3817305088,3131786240
16,3.324263095855713,4988177408,4987505664
17,3.3011133670806885,3818200576,3132810752
18,3.293003559112549,4988198400,4987526656
19,3.280381679534912,3822630400,3137281536
20,3.2645978927612305,4989184512,4988512768
21,3.247135877609253,3818092544,3132640768
22,3.235318422317505,4988992512,4988320768
23,3.2109439373016357,3817271808,3131868672
24,3.2024457454681396,4989012992,4988341248
25,3.1792244911193848,3815797248,3130381824
26,3.171741008758545,4989291008,4988619264
27,3.1513004302978516,3822981120,3137369088
28,3.1430249214172363,4989058048,4988386304
29,3.128906726837158,3819917312,3134320128
30,3.1098594665527344,4991654912,4990983168
31,3.1110951900482178,3818415104,3132950016
32,3.0915181636810303,4989368320,4988696576
33,3.070021152496338,3819233280,3133676032
34,3.0728657245635986,4989697536,4989025792
35,3.059183359146118,3823127040,3137533440
36,3.0403990745544434,4989373440,4988701696
37,3.0453097820281982,3822254080,3136566784
38,3.029878616333008,4991407616,4990735872
39,3.0134432315826416,3822957568,3137563136
