,loss,memory,diff_memory
0,3.7022504806518555,9701331456,9700576256
1,3.6854565143585205,9661499392,9147958272
2,3.663320779800415,9674555392,9161652224
3,3.6310172080993652,9690313216,9177369600
4,3.587620735168457,9670231040,9157032448
5,3.524578332901001,9660748800,9147697152
6,3.4539594650268555,9705689088,9192787456
7,3.4306554794311523,9697632256,9183863808
8,3.412788152694702,9700101632,9186970624
9,3.394331693649292,9698996224,9185971712
10,3.366729736328125,9730022912,9216264192
11,3.3619227409362793,9684293632,9171349504
12,3.3683340549468994,9645875200,9131954688
13,3.3485004901885986,9706842624,9194221056
14,3.326665163040161,9688087552,9174222336
15,3.316511392593384,9654315008,9142347776
16,3.29266095161438,9681947648,9168830464
17,3.245704174041748,9670547456,9158374400
18,3.211007595062256,9758468096,9245325824
19,3.1777520179748535,9709274624,9196318720
20,3.139531373977661,9693244928,9180057600
21,3.0699667930603027,9682099200,9169492992
22,3.081768751144409,564600832,52591616
23,3.000714063644409,9730037760,9727016960
24,2.9410219192504883,9715576832,9202206208
25,2.913182020187378,9686213632,9173020160
26,2.8857390880584717,9697433088,9183683584
27,2.8575632572174072,9685054464,9171868672
28,2.8079745769500732,9602194944,9089317376
29,2.7898104190826416,9681592320,9170743808
30,2.756094455718994,9713096704,9200675328
31,2.7583682537078857,9669432320,9156399104
32,2.740013599395752,9652865536,9139817984
33,2.675485372543335,9665759232,9153028096
34,2.671112060546875,9673573376,9160756736
35,2.625227451324463,9681043456,9168980480
36,2.6424899101257324,9689632768,9176724480
37,2.581458330154419,9712784384,9200244736
38,2.563767671585083,9673662976,9160732160
39,2.4866385459899902,9729894400,9217753600
