,loss,memory,diff_memory
0,3.7020256519317627,4682172416,4681417216
1,3.683082342147827,4710960128,4311262720
2,3.6643404960632324,4717917696,4315998208
3,3.6289381980895996,4675838464,4273564672
4,3.5940563678741455,4659482624,4259644928
5,3.526726722717285,4686128640,4286239232
6,3.445625066757202,4635268096,4234080768
7,3.4353373050689697,4693631488,4294690816
8,3.4407007694244385,4726788096,4325590528
9,3.3531064987182617,4686057472,4284759040
10,3.374528646469116,4680983552,4279800320
11,3.380730628967285,4686249472,4285089280
12,3.355034351348877,4693665792,4292476416
13,3.3720145225524902,4655104512,4253897728
14,3.3333492279052734,4700690432,4301330944
15,3.310432195663452,4676244992,4274899968
16,3.3228302001953125,4631312896,4231701504
17,3.249850273132324,4663660032,4264188928
18,3.284099817276001,4710582272,4310996480
19,3.1774823665618896,4679759872,4277840896
20,3.171191692352295,4665290240,4263604736
21,3.1594817638397217,4662689280,4261568512
22,3.0700721740722656,4661103104,4262073856
23,2.9716238975524902,4690703360,4291692032
24,2.8900387287139893,4655519744,4255733760
25,2.8675286769866943,4670223360,4270666240
26,3.05200457572937,4709378048,4310323200
27,2.892348289489746,4619831296,4218473472
28,2.8375017642974854,4701602816,4303778816
29,2.7612593173980713,4678588928,4277348352
30,2.853297472000122,4725442560,4324280320
31,2.7686002254486084,4695934976,4294062592
32,2.7158870697021484,4670943744,4269302784
33,2.7833003997802734,4654675968,4253532672
34,2.681976795196533,4700803072,4301809152
35,2.718986988067627,4660937216,4259678720
36,2.68656587600708,4660904448,4261888512
37,2.690481424331665,4663650816,4264624128
38,2.6891565322875977,4677298176,4276185600
39,2.616236925125122,4673560576,4274473984
