,loss,memory,diff_memory
0,3.724931478500366,1441885696,1441587712
1,3.5737240314483643,1443061760,931634688
2,3.434717893600464,1441711104,930105856
3,3.3813509941101074,1443302400,932929024
4,3.338465452194214,1443802112,932434944
5,3.192305564880371,1442534400,930967040
6,3.2712769508361816,1445760000,934369280
7,3.046611785888672,1442274816,930869760
8,3.0737099647521973,1444256768,932583936
9,2.8564672470092773,1442975744,931608064
10,2.8524329662323,1443061248,931434496
11,2.7071645259857178,1442823680,931452928
12,2.677854061126709,1442546688,931211776
13,2.591898202896118,1442881536,931531776
14,2.558877468109131,1442212352,930604032
15,2.507483959197998,1445576192,934193152
16,2.417703628540039,1445417472,933989888
17,2.358203172683716,1443651072,932239360
18,2.3263516426086426,1445468672,934104576
19,2.2785725593566895,1442399232,930313728
20,2.262188196182251,1445281280,934184448
21,2.191365957260132,1442664960,931692544
22,1.989383578300476,562317824,51773952
23,2.1154961585998535,1442605568,1441413632
24,2.1156177520751953,1446135296,934735872
25,2.0680158138275146,1441637376,929511936
26,2.0540196895599365,1442094080,931291648
27,2.0242321491241455,1444311552,933600768
28,1.9865397214889526,1440676352,929347072
29,1.9279111623764038,1440164352,928969728
30,1.9059745073318481,1444327424,933622272
31,1.92117178440094,1446598144,935281664
32,1.9414024353027344,1440016896,927736320
33,1.890102744102478,1443806208,933029376
34,1.823235034942627,1443127808,932315648
35,1.804002046585083,1443160576,931821056
36,1.8586231470108032,1443946496,932334592
37,1.8782132863998413,1446545408,935013376
38,1.9121543169021606,1442485248,930285568
39,1.8892316818237305,1445094400,934361088
