,loss,memory,diff_memory
0,3.7134957313537598,1670273024,1575735296
1,3.705972194671631,1672877568,1069046272
2,3.6983156204223633,1670977024,1066082816
3,3.6899819374084473,1674225664,1069893120
4,3.6809310913085938,1672693248,1067742720
5,3.671558380126953,1674357760,1069966848
6,3.661494255065918,1671142400,1065734144
7,3.648792028427124,1675534336,1071744000
8,3.63875412940979,1674710016,1069733376
9,3.628117799758911,1674735616,1069293056
10,3.616934299468994,1675337216,1069844992
11,3.6007936000823975,1677797376,1072831488
12,3.5873656272888184,1675160064,1068455424
13,3.574056386947632,1674094080,1068314624
14,3.5561859607696533,1675444736,1069436416
15,3.5357718467712402,1673686016,1068730880
16,3.527790069580078,1673641472,1068381184
17,3.508525848388672,1674288640,1069213696
18,3.494515895843506,1676366336,1070491136
19,3.482490062713623,1675436544,1070256640
20,3.4716405868530273,1674705408,1069151232
21,3.453322410583496,1676593152,1071100416
22,3.508382797241211,658824192,52904448
23,3.448627233505249,1674365952,1579330560
24,3.4304590225219727,1677969920,1072991232
25,3.4327034950256348,1674075648,1068852224
26,3.4153220653533936,1675744768,1069865472
27,3.4064972400665283,1676771840,1070979584
28,3.4066169261932373,1672629760,1067792384
29,3.4178712368011475,1672179712,1067237376
30,3.408238410949707,1678259712,1073733632
31,3.404277801513672,1671875584,1066727424
32,3.3991944789886475,1673421824,1069444608
33,3.413480281829834,1676208128,1071759360
34,3.3868680000305176,1674155520,1067319808
35,3.386279821395874,1677548544,1073476096
36,3.3885397911071777,1673024000,1067454464
37,3.380744218826294,1675185152,1069870080
38,3.4014394283294678,1673921024,1068967424
39,3.387315273284912,1674319872,1068864000
