,loss,memory,diff_memory
0,3.726855516433716,1925203968,1924905984
1,3.5845460891723633,1929674240,1347304448
2,3.4554412364959717,1931485696,1348968960
3,3.396125555038452,1930959360,1348191744
4,3.335448980331421,1931324416,1348540928
5,3.229217767715454,1931130368,1348786176
6,3.1164653301239014,1729797632,1146603008
7,3.029838800430298,1926590976,1925399040
8,2.9272449016571045,1928775680,1346244608
9,2.880969524383545,1929457152,1347187200
10,2.83039927482605,1928326144,1345657344
11,2.6923305988311768,1930032128,1347671552
12,2.6171889305114746,1931079168,1348084224
13,2.5929782390594482,1727375872,1144528896
14,2.5105533599853516,1927070208,1925878272
15,2.48663330078125,1929780224,1347418112
16,2.4455699920654297,1930983936,1348677632
17,2.349234104156494,1937544704,1355202560
18,2.376962184906006,1930441216,1346050048
19,2.2536792755126953,1926715392,1344220672
20,2.2508015632629395,1731020800,1148854272
21,2.1908628940582275,1927740928,1926548992
22,2.1456716060638428,1931292160,1348340224
23,2.100332021713257,1929348608,1346613760
24,2.042739152908325,1929686528,1347286528
25,2.043245315551758,1928389632,1345923072
26,2.013960599899292,1930661376,1348337152
27,1.9513556957244873,1728975872,1146337792
28,1.989944577217102,1929477632,1928285696
29,1.9013948440551758,1930570752,1347872768
30,1.9186859130859375,1931159552,1348863488
31,1.9268425703048706,1929320448,1345736704
32,1.8333841562271118,1929412608,1346965504
33,1.8823935985565186,1929827328,1347335680
34,1.875401258468628,1728969728,1146405376
35,1.8260846138000488,1925956096,1924764160
36,1.8076364994049072,1931235840,1348611584
37,1.7915441989898682,1930736640,1348264448
38,1.8042553663253784,1929990144,1347341312
39,1.735246181488037,1931393024,1349108224
