,loss,memory,diff_memory
0,3.702336072921753,4112372736,4112204800
1,3.659484624862671,4124184064,3492289024
2,3.6168432235717773,3804917248,3173440512
3,3.570101737976074,4113820160,4113148416
4,3.5223774909973145,4123008000,3491266048
5,3.476851224899292,3812682752,3180845568
6,3.4419820308685303,4112564224,4111892480
7,3.4310548305511475,4122918400,3491167744
8,3.422398328781128,3812361728,3180566016
9,3.4085421562194824,4112869376,4112197632
10,3.383045196533203,4124078080,3491867648
11,3.369718074798584,3812203520,3180327424
12,3.3667383193969727,4112193024,4111521280
13,3.3603432178497314,4123880960,3492343808
14,3.348552942276001,3812366848,3180463104
15,3.334038257598877,4112530432,4111858688
16,3.3244779109954834,4124186112,3492444672
17,3.3096959590911865,3809507328,3177686528
18,3.2908668518066406,4113360896,4112689152
19,3.281332015991211,4124583424,3492409344
20,3.262514591217041,3812987392,3181324800
21,3.251680850982666,4113719808,4113048064
22,3.236299753189087,4123297280,3491532800
23,3.2193992137908936,3804734976,3172852224
24,3.1993367671966553,4113296896,4112625152
25,3.190739870071411,4123399680,3491450880
26,3.167431592941284,3808995328,3177112576
27,3.162086248397827,4113341440,4112669696
28,3.135838508605957,4123608064,3491633152
29,3.1274561882019043,3812526080,3180599808
30,3.1128432750701904,4112818176,4112146432
31,3.1073317527770996,4123635200,3491767296
32,3.0962445735931396,3807121920,3175518208
33,3.0799307823181152,4112853504,4112181760
34,3.0656442642211914,4124222464,3492319744
35,3.050288200378418,3807515648,3175756288
36,3.0502421855926514,4113808384,4113136640
37,3.0348920822143555,4122695680,3490915328
38,3.02083420753479,3809246208,3177465344
39,3.005096197128296,4113916416,4113244672
