,loss,memory,diff_memory
0,3.7026145458221436,3540071936,3539904000
1,3.6592509746551514,3539247616,2956752896
2,3.618533134460449,3540039168,2957957120
3,3.567734956741333,3542174208,2960233472
4,3.522904396057129,3549258752,2967081984
5,3.475172281265259,3534554112,2952128512
6,3.453645706176758,3178638336,2596716032
7,3.4265356063842773,3537364992,3536693248
8,3.4224579334259033,3540411392,2958336512
9,3.404299020767212,3542560256,2960754688
10,3.385509729385376,3542081024,2960012800
11,3.3719968795776367,3540559872,2958111744
12,3.361095428466797,3543511040,2961384960
13,3.3716719150543213,3184181248,2601935360
14,3.345858335494995,3535506432,3534834688
15,3.328608989715576,3538811904,2956744704
16,3.3290045261383057,3540119040,2958387712
17,3.309523105621338,3543651840,2961198592
18,3.2997918128967285,3543555584,2961616384
19,3.2780191898345947,3541768192,2959564288
20,3.271045684814453,3178183168,2596327424
21,3.2482266426086426,3537041408,3536369664
22,3.2374355792999268,3538504704,2956294656
23,3.223719358444214,3541981696,2959936000
24,3.2014577388763428,3539606528,2957636096
25,3.1833550930023193,3539739648,2957771264
26,3.172405481338501,3538925056,2957156352
27,3.1417181491851807,3180392448,2598615552
28,3.143251419067383,3539323392,3538651648
29,3.1275017261505127,3541731840,2959552512
30,3.101677894592285,3541671424,2959367168
31,3.106304168701172,3540307456,2958137344
32,3.0958054065704346,3542510080,2960700928
33,3.076862096786499,3539977728,2957937664
34,3.067723274230957,3185175552,2603310080
35,3.0514514446258545,3537360384,3536688640
36,3.0508904457092285,3540473856,2958181888
37,3.0349578857421875,3543377408,2961167360
38,3.027711868286133,3543466496,2961438208
39,3.0218546390533447,3538311680,2956131840
