,loss,memory,diff_memory
0,3.713517904281616,2190817280,2096279552
1,3.7057952880859375,2190881280,1514683904
2,3.6981706619262695,2194471936,1518370816
3,3.6904845237731934,2192418816,1515046912
4,3.6814332008361816,2195875328,1519743488
5,3.6722629070281982,2196065792,1519606784
6,3.6622040271759033,2000420864,1323940352
7,3.65240740776062,2191848960,2096813568
8,3.639199733734131,2195965952,1519515648
9,3.628462314605713,2196498432,1519987200
10,3.6143178939819336,2195820032,1518521856
11,3.601731061935425,2195035136,1518503936
12,3.5911872386932373,2194902016,1518786560
13,3.5748658180236816,1998950912,1322554368
14,3.558897018432617,2191727104,2096691712
15,3.5405077934265137,2195320320,1518898688
16,3.530862331390381,2198702080,1522489856
17,3.5149693489074707,2195232768,1517388288
18,3.506873846054077,2194930176,1518636544
19,3.4847793579101562,2195646976,1519182336
20,3.46516752243042,2001197568,1324839424
21,3.460305690765381,2188983808,2093948416
22,3.4496347904205322,2195432448,1519022080
23,3.4438843727111816,2197063168,1520785920
24,3.4380862712860107,2193618944,1516072960
25,3.4319419860839844,2195982336,1519372288
26,3.4143593311309814,2195404288,1518889472
27,3.4114551544189453,2000887808,1324643840
28,3.4177818298339844,2191232512,2096197120
29,3.4064340591430664,2194344960,1518147584
30,3.407885789871216,2196901888,1520680960
31,3.403299570083618,2196281856,1518780928
32,3.3962647914886475,2192143360,1515410944
33,3.398637294769287,2195960320,1519829504
34,3.3950185775756836,1998638592,1322137088
35,3.3913915157318115,2189806080,2094770688
36,3.3896358013153076,2195236864,1518734336
37,3.400233030319214,2193375744,1517187584
38,3.3909101486206055,2195769856,1518449152
39,3.3824949264526367,2197048320,1520538112
