,loss,memory,diff_memory
0,3.729485034942627,1005871616,1005573632
1,3.591590642929077,994238976,593875456
2,3.463606119155884,1000331264,603145216
3,3.4079582691192627,994482688,595019776
4,3.2745327949523926,989363200,592162304
5,3.2374765872955322,999608832,604567552
6,3.143692970275879,998130688,598785024
7,3.198866128921509,996746752,598961664
8,2.9774832725524902,1000274432,602423296
9,3.010382890701294,995554816,596237824
10,2.8414125442504883,997086208,599369216
11,2.8537960052490234,1002188288,604199424
12,2.7080788612365723,1001740800,602370048
13,2.6690356731414795,1000217088,600324096
14,2.609194040298462,995752448,596418560
15,2.5081899166107178,990523392,593050624
16,2.456921339035034,994704384,599185920
17,2.3821301460266113,1001794048,604580864
18,2.439204692840576,1001580032,601420288
19,2.322051763534546,1000331264,600945664
20,2.325087070465088,1002306048,602989056
21,2.222565174102783,1000953856,601566720
22,2.1994025707244873,993914368,594548736
23,2.1483683586120605,999708160,602501632
24,2.103839874267578,1002597376,603254784
25,2.1667160987854004,996569088,597137408
26,2.0844180583953857,1000192512,602173952
27,2.0643346309661865,994286592,594979328
28,2.0992462635040283,1002509312,605299200
29,2.0221457481384277,999128576,598755328
30,1.9496365785598755,993462272,594159104
31,2.0638678073883057,999193600,602087936
32,1.9498757123947144,996677120,597371904
33,1.9406143426895142,995990528,598183424
34,1.893621802330017,1005239808,607327744
35,1.8848192691802979,990127104,588613120
36,1.9527548551559448,994980864,599610880
37,1.8852951526641846,995116032,597882880
38,1.8627805709838867,1000757248,603244032
39,1.848783254623413,1000087552,600746496
