,loss,memory,diff_memory
0,3.7135260105133057,2535448576,2440910848
1,3.7057206630706787,2356759552,1577002496
2,3.6978883743286133,2536310784,2441275392
3,3.6901681423187256,2351746560,1571976192
4,3.6810414791107178,2538999296,2443963904
5,3.670853614807129,2351787008,1570645504
6,3.6613881587982178,2536603136,2441567744
7,3.6491010189056396,2356589568,1576693760
8,3.638392448425293,2536158720,2441123328
9,3.6256070137023926,2353199616,1573448192
10,3.6126933097839355,2538951168,2443915776
11,3.598956346511841,2354123264,1574115840
12,3.584301471710205,2535910400,2440875008
13,3.5709376335144043,2356423680,1576716288
14,3.5545222759246826,2536627200,2441591808
15,3.539461612701416,2354191360,1574158336
16,3.524202346801758,2539100160,2444064768
17,3.509903907775879,2356293120,1575148032
18,3.494962692260742,2536417280,2441381888
19,3.482379913330078,2353742848,1573846528
20,3.469154119491577,2538681344,2443645952
21,3.4573564529418945,2352943104,1573067776
22,3.44848895072937,2536569344,2441533952
23,3.4364676475524902,2354302464,1574334976
24,3.4316306114196777,2538505216,2443469824
25,3.424208641052246,2353325056,1573537792
26,3.4193954467773438,2538864128,2443828736
27,3.4166507720947266,2353190912,1573232640
28,3.4122538566589355,2536545792,2441510400
29,3.4065423011779785,2356599808,1576585728
30,3.404327154159546,2538611200,2443575808
31,3.403517007827759,2354485760,1574647808
32,3.3997554779052734,2535376896,2440341504
33,3.397752046585083,2352738816,1573146624
34,3.3954310417175293,2538763776,2443728384
35,3.396084785461426,2356460032,1576547840
36,3.391615867614746,2536359424,2441324032
37,3.393338441848755,2352906240,1572977152
38,3.390458345413208,2538602496,2443567104
39,3.3814141750335693,2354214400,1574383104
