,loss,memory,diff_memory
0,3.7267487049102783,2323914752,2323616768
1,3.5867044925689697,2334781952,1701444096
2,3.453223466873169,2130350592,1498107392
3,3.4040369987487793,2324098560,2322906624
4,3.287584066390991,2335711744,1702506496
5,3.307624340057373,2130770432,1498571264
6,3.1716485023498535,2325115904,2323923968
7,3.0866212844848633,2335770112,1702292480
8,3.0096466541290283,2130524672,1498237440
9,2.9552900791168213,2324656640,2323464704
10,2.8382821083068848,2335670272,1702448128
11,2.78261399269104,2134996480,1501844992
12,2.700451612472534,2325636608,2324444672
13,2.6420443058013916,2335121408,1701653504
14,2.575366973876953,2132705792,1499724288
15,2.4827334880828857,2324312064,2323120128
16,2.395033597946167,2335318528,1702197248
17,2.354431390762329,2132622848,1499590144
18,2.299334764480591,2325118976,2323927040
19,2.234471082687378,2337038336,1703604224
20,2.2081990242004395,2134664192,1500915200
21,2.1540393829345703,2325295616,2324103680
22,2.0967984199523926,2335501312,1702067200
23,2.054486036300659,2131392512,1498352640
24,2.036179780960083,2325428736,2324236800
25,2.062883138656616,2336201728,1702774784
26,2.020475149154663,2133585920,1500264448
27,1.9472211599349976,2324676096,2323484160
28,1.9576928615570068,2336228352,1702977024
29,1.922469973564148,2130488320,1498009600
30,1.8548963069915771,2324166144,2322974208
31,1.8812507390975952,2336332288,1703025664
32,1.822689175605774,2130001920,1496756736
33,1.8410098552703857,2324109824,2322917888
34,1.8536028861999512,2335532032,1702480896
35,1.8545989990234375,2131850752,1499587072
36,1.8994886875152588,2325807616,2324615680
37,1.781569242477417,2335065600,1701504000
38,1.7725809812545776,2132590080,1499704832
39,1.7651433944702148,2325465600,2324273664
