,loss,memory,diff_memory
0,3.702380418777466,13610793472,13610038272
1,3.6858859062194824,13643902976,13087895040
2,3.662477493286133,13628167680,13071075840
3,3.6336143016815186,13607963648,13050364416
4,3.588538646697998,13650657792,13094329856
5,3.529128074645996,13663917056,13106722304
6,3.4580063819885254,13615288320,13057951744
7,3.4263899326324463,13640061952,13083474432
8,3.4132354259490967,13647209984,13090446336
9,3.374237537384033,13665582592,13109070336
10,3.368267059326172,13638854144,13081157120
11,3.4065754413604736,594834944,38984704
12,3.3551836013793945,13677349376,13674328576
13,3.3504250049591064,13671416320,13114327552
14,3.3307228088378906,13585098240,13026696704
15,3.3163702487945557,13626871808,13071691776
16,3.2991855144500732,13651379200,13094353408
17,3.271389961242676,13643974144,13086454272
18,3.237673044204712,13643218944,13086115840
19,3.183821201324463,13657600512,13101743616
20,3.116448163986206,13664920064,13107252736
21,3.0994160175323486,13664101888,13106539520
22,3.0466597080230713,13653928448,13096817664
23,2.952937602996826,594790912,37201408
24,2.9615883827209473,13634882048,13631861248
25,2.9365813732147217,13637407232,13080248832
26,2.9053728580474854,13664347136,13107237888
27,2.846266746520996,13656052736,13098322432
28,2.866861581802368,13651024384,13094946816
29,2.778843879699707,13638431232,13081308672
30,2.817095994949341,13613007872,13055415296
31,2.761350393295288,13650591232,13093414912
32,2.779146909713745,13625016832,13067923968
33,2.741947889328003,13652689408,13095031808
34,2.7039589881896973,13651499008,13094211584
35,2.608222484588623,595881984,37922304
36,2.6595070362091064,13650969088,13647948288
37,2.6856136322021484,13665042944,13107852800
38,2.632260799407959,13625112064,13068002816
39,2.6330838203430176,13658482176,13100889600
