,loss,memory,diff_memory
0,3.7239577770233154,1721519616,1721221632
1,3.5831828117370605,1722498048,1166474752
2,3.454378366470337,1725209600,1170573824
3,3.4094696044921875,1725946880,1169995264
4,3.333204984664917,1725181952,1169204224
5,3.244351863861084,1724162048,1168888320
6,3.1015737056732178,1724372480,1169144832
7,3.0654451847076416,1724571136,1169314304
8,2.937718629837036,1727157760,1171883520
9,2.9143917560577393,1725538304,1169163264
10,2.8837904930114746,1725784064,1169864192
11,2.711451292037964,594644992,38733312
12,2.7272326946258545,1723876352,1722684416
13,2.680586576461792,1722771456,1166802944
14,2.619948148727417,1719162368,1164991488
15,2.534111976623535,1721524224,1167621120
16,2.4914608001708984,1724594176,1170648064
17,2.434281587600708,1724686336,1169419776
18,2.3450465202331543,1724960768,1169680896
19,2.33476185798645,1724677120,1169402368
20,2.257803440093994,1725125632,1169845760
21,2.199313163757324,1724387840,1169098752
22,2.179898977279663,1724149760,1168880640
23,2.080634593963623,594413568,39163392
24,2.1281826496124268,1725084672,1723892736
25,2.243858575820923,1725911040,1168909312
26,2.1496145725250244,1722036224,1166751232
27,2.094205856323242,1724694016,1170609152
28,2.0775413513183594,1724836864,1169601536
29,2.041029930114746,1724771840,1169517056
30,2.007889986038208,1724646400,1169412096
31,1.9986505508422852,1723932672,1168699904
32,1.9510003328323364,1718988288,1163820544
33,1.931497573852539,1723492352,1169811968
34,1.9334410429000854,1725290496,1170173952
35,1.9267644882202148,591816704,36522496
36,1.9146369695663452,1722414080,1721222144
37,1.846753478050232,1722328576,1166368768
38,1.8981176614761353,1725410816,1171248128
39,1.8359942436218262,1724440064,1169123328
