,loss,memory,diff_memory
0,3.701348304748535,1689369600,1689201664
1,3.6610116958618164,1688565248,1289447424
2,3.6190781593322754,1689125376,1290269696
3,3.571869134902954,1678392320,1279533056
4,3.5221104621887207,1682231296,1284876288
5,3.469862461090088,1683905536,1285163520
6,3.4492461681365967,1688764928,1289979392
7,3.4558327198028564,1678941184,1280113152
8,3.4060752391815186,1674695168,1277204992
9,3.3606178760528564,1671509504,1274887168
10,3.4191198348999023,1675997184,1280482816
11,3.3882076740264893,1685265920,1288608768
12,3.3487305641174316,1689003520,1290210304
13,3.34969425201416,1680966144,1282118144
14,3.3637914657592773,1683221504,1285532672
15,3.3645424842834473,1684174848,1285408256
16,3.299860715866089,1681059328,1282263552
17,3.3472518920898438,1685270528,1287817728
18,3.2772321701049805,1690467328,1291646976
19,3.2772061824798584,1689059840,1289752064
20,3.2852234840393066,1683831808,1284940288
21,3.2874910831451416,1674706432,1275921920
22,3.2566277980804443,1680397312,1283753472
23,3.2320451736450195,1689510912,1292361216
24,3.2051618099212646,1679048192,1280147456
25,3.230024576187134,1679429120,1282079232
26,3.2155654430389404,1684840448,1287252480
27,3.1746718883514404,1688160256,1290632192
28,3.150489568710327,1689620992,1290406912
29,3.151301145553589,1673180160,1274257920
30,3.13163423538208,1678689280,1283266048
31,3.13332462310791,1689664512,1292188672
32,3.1240651607513428,1677472256,1278549504
33,3.090049982070923,1687460352,1290762240
34,3.0516011714935303,1685399040,1286545920
35,3.0874974727630615,1675358720,1276539392
36,3.0380020141601562,1689415168,1292687360
37,3.031248092651367,1691198976,1292300800
38,3.0548253059387207,1674944512,1275553280
39,3.0443339347839355,1695937536,1299314688
