,loss,memory,diff_memory
0,3.7134878635406494,1159864320,1065326592
1,3.7057316303253174,1161085952,667896832
2,3.6983654499053955,1155778560,662501888
3,3.690366506576538,1155698688,664499200
4,3.6813321113586426,1155462656,664268800
5,3.6723432540893555,1154895360,663913472
6,3.6597673892974854,1156976640,665597952
7,3.6519312858581543,1156018176,664163328
8,3.6402981281280518,1161147904,669742592
9,3.624870538711548,1155955200,662613504
10,3.6116771697998047,1156720128,665362432
11,3.6004061698913574,1161187840,669592576
12,3.5853888988494873,1159976448,666773504
13,3.5693254470825195,1155919360,663725568
14,3.550896406173706,1162688000,671348224
15,3.533276081085205,1156545024,664462848
16,3.5126049518585205,1161743360,670162944
17,3.5194168090820312,1155873792,662474240
18,3.483902931213379,1155515392,664238080
19,3.48344349861145,1157392896,666385920
20,3.4799818992614746,1157130240,665551360
21,3.4422521591186523,1162103296,670367232
22,3.4357194900512695,1158878720,665635840
23,3.4315237998962402,1160599040,668595712
24,3.439695119857788,1162919424,669773824
25,3.416842460632324,1162186752,668188160
26,3.4072322845458984,1154971136,661656064
27,3.41825795173645,1159055872,668018176
28,3.444281816482544,1153419776,661310464
29,3.4102840423583984,1160569344,669450752
30,3.430412769317627,1160345600,667217920
31,3.419126510620117,1156809728,663200256
32,3.412715435028076,1155542528,663757824
33,3.410644769668579,1163441664,672383488
34,3.4122493267059326,1161943040,667775488
35,3.386889696121216,1157237248,664009728
36,3.412180185317993,1149876736,658082816
37,3.3920674324035645,1159325696,669694976
38,3.3901383876800537,1161672704,668511232
39,3.3618764877319336,1155027456,661309440
