,loss,memory,diff_memory
0,3.7031044960021973,3173043200,3172875264
1,3.6596269607543945,3170491392,2614249984
2,3.6143743991851807,3173752832,2619094016
3,3.571371078491211,3174262784,2619018240
4,3.527651786804199,3168862720,2613668352
5,3.468076467514038,3168216064,2613464064
6,3.443068742752075,3173919744,2619180544
7,3.4264609813690186,3169357312,2614545408
8,3.4079675674438477,3173443584,2618694656
9,3.418720245361328,3162468352,2607751168
10,3.410776376724243,3166065152,2612556288
11,3.292409658432007,592329728,37712384
12,3.367973566055298,3168167936,3167496192
13,3.346938371658325,3173699584,2618939392
14,3.367784023284912,3173592064,2618795008
15,3.3348844051361084,3168298496,2613523456
16,3.332207679748535,3170135552,2615407616
17,3.3113365173339844,3174074368,2618330112
18,3.301464319229126,3166643712,2611865088
19,3.283074378967285,3168172544,2613260288
20,3.2653889656066895,3173663232,2618868224
21,3.2699875831604004,3173680128,2618910208
22,3.2532761096954346,3168763392,2613868544
23,3.105325937271118,591693312,36753920
24,3.2195191383361816,3165323264,3164651520
25,3.209947109222412,3168621056,2613518336
26,3.17661190032959,3175270400,2620516352
27,3.1792988777160645,3166967808,2611138048
28,3.1783387660980225,3165331456,2610676736
29,3.1482720375061035,3174837760,2620324864
30,3.128990888595581,3173703680,2617969664
31,3.1316306591033936,3170522112,2615775744
32,3.115112781524658,3165629440,2611951104
33,3.079202890396118,3178311680,2623320576
34,3.0962557792663574,3167570432,2611653632
35,3.150576591491699,588984832,34321408
36,3.068380117416382,3166423552,3165751808
37,3.0554769039154053,3170596864,2615473664
38,3.052238941192627,3165986816,2611218944
39,3.055922746658325,3167875584,2613188096
