,loss,memory,diff_memory
0,3.7135305404663086,1992168448,1897630720
1,3.705861806869507,1992600064,1343481856
2,3.698002576828003,1988938240,1339844608
3,3.689669132232666,1990092800,1341844480
4,3.681387424468994,1995836416,1347165696
5,3.6726303100585938,1996853248,1347181568
6,3.662520408630371,1993377280,1342490112
7,3.6500065326690674,1995031040,1345312256
8,3.638939619064331,1992670720,1343590912
9,3.6264495849609375,1995696640,1346686464
10,3.613267183303833,1996204544,1346457600
11,3.6196770668029785,688435712,38247424
12,3.587667942047119,1992688640,1897653248
13,3.5718533992767334,1995035648,1345896448
14,3.553863286972046,1995248640,1346160128
15,3.5438525676727295,1992933888,1343114752
16,3.52728009223938,1995265536,1345858048
17,3.5106143951416016,1994563584,1344696320
18,3.493791103363037,1995068928,1345932800
19,3.483269453048706,1992660992,1343540736
20,3.4713330268859863,1989923328,1340129280
21,3.4710631370544434,1995444224,1347120640
22,3.4526965618133545,1994539008,1344569856
23,3.4288063049316406,683612160,34500608
24,3.438803195953369,1992702464,1897667072
25,3.417717695236206,1992881152,1343728640
26,3.412721633911133,1995305472,1347272192
27,3.4166030883789062,1994521088,1344659968
28,3.4149298667907715,1992454656,1343359488
29,3.4119653701782227,1995393536,1346302976
30,3.4208407402038574,1992322048,1342427136
31,3.4154226779937744,1992839168,1343747072
32,3.414663791656494,1995262464,1346156032
33,3.394791603088379,1996464128,1346613248
34,3.3847739696502686,1993598976,1342748672
35,3.4033710956573486,691122176,42923520
36,3.396632194519043,1989447168,1894411776
37,3.389401435852051,1995098112,1346024448
38,3.3877267837524414,1995273728,1346126848
39,3.400406837463379,1992330752,1342502912
