,loss,memory,diff_memory
0,3.7271718978881836,2771466752,2771168768
1,3.577691078186035,2142022656,1455965696
2,3.457711696624756,2771673600,2770481664
3,3.4134137630462646,2140893696,1454922752
4,3.295001268386841,2773056000,2771864064
5,3.303992748260498,2140135424,1454243840
6,3.156219482421875,2772348416,2771156480
7,3.0481152534484863,2140696064,1454645248
8,2.973132610321045,2772621312,2771429376
9,2.908233642578125,2141125632,1455041536
10,2.82348370552063,2773045760,2771853824
11,2.729705810546875,2140717568,1454793216
12,2.642216205596924,2771873792,2770681856
13,2.5682504177093506,2142041600,1456031744
14,2.4884870052337646,2771500544,2770308608
15,2.4392969608306885,2140691456,1454772224
16,2.3909194469451904,2772407808,2771215872
17,2.324025869369507,2141160448,1454990848
18,2.24094295501709,2772321280,2771129344
19,2.194380283355713,2140099072,1454038528
20,2.1921169757843018,2772502528,2771310592
21,2.1941492557525635,2140484608,1454246912
22,2.1032090187072754,2773223424,2772031488
23,2.038250207901001,2142026240,1456032256
24,2.0957610607147217,2771974656,2770782720
25,1.988831639289856,2141214208,1455353344
26,1.9596461057662964,2771983872,2770791936
27,1.9877506494522095,2140926976,1454949376
28,1.9032660722732544,2772582912,2771390976
29,1.884123682975769,2142144000,1456008704
30,1.8933089971542358,2771953152,2770761216
31,1.8170714378356934,2142088192,1456204800
32,1.8365246057510376,2773080064,2771888128
33,1.8317159414291382,2141002752,1455160832
34,1.7755728960037231,2771819008,2770627072
35,1.8089196681976318,2141050368,1455148032
36,1.7661478519439697,2772871168,2771679232
37,1.7168586254119873,2140555776,1454690816
38,1.733141303062439,2771929600,2770737664
39,1.7474350929260254,2140961280,1455034880
