,gcn,ggnn,gat,gaan
0,90.15682339668274,99.6195375919342,92.07025170326233,104.01791334152222
1,40.41879177093506,43.94421577453613,43.66321563720704,42.86539554595947
2,69.39561026436942,70.77644552503314,72.31499467577252,75.15437262398856
3,75.17823051003849,61.022744459264416,47.18637466430664,47.047972679138184
4,52.882901646874174,49.907898361032665,57.2607002475045,48.20906032215465
5,40.3121259154343,38.517109504560146,40.86302765985815,40.35071556161089
