,gcn,ggnn,gat,gaan
0,86.76159381866455,22.982358932495117,108.15182328224182,262.5369727611542
1,35.62915325164795,17.682993412017822,62.43789196014404,73.4168529510498
2,63.81383963993617,36.74985681261336,86.3996914454869,260.6231485094343
3,109.36168362112605,18.710634287665872,135.63839828266816,512.9071824690874
4,24.385533549568873,13.100047003139151,40.40073264728893,71.06053829193114
5,14.189082674863862,10.462889584099374,32.210215562727385,42.68328663779468
