,amazon-photo,pubmed,amazon-computers,flickr,com-amazon
0,18.545120083333323,6.222729512195124,40.561907574468094,56.72794856250002,17.11403918749999
1,60.967671062499996,21.49435119512195,121.48088385106377,200.77158037499996,170.92376231249997
2,15.371534999999994,6.243359170731709,31.71827285106383,54.37470595833336,43.1520381666667
3,0.0,0.0,0.0,0.0,0.0
