,amazon-photo,pubmed,amazon-computers,coauthor-physics,flickr,com-amazon
0,1.1242610199999998,0.6162216041666667,2.27797328,2.4222521590909096,4.646139272727273,6.691802159090906
1,5.3083496599999975,3.0958620625000006,10.07362312,9.778883636363638,18.103482954545452,24.548947477272733
2,0.81277002,0.4835978749999999,1.5599531,1.6037403181818184,3.186456863636363,4.7721263409090895
3,0.0,0.0,0.0,0.0,0.0,0.0
