,amazon-photo,pubmed,amazon-computers,coauthor-physics,flickr,com-amazon
0,2.34677048979592,1.279916102040817,4.431583739999997,4.610194204545454,8.73123957142857,13.004594000000004
1,1.8393568571428562,0.7619292448979598,3.861783240000002,3.70670293181818,7.134737404761905,9.50139172727272
2,2.808646489795918,1.7390031224489795,5.02538484,5.431775136363633,9.822954476190484,13.989994772727284
3,0.04453857142857144,0.11044393877551024,0.08194693999999993,0.17151197727272735,0.4324111666666667,1.6720937954545454
