,amazon-photo,pubmed,amazon-computers,coauthor-physics,flickr,com-amazon
0,0.6866753,0.31638706666666677,1.2954283000000004,1.1262517499999996,2.2929136399999996,3.2223943000000004
1,0.63247922,0.2647112444444445,1.3015601400000003,1.2372882727272723,2.381837379999999,3.16186666
2,1.0081211600000002,0.4657970888888886,1.8624515399999992,1.5295500227272725,3.4237348000000014,4.976297159999999
3,0.028746720000000017,0.05938599999999999,0.04524050000000001,0.08539661363636362,0.21977574,0.8359861200000002
