,amazon-photo,pubmed,amazon-computers,coauthor-physics,flickr,com-amazon
0,1.1008539,0.43918612,2.0279210599999997,1.909001068181818,3.510579869565217,3.8473454222222236
1,0.0,0.0,0.0,0.0,0.0,0.0
2,1.5466352800000007,0.6265412999999999,2.8084294799999987,2.625950000000001,5.226866152173915,5.6988033333333314
3,0.0,0.0,0.0,0.0,0.0,0.0
