,amazon-photo,pubmed,amazon-computers,flickr,com-amazon
0,0.09060035416666667,0.15906697872340425,0.16696344680851063,0.7418239591836734,0.5015839787234042
1,4.061045854166666,1.4283600851063831,8.833525765957447,13.034484020408165,8.667008170212764
2,0.04529785416666667,0.05866831914893618,0.053546765957446806,0.1432744081632653,0.5567238085106383
3,1.7743607291666668,0.849596404255319,3.609274255319149,7.08398906122449,9.913417872340425
