,gcn,ggnn,gat,gaan
0,,,,
1,,,,
2,,,,
3,,,,
4,,,,
5,,,,
6,40.50252437591553,96.37812376022339,128.70583534240723,
