,gcn,ggnn,gat,gaan
0,5.172317028045654,5.063333511352539,5.565352439880371,
1,6.61617166855756,7.455959039575913,7.262780385858872,
2,14.62399725820504,13.788802950989966,14.284447127697515,
3,29.748048782348633,30.60354709625244,31.41393184661865,
4,141.6387099486131,143.69084743353037,158.51402741212112,
5,1305.519552230835,945.5212163925171,933.8691520690918,
6,0.0,0.0,0.0,
