{"select": 0.0, "ne": 0.0874538979591837, "slice": 0.0, "to": 0.0, "index": 1.8809023061224492, "unsqueeze": 0.0, "repeat": 0.026229122448979594, "cat": 12.732683081632656, "index_select": 40.76540640816327, "mm": 112.45480551020408, "view": 0.0, "mul": 24.803264734693872, "sum": 13.338186387755101, "sub": 0.190003224489796, "exp": 0.15828359183673474, "expand": 0.0, "scatter_add_": 25.34047004081632, "add": 1.3663228979591833, "div": 0.4533597346938776, "clamp_": 0.00880691836734694, "is_floating_point": 0.0, "true_divide_": 0.4667150204081634, "leaky_relu": 0.01654385714285714, "_fused_dropout": 0.012694265306122453, "_log_softmax": 0.008374061224489795, "nll_loss_forward": 0.06867289795918365, "zero_": 0.13268861224489797, "torch::autograd::GraphRoot": 0.0, "nll_loss_backward": 0.12221183673469388, "empty": 0.0, "_index_put_impl_": 7.620841591836737, "_log_softmax_backward_data": 0.0035047142857142846, "t": 0.0, "add_": 0.09536236734693877, "gather": 3.8097070612244903, "index_add_": 1.9711773265306123, "scatter_": 0.348611530612245, "AddBackward0": 0.0, "neg": 0.13014061224489792, "clone": 4.265189326530612, "_unsafe_view": 0.0, "_masked_scale": 0.008400224489795917, "leaky_relu_backward": 0.017505632653061223, "mul_": 0.06736271428571429, "addcmul_": 0.02987822448979592, "sqrt": 0.03207289795918368, "addcdiv_": 0.04209197959183673, "_local_scalar_dense": 0.009136265306122451, "dropout": 0.0, "max": 0.01768659183673469, "eq": 0.007414714285714282, "is_complex": 0.0}