{"select": 0.0, "ne": 0.03713242553191489, "slice": 0.0, "to": 0.0, "index": 1.4601451914893613, "unsqueeze": 0.0, "repeat": 0.022056319148936167, "cat": 24.030251723404252, "index_select": 14.153743957446805, "mm": 145.404225, "view": 0.0, "mul": 45.33034159574468, "sum": 12.836325021276595, "sub": 0.05825976595744681, "exp": 0.04861317021276595, "expand": 0.0, "scatter_add_": 16.407279680851065, "add": 2.149226255319149, "div": 0.23884665957446818, "clamp_": 0.008694425531914894, "is_floating_point": 0.0, "true_divide_": 0.9114032765957448, "leaky_relu": 0.07224531914893616, "_fused_dropout": 0.05032459574468085, "_log_softmax": 0.009220702127659573, "nll_loss_forward": 0.20061221276595745, "zero_": 0.3030531276595745, "torch::autograd::GraphRoot": 0.0, "nll_loss_backward": 0.25116753191489355, "empty": 0.0, "_index_put_impl_": 3.6225334893617016, "_log_softmax_backward_data": 0.0038797872340425553, "t": 0.0, "add_": 0.12314119148936171, "gather": 5.759175063829788, "index_add_": 1.1578080212765955, "scatter_": 0.4614598723404256, "AddBackward0": 0.0, "neg": 0.03726159574468086, "clone": 7.340811212765958, "_unsafe_view": 0.0, "_masked_scale": 0.04661910638297872, "leaky_relu_backward": 0.0614772340425532, "mul_": 0.09228748936170217, "addcmul_": 0.038648999999999996, "sqrt": 0.04127293617021276, "addcdiv_": 0.07006670212765957, "_local_scalar_dense": 0.009032021276595746, "dropout": 0.0, "max": 0.03178108510638297, "eq": 0.007112744680851062, "is_complex": 0.0}