{"select": 0.0, "ne": 0.2763242448979592, "slice": 0.0, "to": 0.0, "index": 5.312747102040816, "unsqueeze": 0.0, "repeat": 0.16242553061224493, "cat": 31.623489857142857, "index_select": 35.41958451020408, "mm": 60.81299167346939, "view": 0.0, "mul": 37.03127522448979, "sum": 21.962786897959187, "sub": 0.9604967346938778, "exp": 0.659826081632653, "expand": 0.0, "scatter_add_": 19.716579897959186, "add": 12.159552959183674, "div": 2.721957877551021, "clamp_": 0.030834632653061224, "is_floating_point": 0.0, "true_divide_": 2.1838860408163265, "leaky_relu": 1.414057326530613, "_fused_dropout": 0.8384572244897959, "_log_softmax": 0.2876975102040816, "nll_loss_forward": 4.000482204081633, "zero_": 4.982322244897959, "torch::autograd::GraphRoot": 0.0, "nll_loss_backward": 3.6838489387755105, "empty": 0.0, "_index_put_impl_": 23.619573346938775, "_log_softmax_backward_data": 0.19522334693877558, "t": 0.0, "add_": 0.06850777551020405, "gather": 7.8806063877551, "index_add_": 16.415412387755104, "scatter_": 7.540038673469387, "AddBackward0": 0.0, "neg": 0.6636474285714284, "clone": 7.575633816326529, "_unsafe_view": 0.0, "_masked_scale": 0.7857534897959184, "leaky_relu_backward": 1.026337551020408, "mul_": 0.04313530612244898, "addcmul_": 0.0209709387755102, "sqrt": 0.022769857142857144, "addcdiv_": 0.02819573469387754, "_local_scalar_dense": 0.007973795918367348, "dropout": 0.0, "max": 0.3766735714285714, "eq": 0.022953714285714286, "is_complex": 0.0}