{"select": 0.0, "ne": 0.16827024444444444, "slice": 0.0, "to": 0.0, "index": 2.467993711111111, "unsqueeze": 0.0, "repeat": 0.025658800000000002, "cat": 17.980789999999995, "index_select": 91.62302882222221, "mm": 203.63875568888886, "view": 0.0, "mul": 26.049281466666656, "sum": 19.841981066666666, "sub": 0.3865295555555555, "exp": 0.29509460000000004, "expand": 0.0, "scatter_add_": 44.75434015555556, "add": 2.592823599999999, "div": 0.8666775333333334, "clamp_": 0.008902244444444441, "is_floating_point": 0.0, "true_divide_": 0.7773158666666666, "leaky_relu": 0.047750333333333346, "_fused_dropout": 0.03493517777777779, "_log_softmax": 0.014613266666666666, "nll_loss_forward": 0.1020259333333333, "zero_": 0.2146389777777777, "torch::autograd::GraphRoot": 0.0, "nll_loss_backward": 0.15730115555555557, "empty": 0.0, "_index_put_impl_": 16.006448733333336, "_log_softmax_backward_data": 0.006076644444444443, "t": 0.0, "add_": 0.1055165111111111, "gather": 4.567307422222222, "index_add_": 4.0341088222222234, "scatter_": 0.6309938444444446, "AddBackward0": 0.0, "neg": 0.26583962222222224, "clone": 4.504779444444443, "_unsafe_view": 0.0, "_masked_scale": 0.03252184444444444, "leaky_relu_backward": 0.04365895555555555, "mul_": 0.07581935555555555, "addcmul_": 0.03698848888888889, "sqrt": 0.041774399999999996, "addcdiv_": 0.052846800000000006, "_local_scalar_dense": 0.0085368, "dropout": 0.0, "max": 0.022366800000000003, "eq": 0.006129111111111111, "is_complex": 0.0}