{"select": 0.0, "ne": 0.03749718749999999, "slice": 0.0, "to": 0.0, "index": 1.5381226458333332, "unsqueeze": 0.0, "repeat": 0.022096729166666673, "cat": 45.920568604166675, "index_select": 13.885330791666659, "mm": 277.0838063333333, "view": 0.0, "mul": 90.39126514583334, "sum": 25.100108729166674, "sub": 0.05701158333333333, "exp": 0.0464064375, "expand": 0.0, "scatter_add_": 26.548253645833345, "add": 3.5254359374999997, "div": 0.24397335416666668, "clamp_": 0.007869375000000001, "is_floating_point": 0.0, "true_divide_": 0.8571188958333336, "leaky_relu": 0.06939229166666668, "_fused_dropout": 0.05015941666666666, "_log_softmax": 0.009174104166666667, "nll_loss_forward": 0.19275441666666662, "zero_": 0.3082398541666666, "torch::autograd::GraphRoot": 0.0, "nll_loss_backward": 0.36293695833333345, "empty": 0.0, "_index_put_impl_": 3.4374822499999986, "_log_softmax_backward_data": 0.0038231249999999997, "t": 0.0, "add_": 0.1706131458333333, "gather": 11.390116375, "index_add_": 1.165162125, "scatter_": 0.47214089583333335, "AddBackward0": 0.0, "neg": 0.037437187499999997, "clone": 14.66611533333333, "_unsafe_view": 0.0, "_masked_scale": 0.04663375, "leaky_relu_backward": 0.061629041666666655, "mul_": 0.13398597916666666, "addcmul_": 0.06110204166666668, "sqrt": 0.056151479166666685, "addcdiv_": 0.10189831249999999, "_local_scalar_dense": 0.008835145833333334, "dropout": 0.0, "max": 0.030278020833333332, "eq": 0.006729374999999999, "is_complex": 0.0}