{"select": 0.0, "ne": 0.2780253469387755, "slice": 0.0, "to": 0.0, "index": 5.504785571428571, "unsqueeze": 0.0, "repeat": 0.03767028571428572, "cat": 46.93378869387756, "index_select": 124.97906138775512, "mm": 287.6294561428572, "view": 0.0, "mul": 52.08778502040816, "sum": 39.757984346938784, "sub": 0.7493055714285713, "exp": 0.5714188775510203, "expand": 0.0, "scatter_add_": 67.07792783673472, "add": 6.500747632653061, "div": 1.7585614489795918, "clamp_": 0.01472212244897959, "is_floating_point": 0.0, "true_divide_": 3.509896510204081, "leaky_relu": 0.3665434081632653, "_fused_dropout": 0.22585048979591843, "_log_softmax": 0.05069363265306122, "nll_loss_forward": 0.6056916530612245, "zero_": 1.3074499795918364, "torch::autograd::GraphRoot": 0.0, "nll_loss_backward": 0.5100438163265306, "empty": 0.0, "_index_put_impl_": 27.658701387755098, "_log_softmax_backward_data": 0.0372053469387755, "t": 0.0, "add_": 0.09540708163265307, "gather": 9.770384612244897, "index_add_": 11.117322346938773, "scatter_": 4.056532122448981, "AddBackward0": 0.0, "neg": 0.5166581224489796, "clone": 8.676499734693877, "_unsafe_view": 0.0, "_masked_scale": 0.20969838775510208, "leaky_relu_backward": 0.2734424897959183, "mul_": 0.06393336734693877, "addcmul_": 0.03119093877551021, "sqrt": 0.033604693877551016, "addcdiv_": 0.043564571428571425, "_local_scalar_dense": 0.008453163265306122, "dropout": 0.0, "max": 0.10837026530612247, "eq": 0.008111551020408165, "is_complex": 0.0}