{"select": 0.0, "ne": 0.27652670212765956, "slice": 0.0, "to": 0.0, "index": 5.2462162553191485, "unsqueeze": 0.0, "repeat": 0.1613653617021276, "cat": 52.54444187234043, "index_select": 36.03042321276597, "mm": 81.80284953191489, "view": 0.0, "mul": 70.77096663829788, "sum": 47.4975335106383, "sub": 0.9572544893617022, "exp": 0.6703255106382978, "expand": 0.0, "scatter_add_": 26.638711553191488, "add": 13.52522274468085, "div": 2.717003574468087, "clamp_": 0.032602234042553184, "is_floating_point": 0.0, "true_divide_": 2.186855382978723, "leaky_relu": 1.4063152978723403, "_fused_dropout": 0.8484957872340426, "_log_softmax": 0.28896574468085107, "nll_loss_forward": 4.095382148936169, "zero_": 4.971611212765958, "torch::autograd::GraphRoot": 0.0, "nll_loss_backward": 3.7843072978723407, "empty": 0.0, "_index_put_impl_": 24.249702723404255, "_log_softmax_backward_data": 0.1942112553191489, "t": 0.0, "add_": 0.07285085106382978, "gather": 12.030415212765954, "index_add_": 16.523557085106383, "scatter_": 7.466677340425533, "AddBackward0": 0.0, "neg": 0.6624654255319149, "clone": 11.071753276595746, "_unsafe_view": 0.0, "_masked_scale": 0.7785650638297872, "leaky_relu_backward": 1.018096659574468, "mul_": 0.04522940425531916, "addcmul_": 0.02144431914893617, "sqrt": 0.024765659574468083, "addcdiv_": 0.031611340425531924, "_local_scalar_dense": 0.00819887234042553, "dropout": 0.0, "max": 0.3815363617021277, "eq": 0.023027574468085114, "is_complex": 0.0}