{"select": 0.0, "ne": 0.03500414893617022, "slice": 0.0, "to": 0.0, "index": 1.4321321276595744, "unsqueeze": 0.0, "repeat": 0.018757957446808513, "cat": 6.310275829787233, "index_select": 12.766984489361704, "mm": 29.22711731914894, "view": 0.0, "mul": 5.924724340425531, "sum": 3.994138404255319, "sub": 0.05644940425531916, "exp": 0.03914670212765958, "expand": 0.0, "scatter_add_": 6.780420808510636, "add": 0.9359963191489358, "div": 0.21686527659574464, "clamp_": 0.007043851063829785, "is_floating_point": 0.0, "true_divide_": 0.8016944042553192, "leaky_relu": 0.07679436170212767, "_fused_dropout": 0.04978068085106384, "_log_softmax": 0.007289829787234042, "nll_loss_forward": 0.17153431914893616, "zero_": 0.29408025531914894, "torch::autograd::GraphRoot": 0.0, "nll_loss_backward": 0.22215774468085103, "empty": 0.0, "_index_put_impl_": 3.553517468085107, "_log_softmax_backward_data": 0.0030846595744680847, "t": 0.0, "add_": 0.07449080851063831, "gather": 0.9869432127659575, "index_add_": 1.1446715744680847, "scatter_": 0.4489902978723404, "AddBackward0": 0.0, "neg": 0.03593691489361702, "clone": 0.9499346170212767, "_unsafe_view": 0.0, "_masked_scale": 0.04684372340425532, "leaky_relu_backward": 0.06197563829787234, "mul_": 0.047418021276595744, "addcmul_": 0.02190125531914893, "sqrt": 0.024882914893617016, "addcdiv_": 0.02956261702127659, "_local_scalar_dense": 0.00804968085106383, "dropout": 0.0, "max": 0.027390638297872336, "eq": 0.00608840425531915, "is_complex": 0.0}