{"select": 0.0, "ne": 0.16749366, "slice": 0.0, "to": 0.0, "index": 5.076916300000001, "unsqueeze": 0.0, "repeat": 0.025896479999999996, "cat": 50.255858880000005, "index_select": 89.44050978, "mm": 503.7948448800001, "view": 0.0, "mul": 100.27503359999999, "sum": 31.5016149, "sub": 0.3861950800000001, "exp": 0.29500028, "expand": 0.0, "scatter_add_": 62.95365404, "add": 2.9301557599999994, "div": 0.86673676, "clamp_": 0.009294519999999999, "is_floating_point": 0.0, "true_divide_": 0.77924082, "leaky_relu": 0.04690912, "_fused_dropout": 0.034851740000000006, "_log_softmax": 0.016738900000000004, "nll_loss_forward": 0.11130107999999997, "zero_": 0.22374264, "torch::autograd::GraphRoot": 0.0, "nll_loss_backward": 0.17034338000000002, "empty": 0.0, "_index_put_impl_": 17.60857254, "_log_softmax_backward_data": 0.007690820000000002, "t": 0.0, "add_": 0.12182959999999995, "gather": 15.210915700000001, "index_add_": 4.326004719999999, "scatter_": 0.6405526399999999, "AddBackward0": 0.0, "neg": 0.26402896000000003, "clone": 17.477323020000004, "_unsafe_view": 0.0, "_masked_scale": 0.032802059999999994, "leaky_relu_backward": 0.043323400000000005, "mul_": 0.08860948, "addcmul_": 0.03913257999999999, "sqrt": 0.042412280000000004, "addcdiv_": 0.062199919999999985, "_local_scalar_dense": 0.008951480000000001, "dropout": 0.0, "max": 0.02467418, "eq": 0.00674818, "is_complex": 0.0}