{"select": 0.0, "ne": 0.08870423913043479, "slice": 0.0, "to": 0.0, "index": 1.7941140652173915, "unsqueeze": 0.0, "repeat": 0.02492480434782609, "cat": 8.636372, "index_select": 39.26641956521739, "mm": 88.5286319347826, "view": 0.0, "mul": 12.668571195652177, "sum": 9.758237369565219, "sub": 0.18922030434782613, "exp": 0.14811871739130436, "expand": 0.0, "scatter_add_": 21.189068652173916, "add": 1.2639044782608695, "div": 0.4467720869565217, "clamp_": 0.008447891304347824, "is_floating_point": 0.0, "true_divide_": 0.44975784782608696, "leaky_relu": 0.0154580652173913, "_fused_dropout": 0.011530065217391305, "_log_softmax": 0.007767108695652175, "nll_loss_forward": 0.06442541304347825, "zero_": 0.12952595652173912, "torch::autograd::GraphRoot": 0.0, "nll_loss_backward": 0.11891506521739136, "empty": 0.0, "_index_put_impl_": 7.614217630434781, "_log_softmax_backward_data": 0.003332586956521737, "t": 0.0, "add_": 0.08319886956521738, "gather": 2.264024826086956, "index_add_": 1.9571541521739135, "scatter_": 0.3444575434782609, "AddBackward0": 0.0, "neg": 0.12990393478260867, "clone": 2.152625478260869, "_unsafe_view": 0.0, "_masked_scale": 0.008409586956521742, "leaky_relu_backward": 0.017980282608695653, "mul_": 0.054768956521739146, "addcmul_": 0.02587858695652174, "sqrt": 0.02846900000000001, "addcdiv_": 0.03587341304347826, "_local_scalar_dense": 0.008741652173913043, "dropout": 0.0, "max": 0.016503673913043478, "eq": 0.007074304347826086, "is_complex": 0.0}