{"select": 0.0, "ne": 0.08621368085106383, "slice": 0.0, "to": 0.0, "index": 1.9140898085106388, "unsqueeze": 0.0, "repeat": 0.025344978723404254, "cat": 24.235675276595735, "index_select": 39.7858914680851, "mm": 220.525424, "view": 0.0, "mul": 48.939163957446794, "sum": 15.465015702127658, "sub": 0.18991010638297873, "exp": 0.15300934042553188, "expand": 0.0, "scatter_add_": 30.34413614893617, "add": 1.5040683191489364, "div": 0.45480036170212756, "clamp_": 0.008230787234042553, "is_floating_point": 0.0, "true_divide_": 0.4532602978723404, "leaky_relu": 0.01594144680851064, "_fused_dropout": 0.012202404255319148, "_log_softmax": 0.00815508510638298, "nll_loss_forward": 0.06468995744680851, "zero_": 0.13233365957446808, "torch::autograd::GraphRoot": 0.0, "nll_loss_backward": 0.12018176595744683, "empty": 0.0, "_index_put_impl_": 7.788332234042554, "_log_softmax_backward_data": 0.0033535531914893613, "t": 0.0, "add_": 0.10775136170212764, "gather": 6.7185405106383, "index_add_": 1.965812765957446, "scatter_": 0.34398619148936155, "AddBackward0": 0.0, "neg": 0.12983597872340427, "clone": 8.480905723404256, "_unsafe_view": 0.0, "_masked_scale": 0.00835263829787234, "leaky_relu_backward": 0.01807163829787234, "mul_": 0.0781548936170213, "addcmul_": 0.033896617021276595, "sqrt": 0.03675968085106382, "addcdiv_": 0.05267478723404254, "_local_scalar_dense": 0.008729723404255318, "dropout": 0.0, "max": 0.016420702127659576, "eq": 0.0070250851063829835, "is_complex": 0.0}