{"select": 0.0, "ne": 0.08735198000000001, "slice": 0.0, "to": 0.0, "index": 4.578285959999999, "unsqueeze": 0.0, "repeat": 0.02473301999999999, "cat": 95.01100141999997, "index_select": 39.198312060000006, "mm": 882.5756349800001, "view": 0.0, "mul": 193.82201017999995, "sum": 54.16687882000001, "sub": 0.19076967999999997, "exp": 0.14837104, "expand": 0.0, "scatter_add_": 64.56952220000002, "add": 2.3655269999999997, "div": 0.48172530000000013, "clamp_": 0.0077900400000000015, "is_floating_point": 0.0, "true_divide_": 0.44042632, "leaky_relu": 0.014416039999999998, "_fused_dropout": 0.011182319999999999, "_log_softmax": 0.008408220000000001, "nll_loss_forward": 0.06639968000000002, "zero_": 0.15392076, "torch::autograd::GraphRoot": 0.0, "nll_loss_backward": 0.17759909999999998, "empty": 0.0, "_index_put_impl_": 8.92981368, "_log_softmax_backward_data": 0.0038504999999999993, "t": 0.0, "add_": 0.24199148000000004, "gather": 29.263548240000006, "index_add_": 2.2098927400000004, "scatter_": 0.39818115999999987, "AddBackward0": 0.0, "neg": 0.12986268000000004, "clone": 33.271277399999995, "_unsafe_view": 0.0, "_masked_scale": 0.01075548, "leaky_relu_backward": 0.01752856, "mul_": 0.16619889999999998, "addcmul_": 0.09043268000000003, "sqrt": 0.06517818, "addcdiv_": 0.13364940000000003, "_local_scalar_dense": 0.009248419999999999, "dropout": 0.0, "max": 0.01737962, "eq": 0.007309420000000003, "is_complex": 0.0}