{"select": 0.0, "ne": 0.08850308888888887, "slice": 0.0, "to": 0.0, "index": 1.7198170888888884, "unsqueeze": 0.0, "repeat": 0.022255666666666674, "cat": 5.092312377777778, "index_select": 36.882162555555546, "mm": 63.29503977777779, "view": 0.0, "mul": 6.6606596444444435, "sum": 4.470771177777778, "sub": 0.18938304444444445, "exp": 0.13887359999999996, "expand": 0.0, "scatter_add_": 19.0192252, "add": 1.2341778888888892, "div": 0.4410757777777778, "clamp_": 0.007255733333333333, "is_floating_point": 0.0, "true_divide_": 0.43498802222222205, "leaky_relu": 0.013863266666666662, "_fused_dropout": 0.01194206666666667, "_log_softmax": 0.007185800000000002, "nll_loss_forward": 0.058117444444444444, "zero_": 0.12606157777777777, "torch::autograd::GraphRoot": 0.0, "nll_loss_backward": 0.11157875555555555, "empty": 0.0, "_index_put_impl_": 7.369495377777779, "_log_softmax_backward_data": 0.0030277555555555556, "t": 0.0, "add_": 0.07215648888888888, "gather": 1.453106644444444, "index_add_": 1.9360558, "scatter_": 0.3564205111111111, "AddBackward0": 0.0, "neg": 0.12991588888888891, "clone": 1.4855794444444446, "_unsafe_view": 0.0, "_masked_scale": 0.008620022222222223, "leaky_relu_backward": 0.01789693333333333, "mul_": 0.048179977777777785, "addcmul_": 0.022715222222222217, "sqrt": 0.02567928888888889, "addcdiv_": 0.03048855555555556, "_local_scalar_dense": 0.008265688888888892, "dropout": 0.0, "max": 0.015416799999999998, "eq": 0.006452511111111109, "is_complex": 0.0}