{"select": 0.0, "ne": 0.034574062499999995, "slice": 0.0, "to": 0.0, "index": 1.3854841249999996, "unsqueeze": 0.0, "repeat": 0.016581770833333336, "cat": 4.7739925625, "index_select": 12.456637000000002, "mm": 23.79019656249999, "view": 0.0, "mul": 3.103013104166667, "sum": 2.0071335625000004, "sub": 0.056684937500000004, "exp": 0.03565666666666666, "expand": 0.0, "scatter_add_": 6.180120374999999, "add": 0.8424208333333333, "div": 0.21557881250000002, "clamp_": 0.0063760625000000015, "is_floating_point": 0.0, "true_divide_": 0.787652125, "leaky_relu": 0.07806439583333334, "_fused_dropout": 0.04927147916666667, "_log_softmax": 0.006596000000000001, "nll_loss_forward": 0.15908224999999995, "zero_": 0.29257427083333326, "torch::autograd::GraphRoot": 0.0, "nll_loss_backward": 0.20057893749999992, "empty": 0.0, "_index_put_impl_": 3.5228726875, "_log_softmax_backward_data": 0.002862354166666666, "t": 0.0, "add_": 0.06829987499999998, "gather": 0.6419082708333333, "index_add_": 1.1460768749999999, "scatter_": 0.44327139583333325, "AddBackward0": 0.0, "neg": 0.035715374999999994, "clone": 0.6433904375, "_unsafe_view": 0.0, "_masked_scale": 0.046983708333333325, "leaky_relu_backward": 0.06173108333333333, "mul_": 0.04450460416666668, "addcmul_": 0.021965645833333325, "sqrt": 0.02200324999999999, "addcdiv_": 0.02740875, "_local_scalar_dense": 0.007590604166666668, "dropout": 0.0, "max": 0.024607812500000003, "eq": 0.005546208333333333, "is_complex": 0.0}