{"select": 0.0, "ne": 0.08685199999999997, "slice": 0.0, "to": 0.0, "index": 1.981928836734694, "unsqueeze": 0.0, "repeat": 0.0254738163265306, "cat": 47.08682634693878, "index_select": 39.49691787755103, "mm": 470.83164346938787, "view": 0.0, "mul": 97.08810812244897, "sum": 27.59225402040817, "sub": 0.18954953061224494, "exp": 0.14712051020408162, "expand": 0.0, "scatter_add_": 40.759579040816334, "add": 1.7912070612244901, "div": 0.4641661020408163, "clamp_": 0.007893612244897959, "is_floating_point": 0.0, "true_divide_": 0.4406413673469388, "leaky_relu": 0.014926265306122446, "_fused_dropout": 0.011230979591836733, "_log_softmax": 0.008753673469387756, "nll_loss_forward": 0.06313153061224488, "zero_": 0.13757820408163268, "torch::autograd::GraphRoot": 0.0, "nll_loss_backward": 0.1501669387755102, "empty": 0.0, "_index_put_impl_": 8.688500224489793, "_log_softmax_backward_data": 0.0037071020408163255, "t": 0.0, "add_": 0.14583218367346945, "gather": 13.412757285714287, "index_add_": 2.0283273469387764, "scatter_": 0.3482704897959183, "AddBackward0": 0.0, "neg": 0.12944779591836733, "clone": 16.750991999999997, "_unsafe_view": 0.0, "_masked_scale": 0.008905734693877553, "leaky_relu_backward": 0.017759204081632653, "mul_": 0.11353532653061224, "addcmul_": 0.0472500612244898, "sqrt": 0.04834363265306123, "addcdiv_": 0.08606967346938775, "_local_scalar_dense": 0.008921734693877553, "dropout": 0.0, "max": 0.01614289795918368, "eq": 0.006935081632653059, "is_complex": 0.0}