{"select": 0.0, "ne": 0.2761804680851064, "slice": 0.0, "to": 0.0, "index": 3.825228659574467, "unsqueeze": 0.0, "repeat": 0.03665502127659575, "cat": 31.088847914893623, "index_select": 124.53126291489362, "mm": 199.02680568085108, "view": 0.0, "mul": 27.26454670212765, "sum": 18.99127255319149, "sub": 0.7494900212765957, "exp": 0.5663100851063828, "expand": 0.0, "scatter_add_": 61.137197744680854, "add": 6.138626212765959, "div": 1.7611633404255325, "clamp_": 0.014487340425531922, "is_floating_point": 0.0, "true_divide_": 3.5156611063829777, "leaky_relu": 0.3668649787234043, "_fused_dropout": 0.22567608510638307, "_log_softmax": 0.05037763829787234, "nll_loss_forward": 0.6016178297872339, "zero_": 1.3068622553191487, "torch::autograd::GraphRoot": 0.0, "nll_loss_backward": 0.5009251063829788, "empty": 0.0, "_index_put_impl_": 26.66316695744681, "_log_softmax_backward_data": 0.03706146808510638, "t": 0.0, "add_": 0.08187848936170214, "gather": 6.353956212765956, "index_add_": 10.98674355319149, "scatter_": 4.025865957446809, "AddBackward0": 0.0, "neg": 0.5188682127659575, "clone": 5.929898617021278, "_unsafe_view": 0.0, "_masked_scale": 0.210911085106383, "leaky_relu_backward": 0.27475893617021274, "mul_": 0.05438789361702128, "addcmul_": 0.02627721276595745, "sqrt": 0.02838495744680851, "addcdiv_": 0.03527687234042553, "_local_scalar_dense": 0.00828191489361702, "dropout": 0.0, "max": 0.10592446808510636, "eq": 0.007907489361702125, "is_complex": 0.0}