{"select": 0.0, "ne": 0.277824425531915, "slice": 0.0, "to": 0.0, "index": 5.32183959574468, "unsqueeze": 0.0, "repeat": 0.16266221276595746, "cat": 77.0411565744681, "index_select": 36.924513702127676, "mm": 122.54156985106381, "view": 0.0, "mul": 138.44020640425535, "sum": 68.00166674468085, "sub": 0.9536456808510639, "exp": 0.6972955744680851, "expand": 0.0, "scatter_add_": 41.89299725531915, "add": 16.316754042553193, "div": 2.715772404255319, "clamp_": 0.034151085106382977, "is_floating_point": 0.0, "true_divide_": 2.1914601276595747, "leaky_relu": 1.3995801276595745, "_fused_dropout": 0.8465841914893618, "_log_softmax": 0.2911313617021275, "nll_loss_forward": 4.200239851063832, "zero_": 4.968333574468086, "torch::autograd::GraphRoot": 0.0, "nll_loss_backward": 3.8860777021276602, "empty": 0.0, "_index_put_impl_": 25.069891808510633, "_log_softmax_backward_data": 0.19381719148936175, "t": 0.0, "add_": 0.07792848936170213, "gather": 20.891209340425526, "index_add_": 16.685054106382978, "scatter_": 7.469120680851063, "AddBackward0": 0.0, "neg": 0.6600990638297871, "clone": 21.936610829787238, "_unsafe_view": 0.0, "_masked_scale": 0.7736832765957443, "leaky_relu_backward": 1.0128546595744685, "mul_": 0.046646468085106384, "addcmul_": 0.02191802127659575, "sqrt": 0.02397612765957446, "addcdiv_": 0.031821404255319145, "_local_scalar_dense": 0.00837895744680851, "dropout": 0.0, "max": 0.4005980425531914, "eq": 0.023681957446808514, "is_complex": 0.0}