{"select": 0.0, "ne": 0.03621089130434783, "slice": 0.0, "to": 0.0, "index": 1.4285106521739133, "unsqueeze": 0.0, "repeat": 0.02076132608695652, "cat": 13.431246086956525, "index_select": 13.53715367391304, "mm": 68.82809573913042, "view": 0.0, "mul": 22.850904869565216, "sum": 7.115189608695655, "sub": 0.0581173043478261, "exp": 0.04579200000000001, "expand": 0.0, "scatter_add_": 10.791730391304348, "add": 1.4558628695652176, "div": 0.22506060869565223, "clamp_": 0.007977739130434784, "is_floating_point": 0.0, "true_divide_": 0.8695830217391306, "leaky_relu": 0.07378178260869567, "_fused_dropout": 0.04978528260869565, "_log_softmax": 0.009001586956521737, "nll_loss_forward": 0.19112197826086955, "zero_": 0.3006755434782609, "torch::autograd::GraphRoot": 0.0, "nll_loss_backward": 0.22451863043478265, "empty": 0.0, "_index_put_impl_": 3.0525497173913054, "_log_softmax_backward_data": 0.003523217391304347, "t": 0.0, "add_": 0.09125673913043479, "gather": 3.0367466739130435, "index_add_": 1.1569671304347826, "scatter_": 0.4646351521739132, "AddBackward0": 0.0, "neg": 0.03699132608695652, "clone": 3.7377009347826076, "_unsafe_view": 0.0, "_masked_scale": 0.04693830434782608, "leaky_relu_backward": 0.06125417391304348, "mul_": 0.06336771739130435, "addcmul_": 0.02690104347826088, "sqrt": 0.027216217391304347, "addcdiv_": 0.037404695652173935, "_local_scalar_dense": 0.008771239130434785, "dropout": 0.0, "max": 0.03217173913043477, "eq": 0.007286847826086958, "is_complex": 0.0}