{"select": 0.0, "ne": 0.16786287234042552, "slice": 0.0, "to": 0.0, "index": 2.435502680851063, "unsqueeze": 0.0, "repeat": 0.023372957446808514, "cat": 10.417922340425529, "index_select": 87.317115, "mm": 137.48129042553194, "view": 0.0, "mul": 13.616718319148937, "sum": 9.33555744680851, "sub": 0.3863374042553191, "exp": 0.28255525531914893, "expand": 0.0, "scatter_add_": 41.399528617021275, "add": 2.4927346382978732, "div": 0.8539246382978722, "clamp_": 0.00884131914893617, "is_floating_point": 0.0, "true_divide_": 0.7736245744680852, "leaky_relu": 0.04840472340425531, "_fused_dropout": 0.03469646808510639, "_log_softmax": 0.014537404255319148, "nll_loss_forward": 0.09906972340425531, "zero_": 0.21420595744680845, "torch::autograd::GraphRoot": 0.0, "nll_loss_backward": 0.15332321276595745, "empty": 0.0, "_index_put_impl_": 15.805938851063829, "_log_softmax_backward_data": 0.005809744680851063, "t": 0.0, "add_": 0.0818735744680851, "gather": 3.0685615744680854, "index_add_": 4.042379851063829, "scatter_": 0.6091262765957447, "AddBackward0": 0.0, "neg": 0.26598417021276605, "clone": 3.025620808510638, "_unsafe_view": 0.0, "_masked_scale": 0.032163851063829775, "leaky_relu_backward": 0.043415276595744685, "mul_": 0.054535255319148934, "addcmul_": 0.0259688085106383, "sqrt": 0.02805846808510638, "addcdiv_": 0.03535248936170212, "_local_scalar_dense": 0.008314404255319149, "dropout": 0.0, "max": 0.022313595744680843, "eq": 0.006503531914893616, "is_complex": 0.0}