{"_fused_dropout": 0.4178995319148937, "select": 0.0, "ne": 0.038358489361702136, "slice": 0.0, "to": 0.0, "index": 1.6279565319148934, "unsqueeze": 0.0, "repeat": 0.021139702127659574, "cat": 0.9108212978723403, "mm": 1.1060308936170213, "index_select": 0.5733482340425531, "view": 0.0, "mul": 1.6393754042553195, "sum": 1.5546176170212764, "leaky_relu": 0.02620765957446808, "sub": 0.03667876595744681, "exp": 0.033925787234042555, "expand": 0.0, "scatter_add_": 0.43764506382978735, "add": 0.4529170851063828, "div": 0.1116867234042553, "elu": 0.029463872340425523, "_log_softmax": 0.00807263829787234, "nll_loss_forward": 0.212838489361702, "zero_": 0.0481831914893617, "torch::autograd::GraphRoot": 0.0, "nll_loss_backward": 0.24809317021276597, "empty": 0.0, "_index_put_impl_": 3.86869744680851, "_log_softmax_backward_data": 0.003805595744680851, "AddBackward0": 0.0, "add_": 0.03683551063829787, "gather": 0.25322787234042554, "_masked_scale": 0.031557127659574476, "neg": 0.026744808510638294, "scatter_": 0.017368319148936166, "leaky_relu_backward": 0.020630617021276595, "index_add_": 0.270178744680851, "t": 0.0, "elu_backward": 0.023562063829787237, "clone": 0.1640769148936171, "_unsafe_view": 0.0, "mul_": 0.02477231914893616, "addcmul_": 0.012422446808510639, "sqrt": 0.013729595744680854, "addcdiv_": 0.016145042553191494, "is_floating_point": 0.0, "_local_scalar_dense": 0.008845553191489362, "dropout": 0.0, "max": 0.03457608510638298, "eq": 0.007391361702127661, "is_complex": 0.0}