{"_fused_dropout": 0.29688275555555566, "select": 0.0, "ne": 0.08903366666666668, "slice": 0.0, "to": 0.0, "index": 1.792705666666667, "unsqueeze": 0.0, "repeat": 0.018486644444444447, "cat": 6.006911622222222, "mm": 1.1430106000000002, "index_select": 3.52815728888889, "view": 0.0, "mul": 13.266393599999999, "sum": 5.545591066666667, "leaky_relu": 0.057128888888888875, "sub": 0.10343375555555555, "exp": 0.07821153333333332, "expand": 0.0, "scatter_add_": 2.3154554, "add": 2.0633325999999994, "div": 0.2520747555555555, "elu": 0.06557908888888889, "_log_softmax": 0.00521328888888889, "nll_loss_forward": 0.046946222222222236, "zero_": 0.05057744444444443, "torch::autograd::GraphRoot": 0.0, "nll_loss_backward": 0.09081977777777779, "empty": 0.0, "_index_put_impl_": 6.613964688888889, "_log_softmax_backward_data": 0.0024815333333333338, "AddBackward0": 0.0, "add_": 0.028027911111111116, "gather": 1.3667873999999998, "_masked_scale": 0.06760475555555556, "neg": 0.07206948888888888, "scatter_": 0.010591688888888888, "leaky_relu_backward": 0.05628006666666666, "index_add_": 1.855032311111111, "t": 0.0, "elu_backward": 0.04808944444444443, "clone": 1.081824311111111, "_unsafe_view": 0.0, "mul_": 0.01970173333333333, "addcmul_": 0.00857942222222222, "sqrt": 0.009556555555555553, "addcdiv_": 0.011270800000000001, "is_floating_point": 0.0, "_local_scalar_dense": 0.00717871111111111, "dropout": 0.0, "max": 0.011671022222222223, "eq": 0.005187733333333334, "is_complex": 0.0}