{"_fused_dropout": 0.6457082727272728, "select": 0.0, "ne": 0.16881952272727271, "slice": 0.0, "to": 0.0, "index": 2.070301409090909, "unsqueeze": 0.0, "repeat": 0.020658522727272723, "cat": 24.634303272727266, "mm": 3.229599477272728, "index_select": 15.872748636363637, "view": 0.0, "mul": 52.24058663636363, "sum": 15.573053250000005, "leaky_relu": 0.13423074999999998, "sub": 0.23082179545454548, "exp": 0.16015927272727273, "expand": 0.0, "scatter_add_": 10.946260704545459, "add": 7.730764318181818, "div": 0.49373175, "elu": 0.23104868181818183, "_log_softmax": 0.012351477272727274, "nll_loss_forward": 0.09049940909090909, "zero_": 0.14443729545454545, "torch::autograd::GraphRoot": 0.0, "nll_loss_backward": 0.12687645454545454, "empty": 0.0, "_index_put_impl_": 14.680152000000003, "_log_softmax_backward_data": 0.005262795454545455, "AddBackward0": 0.0, "add_": 0.03461072727272728, "gather": 5.9142758409090925, "_masked_scale": 0.20889006818181818, "neg": 0.15695954545454546, "scatter_": 0.023283909090909084, "leaky_relu_backward": 0.11681263636363635, "index_add_": 9.349433954545454, "t": 0.0, "elu_backward": 0.16967690909090904, "clone": 4.404814181818182, "_unsafe_view": 0.0, "mul_": 0.02602313636363636, "addcmul_": 0.010856681818181817, "sqrt": 0.011589522727272728, "addcdiv_": 0.020020681818181823, "is_floating_point": 0.0, "_local_scalar_dense": 0.0078007272727272725, "dropout": 0.0, "max": 0.02039815909090909, "eq": 0.00575425, "is_complex": 0.0}