{"_fused_dropout": 4.004559795454546, "select": 0.0, "ne": 0.2772060681818182, "slice": 0.0, "to": 0.0, "index": 4.3306367272727275, "unsqueeze": 0.0, "repeat": 0.16118445454545458, "cat": 62.84905856818182, "mm": 13.260619977272729, "index_select": 45.94694145454547, "view": 0.0, "mul": 130.240902, "sum": 41.02636029545455, "leaky_relu": 0.37685152272727274, "sub": 0.5936381590909091, "exp": 0.41645493181818183, "expand": 0.0, "scatter_add_": 30.395435068181822, "add": 33.67727263636364, "div": 1.2358134318181822, "elu": 5.594904750000001, "_log_softmax": 0.29585004545454546, "nll_loss_forward": 4.114997659090909, "zero_": 3.252251090909091, "torch::autograd::GraphRoot": 0.0, "nll_loss_backward": 3.7961926363636365, "empty": 0.0, "_index_put_impl_": 23.422261340909085, "_log_softmax_backward_data": 0.19492690909090904, "AddBackward0": 0.0, "add_": 0.028725818181818186, "gather": 14.825373500000005, "_masked_scale": 3.377924886363637, "neg": 0.41679752272727266, "scatter_": 0.46447324999999984, "leaky_relu_backward": 0.3056885227272727, "index_add_": 34.04709504545454, "t": 0.0, "elu_backward": 4.120568181818182, "clone": 10.945706613636363, "_unsafe_view": 0.0, "mul_": 0.018920090909090907, "addcmul_": 0.008904454545454544, "sqrt": 0.010003704545454545, "addcdiv_": 0.012051295454545457, "is_floating_point": 0.0, "_local_scalar_dense": 0.008255204545454546, "dropout": 0.0, "max": 0.39115640909090915, "eq": 0.02369979545454545, "is_complex": 0.0}