{"_fused_dropout": 0.41680672916666656, "select": 0.0, "ne": 0.08901787499999998, "slice": 0.0, "to": 0.0, "index": 1.7861720208333336, "unsqueeze": 0.0, "repeat": 0.020095541666666668, "cat": 22.536274229166665, "mm": 3.4085080625000006, "index_select": 15.068154020833338, "view": 0.0, "mul": 49.355131145833326, "sum": 14.160746208333338, "leaky_relu": 0.05654608333333332, "sub": 0.10414520833333334, "exp": 0.08019250000000001, "expand": 0.0, "scatter_add_": 10.584750375, "add": 7.179896729166663, "div": 0.25382904166666664, "elu": 0.2569791458333333, "_log_softmax": 0.0058414375, "nll_loss_forward": 0.051808583333333345, "zero_": 0.15612172916666664, "torch::autograd::GraphRoot": 0.0, "nll_loss_backward": 0.09589191666666665, "empty": 0.0, "_index_put_impl_": 6.898963500000001, "_log_softmax_backward_data": 0.0027337499999999996, "AddBackward0": 0.0, "add_": 0.044317416666666665, "gather": 5.388920041666668, "_masked_scale": 0.17837968749999997, "neg": 0.072038125, "scatter_": 0.011533104166666664, "leaky_relu_backward": 0.05667097916666667, "index_add_": 9.281919249999998, "t": 0.0, "elu_backward": 0.18910741666666667, "clone": 4.215726437500001, "_unsafe_view": 0.0, "mul_": 0.038073687499999995, "addcmul_": 0.014248729166666666, "sqrt": 0.012725645833333334, "addcdiv_": 0.029675875000000004, "is_floating_point": 0.0, "_local_scalar_dense": 0.0077020000000000005, "dropout": 0.0, "max": 0.01345554166666667, "eq": 0.005595520833333332, "is_complex": 0.0}