{"_fused_dropout": 0.3370317441860466, "select": 0.0, "ne": 0.08879858139534885, "slice": 0.0, "to": 0.0, "index": 1.5837560232558139, "unsqueeze": 0.0, "repeat": 0.01976011627906977, "cat": 11.480298604651162, "mm": 1.7951430930232561, "index_select": 7.305260255813952, "view": 0.0, "mul": 25.28875193023256, "sum": 7.688595279069769, "leaky_relu": 0.057125883720930234, "sub": 0.10371902325581393, "exp": 0.07944793023255811, "expand": 0.0, "scatter_add_": 4.941436069767443, "add": 3.7851326976744186, "div": 0.25147102325581394, "elu": 0.12959125581395348, "_log_softmax": 0.005484930232558139, "nll_loss_forward": 0.05016539534883721, "zero_": 0.08648948837209303, "torch::autograd::GraphRoot": 0.0, "nll_loss_backward": 0.10184672093023257, "empty": 0.0, "_index_put_impl_": 7.155940465116278, "_log_softmax_backward_data": 0.002581418604651164, "AddBackward0": 0.0, "add_": 0.03186225581395348, "gather": 2.7380629534883725, "_masked_scale": 0.1061951395348837, "neg": 0.07149611627906977, "scatter_": 0.01183813953488372, "leaky_relu_backward": 0.055586372093023285, "index_add_": 4.20564158139535, "t": 0.0, "elu_backward": 0.09504018604651164, "clone": 2.147781534883721, "_unsafe_view": 0.0, "mul_": 0.02439383720930233, "addcmul_": 0.010369348837209304, "sqrt": 0.010634860465116282, "addcdiv_": 0.018424558139534884, "is_floating_point": 0.0, "_local_scalar_dense": 0.00755360465116279, "dropout": 0.0, "max": 0.012479534883720927, "eq": 0.005439465116279069, "is_complex": 0.0}