{"_fused_dropout": 12.255387613636366, "select": 0.0, "ne": 0.16977643181818183, "slice": 0.0, "to": 0.0, "index": 2.2977888636363635, "unsqueeze": 0.0, "repeat": 0.02626399999999999, "cat": 25.59057140909091, "mm": 84.83778661363637, "index_select": 19.499974977272725, "view": 0.0, "mul": 53.388784249999986, "sum": 16.69003572727273, "leaky_relu": 0.14234102272727275, "sub": 0.24322368181818171, "exp": 0.1819947045454545, "expand": 0.0, "scatter_add_": 13.272194545454544, "add": 8.948443022727274, "div": 0.587791840909091, "elu": 0.57217175, "_log_softmax": 0.01668365909090909, "nll_loss_forward": 0.2541702500000001, "zero_": 0.3681356363636363, "torch::autograd::GraphRoot": 0.0, "nll_loss_backward": 0.4361769318181819, "empty": 0.0, "_index_put_impl_": 10.823895590909089, "_log_softmax_backward_data": 0.007898204545454547, "AddBackward0": 0.0, "add_": 0.2944581818181819, "gather": 6.87254165909091, "_masked_scale": 0.4066815227272727, "neg": 0.16392113636363642, "scatter_": 0.06732322727272727, "leaky_relu_backward": 0.12219388636363636, "index_add_": 11.30244647727273, "t": 0.0, "elu_backward": 0.4214865227272728, "clone": 4.605812068181818, "_unsafe_view": 0.0, "mul_": 0.15797799999999995, "addcmul_": 0.11234388636363636, "sqrt": 0.08036806818181816, "addcdiv_": 0.15074988636363637, "is_floating_point": 0.0, "_local_scalar_dense": 0.0087635, "dropout": 0.0, "max": 0.05048268181818181, "eq": 0.007101909090909089, "is_complex": 0.0}