{"_fused_dropout": 0.7962432978723405, "select": 0.0, "ne": 0.0362426170212766, "slice": 0.0, "to": 0.0, "index": 1.4329625319148933, "unsqueeze": 0.0, "repeat": 0.01601625531914894, "cat": 9.658890234042552, "mm": 6.023629617021276, "index_select": 7.165538382978722, "view": 0.0, "mul": 21.564396638297872, "sum": 6.5347692765957435, "leaky_relu": 0.022040510638297876, "sub": 0.03356763829787235, "exp": 0.024885340425531925, "expand": 0.0, "scatter_add_": 4.981595595744681, "add": 4.654149978723406, "div": 0.10002280851063833, "elu": 0.6635512978723404, "_log_softmax": 0.005978787234042552, "nll_loss_forward": 0.15792742553191486, "zero_": 0.3685006595744682, "torch::autograd::GraphRoot": 0.0, "nll_loss_backward": 0.2021895319148936, "empty": 0.0, "_index_put_impl_": 3.5627794042553207, "_log_softmax_backward_data": 0.0028129787234042547, "AddBackward0": 0.0, "add_": 0.03480129787234043, "gather": 2.400430340425532, "_masked_scale": 0.38720825531914893, "neg": 0.024193106382978724, "scatter_": 0.013825468085106379, "leaky_relu_backward": 0.020084021276595747, "index_add_": 4.828757659574468, "t": 0.0, "elu_backward": 0.48639853191489363, "clone": 1.8633634893617017, "_unsafe_view": 0.0, "mul_": 0.028836744680851054, "addcmul_": 0.010603361702127658, "sqrt": 0.011664489361702125, "addcdiv_": 0.023369382978723402, "is_floating_point": 0.0, "_local_scalar_dense": 0.007524063829787237, "dropout": 0.0, "max": 0.024946851063829784, "eq": 0.005540808510638298, "is_complex": 0.0}