{"_fused_dropout": 12.631275395833336, "select": 0.0, "ne": 0.1695365833333333, "slice": 0.0, "to": 0.0, "index": 2.2608551666666665, "unsqueeze": 0.0, "repeat": 0.026087729166666667, "cat": 50.315561312499995, "mm": 188.48291306250005, "index_select": 40.889179895833344, "view": 0.0, "mul": 105.40919902083334, "sum": 30.15672504166667, "leaky_relu": 0.14206579166666666, "sub": 0.24328295833333338, "exp": 0.1732694375, "expand": 0.0, "scatter_add_": 25.833244166666663, "add": 17.152019125, "div": 0.6572296458333334, "elu": 1.152189333333333, "_log_softmax": 0.015567916666666667, "nll_loss_forward": 0.23484922916666676, "zero_": 0.7069817916666667, "torch::autograd::GraphRoot": 0.0, "nll_loss_backward": 0.43823337499999987, "empty": 0.0, "_index_put_impl_": 11.048386333333333, "_log_softmax_backward_data": 0.008109166666666664, "AddBackward0": 0.0, "add_": 0.5680032708333334, "gather": 12.426520187500003, "_masked_scale": 0.729894125, "neg": 0.1642536666666667, "scatter_": 0.06917166666666666, "leaky_relu_backward": 0.12270072916666673, "index_add_": 24.087834145833337, "t": 0.0, "elu_backward": 0.8434062499999998, "clone": 9.030908187500001, "_unsafe_view": 0.0, "mul_": 0.2999425833333334, "addcmul_": 0.2152189166666666, "sqrt": 0.15250681250000003, "addcdiv_": 0.28758235416666666, "is_floating_point": 0.0, "_local_scalar_dense": 0.008499770833333331, "dropout": 0.0, "max": 0.04549866666666666, "eq": 0.006437999999999999, "is_complex": 0.0}