{"_fused_dropout": 12.021622191489358, "select": 0.0, "ne": 0.17097478723404258, "slice": 0.0, "to": 0.0, "index": 2.157289617021276, "unsqueeze": 0.0, "repeat": 0.022239553191489368, "cat": 4.820361574468085, "mm": 20.97716442553192, "index_select": 2.590026170212766, "view": 0.0, "mul": 8.268525553191491, "sum": 4.9879716808510635, "leaky_relu": 0.14460714893617022, "sub": 0.2452630425531915, "exp": 0.1690645319148936, "expand": 0.0, "scatter_add_": 1.7258266382978724, "add": 1.8758267021276598, "div": 0.5196163829787235, "elu": 0.07460157446808514, "_log_softmax": 0.013732170212765961, "nll_loss_forward": 0.21439474468085107, "zero_": 0.06511372340425531, "torch::autograd::GraphRoot": 0.0, "nll_loss_backward": 0.24831851063829788, "empty": 0.0, "_index_put_impl_": 10.093030872340426, "_log_softmax_backward_data": 0.0068085957446808515, "AddBackward0": 0.0, "add_": 0.0392432340425532, "gather": 1.023456595744681, "_masked_scale": 0.12760155319148936, "neg": 0.16391161702127663, "scatter_": 0.07918800000000001, "leaky_relu_backward": 0.12243723404255323, "index_add_": 1.2754402127659576, "t": 0.0, "elu_backward": 0.05402540425531913, "clone": 0.7994599361702129, "_unsafe_view": 0.0, "mul_": 0.031933468085106394, "addcmul_": 0.011166170212765957, "sqrt": 0.012751531914893616, "addcdiv_": 0.02445206382978723, "is_floating_point": 0.0, "_local_scalar_dense": 0.007704638297872343, "dropout": 0.0, "max": 0.040641510638297865, "eq": 0.0058208936170212775, "is_complex": 0.0}