{"_fused_dropout": 0.5729725777777779, "select": 0.0, "ne": 0.0888794, "slice": 0.0, "to": 0.0, "index": 1.853000888888889, "unsqueeze": 0.0, "repeat": 0.021039088888888894, "cat": 45.36931193333332, "mm": 6.947503911111111, "index_select": 30.246704533333336, "view": 0.0, "mul": 97.69464793333333, "sum": 27.6346166, "leaky_relu": 0.05681053333333334, "sub": 0.10388735555555557, "exp": 0.08085528888888888, "expand": 0.0, "scatter_add_": 22.154611088888892, "add": 13.98973431111111, "div": 0.2649128888888889, "elu": 0.5132516, "_log_softmax": 0.006019666666666668, "nll_loss_forward": 0.052690044444444445, "zero_": 0.2955493555555555, "torch::autograd::GraphRoot": 0.0, "nll_loss_backward": 0.11167615555555555, "empty": 0.0, "_index_put_impl_": 7.351546066666665, "_log_softmax_backward_data": 0.003154222222222222, "AddBackward0": 0.0, "add_": 0.09325353333333332, "gather": 10.378522911111109, "_masked_scale": 0.32182942222222216, "neg": 0.07262491111111109, "scatter_": 0.009927800000000004, "leaky_relu_backward": 0.05614146666666665, "index_add_": 20.365896088888896, "t": 0.0, "elu_backward": 0.37646684444444445, "clone": 8.37505288888889, "_unsafe_view": 0.0, "mul_": 0.06599740000000001, "addcmul_": 0.036310911111111115, "sqrt": 0.025327644444444446, "addcdiv_": 0.056520333333333346, "is_floating_point": 0.0, "_local_scalar_dense": 0.007940355555555554, "dropout": 0.0, "max": 0.01403677777777778, "eq": 0.006010311111111111, "is_complex": 0.0}