{"_fused_dropout": 2.165176638297872, "select": 0.0, "ne": 0.27461925531914894, "slice": 0.0, "to": 0.0, "index": 3.1588173404255313, "unsqueeze": 0.0, "repeat": 0.03265351063829786, "cat": 17.26196931914894, "mm": 5.697348170212767, "index_select": 9.150719574468086, "view": 0.0, "mul": 28.342188, "sum": 17.063225659574464, "leaky_relu": 0.29021617021276586, "sub": 0.472076, "exp": 0.3282838085106382, "expand": 0.0, "scatter_add_": 6.570485744680853, "add": 5.5686984893617, "div": 0.97829385106383, "elu": 0.37483617021276594, "_log_softmax": 0.055092829787234024, "nll_loss_forward": 0.5554867446808509, "zero_": 0.24712751063829783, "torch::autograd::GraphRoot": 0.0, "nll_loss_backward": 0.4490047021276597, "empty": 0.0, "_index_put_impl_": 24.295150468085108, "_log_softmax_backward_data": 0.03750874468085106, "AddBackward0": 0.0, "add_": 0.027817404255319145, "gather": 3.398044127659574, "_masked_scale": 0.3784382127659575, "neg": 0.3262891276595744, "scatter_": 0.2047471276595745, "leaky_relu_backward": 0.24096106382978724, "index_add_": 5.799453638297871, "t": 0.0, "elu_backward": 0.2754301063829787, "clone": 2.1857649361702136, "_unsafe_view": 0.0, "mul_": 0.01759968085106383, "addcmul_": 0.008695787234042556, "sqrt": 0.009584297872340426, "addcdiv_": 0.011877042553191492, "is_floating_point": 0.0, "_local_scalar_dense": 0.007771127659574469, "dropout": 0.0, "max": 0.09671889361702125, "eq": 0.007225936170212766, "is_complex": 0.0}