{"_fused_dropout": 2.0601514893617017, "select": 0.0, "ne": 0.2729855957446808, "slice": 0.0, "to": 0.0, "index": 3.161135595744681, "unsqueeze": 0.0, "repeat": 0.02885653191489361, "cat": 9.91575355319149, "mm": 4.535222553191489, "index_select": 5.258618212765957, "view": 0.0, "mul": 16.25931446808511, "sum": 8.705218702127661, "leaky_relu": 0.2912775744680851, "sub": 0.4730971063829788, "exp": 0.32889782978723403, "expand": 0.0, "scatter_add_": 3.7981089361702134, "add": 3.8650200851063836, "div": 0.9771675531914893, "elu": 0.18946289361702134, "_log_softmax": 0.05479123404255317, "nll_loss_forward": 0.5390962340425531, "zero_": 0.14813019148936168, "torch::autograd::GraphRoot": 0.0, "nll_loss_backward": 0.40555738297872324, "empty": 0.0, "_index_put_impl_": 23.49075691489362, "_log_softmax_backward_data": 0.03665146808510639, "AddBackward0": 0.0, "add_": 0.02707340425531915, "gather": 1.972820638297872, "_masked_scale": 0.27520144680851055, "neg": 0.32776570212765965, "scatter_": 0.22296591489361703, "leaky_relu_backward": 0.24094123404255313, "index_add_": 3.2123627872340426, "t": 0.0, "elu_backward": 0.1385038085106383, "clone": 1.4986087446808514, "_unsafe_view": 0.0, "mul_": 0.01721436170212766, "addcmul_": 0.008731702127659575, "sqrt": 0.009560276595744682, "addcdiv_": 0.010912361702127659, "is_floating_point": 0.0, "_local_scalar_dense": 0.0072968085106382965, "dropout": 0.0, "max": 0.08744389361702129, "eq": 0.006586617021276596, "is_complex": 0.0}