{"_fused_dropout": 0.5984270666666665, "select": 0.0, "ne": 0.03644542222222222, "slice": 0.0, "to": 0.0, "index": 1.290796577777778, "unsqueeze": 0.0, "repeat": 0.016677044444444438, "cat": 4.918947111111109, "mm": 2.9270230666666675, "index_select": 3.4917769111111108, "view": 0.0, "mul": 10.944968555555556, "sum": 3.4951318444444444, "leaky_relu": 0.021601000000000002, "sub": 0.03378906666666666, "exp": 0.023464533333333336, "expand": 0.0, "scatter_add_": 2.4155585333333334, "add": 2.3957292666666667, "div": 0.09800986666666668, "elu": 0.33379013333333324, "_log_softmax": 0.005566888888888888, "nll_loss_forward": 0.14842657777777785, "zero_": 0.19301186666666667, "torch::autograd::GraphRoot": 0.0, "nll_loss_backward": 0.1872604, "empty": 0.0, "_index_put_impl_": 3.1805587111111118, "_log_softmax_backward_data": 0.0026565111111111115, "AddBackward0": 0.0, "add_": 0.029080777777777782, "gather": 1.1934688444444448, "_masked_scale": 0.2018787777777778, "neg": 0.024072666666666676, "scatter_": 0.013749533333333334, "leaky_relu_backward": 0.019823333333333335, "index_add_": 2.3134670444444447, "t": 0.0, "elu_backward": 0.24397771111111105, "clone": 0.9493540888888887, "_unsafe_view": 0.0, "mul_": 0.020786888888888886, "addcmul_": 0.00976248888888889, "sqrt": 0.009776844444444446, "addcdiv_": 0.012463288888888889, "is_floating_point": 0.0, "_local_scalar_dense": 0.007329511111111111, "dropout": 0.0, "max": 0.022774822222222216, "eq": 0.0051968666666666686, "is_complex": 0.0}