{"_fused_dropout": 0.5761775106382979, "select": 0.0, "ne": 0.16935374468085107, "slice": 0.0, "to": 0.0, "index": 2.094381531914894, "unsqueeze": 0.0, "repeat": 0.020742851063829792, "cat": 13.13287806382979, "mm": 1.7087115319148938, "index_select": 7.7113374893617035, "view": 0.0, "mul": 27.522080063829787, "sum": 11.657849148936172, "leaky_relu": 0.13469748936170214, "sub": 0.2320585106382978, "exp": 0.1592608510638298, "expand": 0.0, "scatter_add_": 5.222852808510637, "add": 4.250261468085105, "div": 0.4936650425531915, "elu": 0.1166422978723404, "_log_softmax": 0.01171855319148936, "nll_loss_forward": 0.0875623829787234, "zero_": 0.08245934042553191, "torch::autograd::GraphRoot": 0.0, "nll_loss_backward": 0.12692361702127655, "empty": 0.0, "_index_put_impl_": 14.635368957446806, "_log_softmax_backward_data": 0.005006489361702129, "AddBackward0": 0.0, "add_": 0.029398148936170206, "gather": 3.0951757872340426, "_masked_scale": 0.1450270638297872, "neg": 0.1566237234042553, "scatter_": 0.02709265957446809, "leaky_relu_backward": 0.11698404255319146, "index_add_": 4.314158978723404, "t": 0.0, "elu_backward": 0.08553500000000003, "clone": 2.2154554680851066, "_unsafe_view": 0.0, "mul_": 0.020707319148936164, "addcmul_": 0.009472531914893619, "sqrt": 0.010309957446808512, "addcdiv_": 0.01229563829787234, "is_floating_point": 0.0, "_local_scalar_dense": 0.007465042553191489, "dropout": 0.0, "max": 0.019122042553191488, "eq": 0.005261085106382978, "is_complex": 0.0}