{"_fused_dropout": 0.5035824375, "select": 0.0, "ne": 0.03629139583333333, "slice": 0.0, "to": 0.0, "index": 1.511088083333334, "unsqueeze": 0.0, "repeat": 0.0161880625, "cat": 2.6295094166666666, "mm": 2.0869566875000007, "index_select": 1.7875475416666677, "view": 0.0, "mul": 5.6645402083333325, "sum": 2.7540153333333337, "leaky_relu": 0.02253583333333334, "sub": 0.03390206250000001, "exp": 0.02549822916666666, "expand": 0.0, "scatter_add_": 1.2366343541666667, "add": 1.2660065624999997, "div": 0.1009046458333333, "elu": 0.16813260416666667, "_log_softmax": 0.006022812500000002, "nll_loss_forward": 0.16037597916666665, "zero_": 0.108374125, "torch::autograd::GraphRoot": 0.0, "nll_loss_backward": 0.19587404166666655, "empty": 0.0, "_index_put_impl_": 3.2523785625000006, "_log_softmax_backward_data": 0.0028584374999999994, "AddBackward0": 0.0, "add_": 0.030324395833333337, "gather": 0.6604177083333332, "_masked_scale": 0.10876258333333332, "neg": 0.02476164583333333, "scatter_": 0.014804666666666669, "leaky_relu_backward": 0.019825562500000005, "index_add_": 1.0792254375, "t": 0.0, "elu_backward": 0.12264479166666664, "clone": 0.48095154166666676, "_unsafe_view": 0.0, "mul_": 0.020889937499999997, "addcmul_": 0.009891062499999997, "sqrt": 0.010417625, "addcdiv_": 0.012682249999999999, "is_floating_point": 0.0, "_local_scalar_dense": 0.007422708333333332, "dropout": 0.0, "max": 0.025643666666666662, "eq": 0.005678270833333335, "is_complex": 0.0}