{"_fused_dropout": 0.7811721086956523, "select": 0.0, "ne": 0.16850626086956524, "slice": 0.0, "to": 0.0, "index": 2.0990802173913043, "unsqueeze": 0.0, "repeat": 0.02154171739130434, "cat": 47.82335817391304, "mm": 6.280973673913043, "index_select": 31.95429747826088, "view": 0.0, "mul": 101.75463932608696, "sum": 28.938801217391305, "leaky_relu": 0.13418399999999997, "sub": 0.23019680434782613, "exp": 0.16114552173913044, "expand": 0.0, "scatter_add_": 22.72611245652174, "add": 14.56349452173913, "div": 0.4965466739130435, "elu": 0.4609381739130435, "_log_softmax": 0.01298386956521739, "nll_loss_forward": 0.0933451956521739, "zero_": 0.2670593695652173, "torch::autograd::GraphRoot": 0.0, "nll_loss_backward": 0.14475067391304347, "empty": 0.0, "_index_put_impl_": 15.492169586956518, "_log_softmax_backward_data": 0.007269608695652174, "AddBackward0": 0.0, "add_": 0.04542615217391304, "gather": 11.387954391304348, "_masked_scale": 0.3375907826086956, "neg": 0.15686986956521742, "scatter_": 0.022397239130434784, "leaky_relu_backward": 0.11605828260869563, "index_add_": 20.16705889130435, "t": 0.0, "elu_backward": 0.3378613043478261, "clone": 8.618561021739133, "_unsafe_view": 0.0, "mul_": 0.040711391304347824, "addcmul_": 0.015122978260869564, "sqrt": 0.013751217391304348, "addcdiv_": 0.031105326086956524, "is_floating_point": 0.0, "_local_scalar_dense": 0.007909717391304348, "dropout": 0.0, "max": 0.02110410869565217, "eq": 0.005828434782608697, "is_complex": 0.0}