{"_fused_dropout": 0.26511880000000004, "select": 0.0, "ne": 0.08304394, "slice": 0.0, "to": 0.0, "index": 1.89848598, "unsqueeze": 0.0, "repeat": 0.020006499999999997, "cat": 2.2795154200000014, "mm": 0.52653502, "index_select": 1.07709118, "view": 0.0, "mul": 4.198176200000001, "sum": 2.7243428400000003, "leaky_relu": 0.060231339999999974, "sub": 0.10392018, "exp": 0.08323654, "expand": 0.0, "scatter_add_": 0.7892290199999998, "add": 0.8485259399999999, "div": 0.25251465999999995, "elu": 0.009542240000000002, "_log_softmax": 0.005612940000000002, "nll_loss_forward": 0.05110317999999997, "zero_": 0.028632919999999992, "torch::autograd::GraphRoot": 0.0, "nll_loss_backward": 0.09721346000000003, "empty": 0.0, "_index_put_impl_": 7.165114760000002, "_log_softmax_backward_data": 0.0026654799999999996, "AddBackward0": 0.0, "add_": 0.02721998, "gather": 0.46283659999999993, "_masked_scale": 0.039100640000000006, "neg": 0.07194603999999999, "scatter_": 0.012308599999999998, "leaky_relu_backward": 0.056586219999999986, "index_add_": 0.50974294, "t": 0.0, "elu_backward": 0.0068722600000000016, "clone": 0.3734162400000001, "_unsafe_view": 0.0, "mul_": 0.01853522000000001, "addcmul_": 0.009663279999999998, "sqrt": 0.0100746, "addcdiv_": 0.01170826, "is_floating_point": 0.0, "_local_scalar_dense": 0.00759922, "dropout": 0.0, "max": 0.012992120000000003, "eq": 0.005671079999999999, "is_complex": 0.0}