{"_fused_dropout": 1.1906799791666665, "select": 0.0, "ne": 0.0371351875, "slice": 0.0, "to": 0.0, "index": 1.326516104166667, "unsqueeze": 0.0, "repeat": 0.018329041666666667, "cat": 19.515014374999996, "mm": 11.935376437500002, "index_select": 14.570838229166666, "view": 0.0, "mul": 42.779278583333316, "sum": 12.697083666666666, "leaky_relu": 0.02226993749999999, "sub": 0.03389043750000001, "exp": 0.026412375000000005, "expand": 0.0, "scatter_add_": 10.212761895833335, "add": 9.175867166666665, "div": 0.10443443750000002, "elu": 1.3234351041666665, "_log_softmax": 0.006421458333333335, "nll_loss_forward": 0.16438699999999992, "zero_": 0.7184633749999999, "torch::autograd::GraphRoot": 0.0, "nll_loss_backward": 0.2036253958333333, "empty": 0.0, "_index_put_impl_": 3.1369889374999995, "_log_softmax_backward_data": 0.003134375, "AddBackward0": 0.0, "add_": 0.05583331249999999, "gather": 4.786417229166666, "_masked_scale": 0.7565888750000002, "neg": 0.024209229166666665, "scatter_": 0.0142640625, "leaky_relu_backward": 0.02017164583333334, "index_add_": 10.145322000000002, "t": 0.0, "elu_backward": 0.9693453541666672, "clone": 3.7115637083333337, "_unsafe_view": 0.0, "mul_": 0.04738054166666666, "addcmul_": 0.019794833333333334, "sqrt": 0.014445708333333335, "addcdiv_": 0.03722443749999999, "is_floating_point": 0.0, "_local_scalar_dense": 0.007880208333333335, "dropout": 0.0, "max": 0.02718554166666666, "eq": 0.006015416666666668, "is_complex": 0.0}