{"_fused_dropout": 1.5156404565217387, "select": 0.0, "ne": 0.2758919130434783, "slice": 0.0, "to": 0.0, "index": 4.2590521739130445, "unsqueeze": 0.0, "repeat": 0.16361091304347822, "cat": 23.212749608695656, "mm": 3.8084444565217392, "index_select": 13.313348108695656, "view": 0.0, "mul": 37.60244836956522, "sum": 23.07370330434782, "leaky_relu": 0.37924465217391307, "sub": 0.5948381521739129, "exp": 0.4156316086956521, "expand": 0.0, "scatter_add_": 9.649619934782608, "add": 10.375517108695655, "div": 1.2368575217391302, "elu": 1.4096117826086962, "_log_softmax": 0.2949964130434783, "nll_loss_forward": 3.856377369565217, "zero_": 1.0456858478260866, "torch::autograd::GraphRoot": 0.0, "nll_loss_backward": 3.5673401521739128, "empty": 0.0, "_index_put_impl_": 22.57845541304347, "_log_softmax_backward_data": 0.19486021739130435, "AddBackward0": 0.0, "add_": 0.027770739130434784, "gather": 4.489118456521739, "_masked_scale": 1.0099473260869565, "neg": 0.418320804347826, "scatter_": 0.49798932608695656, "leaky_relu_backward": 0.3052396086956522, "index_add_": 9.002980652173914, "t": 0.0, "elu_backward": 1.032460847826087, "clone": 2.781621347826087, "_unsafe_view": 0.0, "mul_": 0.017645521739130435, "addcmul_": 0.008935608695652172, "sqrt": 0.009480913043478261, "addcdiv_": 0.011552499999999999, "is_floating_point": 0.0, "_local_scalar_dense": 0.0078002826086956524, "dropout": 0.0, "max": 0.3514107173913043, "eq": 0.022644934782608695, "is_complex": 0.0}