{"_fused_dropout": 2.8328911063829794, "select": 0.0, "ne": 0.2787483404255319, "slice": 0.0, "to": 0.0, "index": 3.2697673617021277, "unsqueeze": 0.0, "repeat": 0.035256702127659564, "cat": 48.2359415106383, "mm": 14.427032489361704, "index_select": 34.66664104255318, "view": 0.0, "mul": 100.92529234042551, "sum": 29.81943129787234, "leaky_relu": 0.28816431914893614, "sub": 0.4701876808510636, "exp": 0.33100500000000005, "expand": 0.0, "scatter_add_": 24.285106212765957, "add": 17.85546231914894, "div": 0.9785320638297872, "elu": 1.4920915957446812, "_log_softmax": 0.05635225531914892, "nll_loss_forward": 0.5746130212765956, "zero_": 0.8380291702127658, "torch::autograd::GraphRoot": 0.0, "nll_loss_backward": 0.47471742553191504, "empty": 0.0, "_index_put_impl_": 24.9380684893617, "_log_softmax_backward_data": 0.03781780851063829, "AddBackward0": 0.0, "add_": 0.033029808510638296, "gather": 11.621340574468084, "_masked_scale": 1.007905234042553, "neg": 0.3269876170212766, "scatter_": 0.14985306382978725, "leaky_relu_backward": 0.23961440425531907, "index_add_": 23.92025827659575, "t": 0.0, "elu_backward": 1.0952816595744683, "clone": 8.573734787234043, "_unsafe_view": 0.0, "mul_": 0.02358663829787234, "addcmul_": 0.010546702127659574, "sqrt": 0.011256319148936166, "addcdiv_": 0.014403829787234037, "is_floating_point": 0.0, "_local_scalar_dense": 0.008325893617021275, "dropout": 0.0, "max": 0.10853144680851065, "eq": 0.008143361702127658, "is_complex": 0.0}