{"_fused_dropout": 12.020319666666667, "select": 0.0, "ne": 0.17045484444444445, "slice": 0.0, "to": 0.0, "index": 2.202934266666667, "unsqueeze": 0.0, "repeat": 0.023834755555555556, "cat": 8.568892644444446, "mm": 31.035167377777782, "index_select": 4.7240984444444445, "view": 0.0, "mul": 14.714401822222223, "sum": 9.94349104444445, "leaky_relu": 0.1434458222222222, "sub": 0.2444526666666667, "exp": 0.17295753333333333, "expand": 0.0, "scatter_add_": 3.277818933333333, "add": 2.7256009111111106, "div": 0.5251911999999999, "elu": 0.14611008888888893, "_log_softmax": 0.015182333333333338, "nll_loss_forward": 0.22956766666666667, "zero_": 0.1084097777777778, "torch::autograd::GraphRoot": 0.0, "nll_loss_backward": 0.2626129111111112, "empty": 0.0, "_index_put_impl_": 10.328698888888892, "_log_softmax_backward_data": 0.007384333333333331, "AddBackward0": 0.0, "add_": 0.05948380000000001, "gather": 1.8668218222222224, "_masked_scale": 0.16646397777777777, "neg": 0.16358395555555555, "scatter_": 0.07673535555555554, "leaky_relu_backward": 0.12262920000000001, "index_add_": 2.575347955555555, "t": 0.0, "elu_backward": 0.10670304444444445, "clone": 1.1694703555555555, "_unsafe_view": 0.0, "mul_": 0.0498004, "addcmul_": 0.021049800000000004, "sqrt": 0.017408399999999997, "addcdiv_": 0.04016084444444444, "is_floating_point": 0.0, "_local_scalar_dense": 0.00819777777777778, "dropout": 0.0, "max": 0.04612906666666666, "eq": 0.006509622222222221, "is_complex": 0.0}