{"_fused_dropout": 0.4539047142857144, "select": 0.0, "ne": 0.03614026530612245, "slice": 0.0, "to": 0.0, "index": 1.436185857142857, "unsqueeze": 0.0, "repeat": 0.016669061224489808, "cat": 1.6422673877551022, "mm": 1.5834867755102042, "index_select": 0.9340724081632653, "view": 0.0, "mul": 2.9576736326530617, "sum": 2.154923591836735, "leaky_relu": 0.023032632653061224, "sub": 0.0341565306122449, "exp": 0.025068081632653068, "expand": 0.0, "scatter_add_": 0.6348261020408164, "add": 0.6945643265306122, "div": 0.1013097142857143, "elu": 0.0856450816326531, "_log_softmax": 0.006058612244897958, "nll_loss_forward": 0.1586102040816325, "zero_": 0.06307199999999998, "torch::autograd::GraphRoot": 0.0, "nll_loss_backward": 0.19467546938775504, "empty": 0.0, "_index_put_impl_": 3.638493571428573, "_log_softmax_backward_data": 0.0028145102040816323, "AddBackward0": 0.0, "add_": 0.028694061224489788, "gather": 0.352893081632653, "_masked_scale": 0.06295991836734692, "neg": 0.023944142857142865, "scatter_": 0.015027612244897954, "leaky_relu_backward": 0.01989748979591837, "index_add_": 0.5188894489795919, "t": 0.0, "elu_backward": 0.06225255102040815, "clone": 0.24308053061224486, "_unsafe_view": 0.0, "mul_": 0.019880081632653063, "addcmul_": 0.010264591836734694, "sqrt": 0.010698877551020412, "addcdiv_": 0.013468673469387755, "is_floating_point": 0.0, "_local_scalar_dense": 0.00762830612244898, "dropout": 0.0, "max": 0.025666918367346938, "eq": 0.005963285714285712, "is_complex": 0.0}