{"_fused_dropout": 0.5424791777777778, "select": 0.0, "ne": 0.16666211111111112, "slice": 0.0, "to": 0.0, "index": 2.131019422222222, "unsqueeze": 0.0, "repeat": 0.019639488888888886, "cat": 8.88607208888889, "mm": 1.4087012444444442, "index_select": 4.047150022222222, "view": 0.0, "mul": 15.126758666666667, "sum": 8.60518588888889, "leaky_relu": 0.1357846888888889, "sub": 0.2323621333333334, "exp": 0.15734180000000003, "expand": 0.0, "scatter_add_": 2.6599465777777778, "add": 2.5197608000000002, "div": 0.4931134666666666, "elu": 0.057593333333333344, "_log_softmax": 0.010978444444444443, "nll_loss_forward": 0.08190613333333331, "zero_": 0.04745597777777778, "torch::autograd::GraphRoot": 0.0, "nll_loss_backward": 0.13416162222222222, "empty": 0.0, "_index_put_impl_": 14.63319006666667, "_log_softmax_backward_data": 0.004685888888888889, "AddBackward0": 0.0, "add_": 0.026844222222222224, "gather": 1.6407469333333333, "_masked_scale": 0.11106968888888888, "neg": 0.1567799777777778, "scatter_": 0.029449533333333337, "leaky_relu_backward": 0.11722866666666665, "index_add_": 2.0891078000000003, "t": 0.0, "elu_backward": 0.0435921111111111, "clone": 1.118170022222222, "_unsafe_view": 0.0, "mul_": 0.018592577777777772, "addcmul_": 0.008710088888888887, "sqrt": 0.009737733333333333, "addcdiv_": 0.011044644444444444, "is_floating_point": 0.0, "_local_scalar_dense": 0.0073827555555555585, "dropout": 0.0, "max": 0.017688866666666664, "eq": 0.005275333333333333, "is_complex": 0.0}