{"_fused_dropout": 0.51729675, "select": 0.0, "ne": 0.16401259090909087, "slice": 0.0, "to": 0.0, "index": 2.214972363636364, "unsqueeze": 0.0, "repeat": 0.018655590909090903, "cat": 5.320474113636366, "mm": 0.9264719545454544, "index_select": 2.282077545454545, "view": 0.0, "mul": 8.928957431818183, "sum": 4.715701068181819, "leaky_relu": 0.13712765909090907, "sub": 0.23290740909090915, "exp": 0.15789670454545457, "expand": 0.0, "scatter_add_": 1.514584818181818, "add": 1.7848542045454543, "div": 0.4934276818181819, "elu": 0.011660863636363638, "_log_softmax": 0.01045215909090909, "nll_loss_forward": 0.07778559090909089, "zero_": 0.03160681818181819, "torch::autograd::GraphRoot": 0.0, "nll_loss_backward": 0.1203505227272727, "empty": 0.0, "_index_put_impl_": 13.581681227272727, "_log_softmax_backward_data": 0.004441113636363635, "AddBackward0": 0.0, "add_": 0.025069363636363636, "gather": 0.9351925681818181, "_masked_scale": 0.0899664090909091, "neg": 0.15762061363636362, "scatter_": 0.02728536363636364, "leaky_relu_backward": 0.11724738636363635, "index_add_": 1.1265246818181818, "t": 0.0, "elu_backward": 0.015333249999999998, "clone": 0.7681683863636365, "_unsafe_view": 0.0, "mul_": 0.016752545454545454, "addcmul_": 0.00842918181818182, "sqrt": 0.009429750000000002, "addcdiv_": 0.011085545454545456, "is_floating_point": 0.0, "_local_scalar_dense": 0.007065590909090908, "dropout": 0.0, "max": 0.016807318181818177, "eq": 0.004737045454545454, "is_complex": 0.0}