{"_fused_dropout": 1.1000268604651162, "select": 0.0, "ne": 0.27613995348837217, "slice": 0.0, "to": 0.0, "index": 4.280940790697674, "unsqueeze": 0.0, "repeat": 0.16331679069767444, "cat": 13.848807372093024, "mm": 2.4764239767441856, "index_select": 8.273038116279068, "view": 0.0, "mul": 22.160339209302325, "sum": 12.620755558139534, "leaky_relu": 0.3811179069767441, "sub": 0.5964404418604651, "exp": 0.41589572093023247, "expand": 0.0, "scatter_add_": 6.340130790697675, "add": 6.930415441860464, "div": 1.2389265348837204, "elu": 0.7065653488372093, "_log_softmax": 0.2939578139534885, "nll_loss_forward": 3.7777610930232557, "zero_": 0.6735479767441861, "torch::autograd::GraphRoot": 0.0, "nll_loss_backward": 3.500893255813954, "empty": 0.0, "_index_put_impl_": 22.510541093023257, "_log_softmax_backward_data": 0.19566437209302326, "AddBackward0": 0.0, "add_": 0.02677858139534884, "gather": 2.763731860465116, "_masked_scale": 0.616328534883721, "neg": 0.41827846511627903, "scatter_": 0.479408511627907, "leaky_relu_backward": 0.30601472093023263, "index_add_": 5.365944023255816, "t": 0.0, "elu_backward": 0.5162192558139533, "clone": 1.9098006511627912, "_unsafe_view": 0.0, "mul_": 0.01687644186046512, "addcmul_": 0.008363255813953486, "sqrt": 0.009329767441860464, "addcdiv_": 0.01142430232558139, "is_floating_point": 0.0, "_local_scalar_dense": 0.0075304883720930214, "dropout": 0.0, "max": 0.33268037209302326, "eq": 0.02235562790697674, "is_complex": 0.0}