{"_fused_dropout": 12.076248441860464, "select": 0.0, "ne": 0.17118423255813955, "slice": 0.0, "to": 0.0, "index": 2.3155404418604637, "unsqueeze": 0.0, "repeat": 0.027326790697674422, "cat": 13.075689790697675, "mm": 40.2499918372093, "index_select": 9.228237139534883, "view": 0.0, "mul": 27.582773209302328, "sum": 14.046204093023258, "leaky_relu": 0.14295658139534884, "sub": 0.24377158139534882, "exp": 0.18455023255813952, "expand": 0.0, "scatter_add_": 6.779608093023257, "add": 4.801266627906976, "div": 0.5535766279069767, "elu": 0.28739546511627906, "_log_softmax": 0.0172523488372093, "nll_loss_forward": 0.2568212558139535, "zero_": 0.1976481860465116, "torch::autograd::GraphRoot": 0.0, "nll_loss_backward": 0.4508327906976744, "empty": 0.0, "_index_put_impl_": 11.328339325581394, "_log_softmax_backward_data": 0.007976976744186046, "AddBackward0": 0.0, "add_": 0.153583511627907, "gather": 3.723399209302326, "_masked_scale": 0.24626720930232554, "neg": 0.16463102325581394, "scatter_": 0.07373255813953489, "leaky_relu_backward": 0.12314702325581392, "index_add_": 5.3119502325581385, "t": 0.0, "elu_backward": 0.21210488372093023, "clone": 2.3175482558139535, "_unsafe_view": 0.0, "mul_": 0.08709730232558138, "addcmul_": 0.06082234883720928, "sqrt": 0.045876465116279075, "addcdiv_": 0.08374088372093025, "is_floating_point": 0.0, "_local_scalar_dense": 0.008899116279069764, "dropout": 0.0, "max": 0.05335095348837209, "eq": 0.007633, "is_complex": 0.0}