{"_fused_dropout": 0.6218567555555556, "select": 0.0, "ne": 0.16636695555555558, "slice": 0.0, "to": 0.0, "index": 2.3869711111111114, "unsqueeze": 0.0, "repeat": 0.019362977777777783, "cat": 8.916772844444445, "mm": 1.4057788444444443, "index_select": 4.050266155555556, "view": 0.0, "mul": 15.689173355555551, "sum": 8.503354466666668, "leaky_relu": 0.2703652666666666, "sub": 0.4268645777777778, "exp": 0.28895784444444444, "expand": 0.0, "scatter_add_": 2.764026644444445, "add": 3.2560135111111106, "div": 0.8818463777777776, "elu": 0.05765946666666665, "_log_softmax": 0.010980177777777773, "nll_loss_forward": 0.0821344222222222, "zero_": 0.050523399999999996, "torch::autograd::GraphRoot": 0.0, "nll_loss_backward": 0.12298686666666665, "empty": 0.0, "_index_put_impl_": 14.297838933333328, "_log_softmax_backward_data": 0.004667355555555555, "AddBackward0": 0.0, "add_": 0.026656977777777778, "gather": 1.7098762222222228, "_masked_scale": 0.18567624444444447, "neg": 0.2904760888888889, "scatter_": 0.06314433333333334, "leaky_relu_backward": 0.2134871555555555, "index_add_": 2.079463311111111, "t": 0.0, "elu_backward": 0.043870866666666675, "clone": 1.5325912666666663, "_unsafe_view": 0.0, "mul_": 0.018165022222222223, "addcmul_": 0.00906368888888889, "sqrt": 0.010112311111111112, "addcdiv_": 0.011283555555555555, "is_floating_point": 0.0, "_local_scalar_dense": 0.007228533333333333, "dropout": 0.0, "max": 0.017811088888888885, "eq": 0.004952400000000001, "is_complex": 0.0}