{"_fused_dropout": 0.3080511956521739, "select": 0.0, "ne": 0.08679776086956523, "slice": 0.0, "to": 0.0, "index": 2.111571217391304, "unsqueeze": 0.0, "repeat": 0.018131760869565215, "cat": 3.888550391304348, "mm": 0.8153039565217391, "index_select": 1.8260608913043481, "view": 0.0, "mul": 7.48213045652174, "sum": 4.13380345652174, "leaky_relu": 0.12388082608695648, "sub": 0.19738104347826083, "exp": 0.14282454347826082, "expand": 0.0, "scatter_add_": 1.244967391304348, "add": 1.526095782608696, "div": 0.4367578695652174, "elu": 0.013700456521739129, "_log_softmax": 0.004973586956521738, "nll_loss_forward": 0.04497463043478262, "zero_": 0.031224913043478252, "torch::autograd::GraphRoot": 0.0, "nll_loss_backward": 0.0892606304347826, "empty": 0.0, "_index_put_impl_": 6.473030282608695, "_log_softmax_backward_data": 0.0023733913043478268, "AddBackward0": 0.0, "add_": 0.025922347826086958, "gather": 0.7566530000000001, "_masked_scale": 0.0801881304347826, "neg": 0.13707184782608697, "scatter_": 0.02970104347826087, "leaky_relu_backward": 0.10349604347826086, "index_add_": 0.9083617608695652, "t": 0.0, "elu_backward": 0.017713152173913047, "clone": 0.7478853043478261, "_unsafe_view": 0.0, "mul_": 0.01792184782608695, "addcmul_": 0.00876936956521739, "sqrt": 0.009924630434782608, "addcdiv_": 0.01084669565217391, "is_floating_point": 0.0, "_local_scalar_dense": 0.006976913043478261, "dropout": 0.0, "max": 0.01106545652173913, "eq": 0.004964478260869565, "is_complex": 0.0}