{"_fused_dropout": 12.108072844444449, "select": 0.0, "ne": 0.17043417777777775, "slice": 0.0, "to": 0.0, "index": 2.5712213555555556, "unsqueeze": 0.0, "repeat": 0.023332755555555553, "cat": 8.59418688888889, "mm": 30.901767200000005, "index_select": 4.687212088888889, "view": 0.0, "mul": 15.321678355555559, "sum": 9.674154111111111, "leaky_relu": 0.2830149333333333, "sub": 0.4486012888888889, "exp": 0.30775524444444446, "expand": 0.0, "scatter_add_": 3.3594945333333333, "add": 3.506425466666667, "div": 0.9278740444444442, "elu": 0.14590595555555555, "_log_softmax": 0.014908422222222219, "nll_loss_forward": 0.22520693333333344, "zero_": 0.11412440000000004, "torch::autograd::GraphRoot": 0.0, "nll_loss_backward": 0.29509064444444444, "empty": 0.0, "_index_put_impl_": 11.043749488888889, "_log_softmax_backward_data": 0.0072199333333333345, "AddBackward0": 0.0, "add_": 0.058472444444444466, "gather": 1.914095977777778, "_masked_scale": 0.2445309111111111, "neg": 0.30362806666666675, "scatter_": 0.1479608444444445, "leaky_relu_backward": 0.22465028888888888, "index_add_": 2.570450755555555, "t": 0.0, "elu_backward": 0.1067514, "clone": 1.600705244444444, "_unsafe_view": 0.0, "mul_": 0.04895968888888888, "addcmul_": 0.021492000000000004, "sqrt": 0.016573844444444444, "addcdiv_": 0.03888286666666666, "is_floating_point": 0.0, "_local_scalar_dense": 0.008032599999999999, "dropout": 0.0, "max": 0.04519128888888888, "eq": 0.006367377777777778, "is_complex": 0.0}