{"_fused_dropout": 1.7131437708333328, "select": 0.0, "ne": 0.2761311666666667, "slice": 0.0, "to": 0.0, "index": 5.2560554999999995, "unsqueeze": 0.0, "repeat": 0.1638631458333333, "cat": 23.294723166666667, "mm": 3.806329791666665, "index_select": 13.299282833333331, "view": 0.0, "mul": 39.03249385416667, "sum": 22.627942416666667, "leaky_relu": 0.7139742083333335, "sub": 1.0802548749999998, "exp": 0.7399272291666666, "expand": 0.0, "scatter_add_": 10.1712105625, "add": 12.228981229166665, "div": 2.204040979166667, "elu": 1.4104302083333335, "_log_softmax": 0.29448262499999994, "nll_loss_forward": 3.8111457499999997, "zero_": 1.1793952083333332, "torch::autograd::GraphRoot": 0.0, "nll_loss_backward": 3.5140575624999997, "empty": 0.0, "_index_put_impl_": 22.482984562499997, "_log_softmax_backward_data": 0.19447287500000002, "AddBackward0": 0.0, "add_": 0.027298979166666664, "gather": 4.6838665, "_masked_scale": 1.1986106041666666, "neg": 0.7526046874999998, "scatter_": 0.7613446250000003, "leaky_relu_backward": 0.5486860208333334, "index_add_": 9.001704562499999, "t": 0.0, "elu_backward": 1.0346483541666667, "clone": 3.8123883541666683, "_unsafe_view": 0.0, "mul_": 0.01760560416666666, "addcmul_": 0.008589874999999999, "sqrt": 0.009875270833333337, "addcdiv_": 0.011628895833333333, "is_floating_point": 0.0, "_local_scalar_dense": 0.0077199791666666675, "dropout": 0.0, "max": 0.3491661666666666, "eq": 0.022830062499999998, "is_complex": 0.0}