{"_fused_dropout": 2.3257749574468085, "select": 0.0, "ne": 0.2744798085106383, "slice": 0.0, "to": 0.0, "index": 4.114041063829786, "unsqueeze": 0.0, "repeat": 0.03215006382978723, "cat": 17.211279361702125, "mm": 5.680368723404255, "index_select": 9.146691851063832, "view": 0.0, "mul": 29.468655191489358, "sum": 16.618551510638298, "leaky_relu": 0.5526907872340427, "sub": 0.8517963829787234, "exp": 0.5826947021276596, "expand": 0.0, "scatter_add_": 7.018078936170214, "add": 7.016869872340425, "div": 1.733581978723405, "elu": 0.375547744680851, "_log_softmax": 0.0557932978723404, "nll_loss_forward": 0.541271404255319, "zero_": 0.28426012765957454, "torch::autograd::GraphRoot": 0.0, "nll_loss_backward": 0.4411892340425532, "empty": 0.0, "_index_put_impl_": 24.291670893617024, "_log_softmax_backward_data": 0.03742568085106383, "AddBackward0": 0.0, "add_": 0.027670063829787248, "gather": 3.592929574468085, "_masked_scale": 0.5257121914893617, "neg": 0.5908506170212764, "scatter_": 0.3894753617021276, "leaky_relu_backward": 0.4312845106382979, "index_add_": 5.782615638297871, "t": 0.0, "elu_backward": 0.2752428723404255, "clone": 2.9968415744680854, "_unsafe_view": 0.0, "mul_": 0.01812853191489362, "addcmul_": 0.008679340425531914, "sqrt": 0.00997759574468085, "addcdiv_": 0.010943595744680857, "is_floating_point": 0.0, "_local_scalar_dense": 0.007545170212765957, "dropout": 0.0, "max": 0.09505046808510638, "eq": 0.0071306595744680835, "is_complex": 0.0}