{"_fused_dropout": 0.4780319795918367, "select": 0.0, "ne": 0.03619657142857143, "slice": 0.0, "to": 0.0, "index": 1.510376612244898, "unsqueeze": 0.0, "repeat": 0.017211693877551025, "cat": 1.6085414285714281, "mm": 1.5823443877551022, "index_select": 0.939493755102041, "view": 0.0, "mul": 3.1097581632653055, "sum": 2.1393943265306117, "leaky_relu": 0.046278306122448994, "sub": 0.09019522448979593, "exp": 0.07066463265306122, "expand": 0.0, "scatter_add_": 0.669583, "add": 0.8805932244897959, "div": 0.20364420408163258, "elu": 0.08588995918367347, "_log_softmax": 0.006104285714285714, "nll_loss_forward": 0.16123593877551026, "zero_": 0.06693814285714285, "torch::autograd::GraphRoot": 0.0, "nll_loss_backward": 0.1929790408163266, "empty": 0.0, "_index_put_impl_": 3.705594551020409, "_log_softmax_backward_data": 0.002871897959183674, "AddBackward0": 0.0, "add_": 0.02960165306122449, "gather": 0.37052557142857145, "_masked_scale": 0.07668353061224491, "neg": 0.061929816326530614, "scatter_": 0.028174571428571424, "leaky_relu_backward": 0.04746265306122449, "index_add_": 0.5206933061224489, "t": 0.0, "elu_backward": 0.06212665306122449, "clone": 0.32915593877551025, "_unsafe_view": 0.0, "mul_": 0.019674428571428572, "addcmul_": 0.009730367346938773, "sqrt": 0.010589020408163265, "addcdiv_": 0.01305816326530612, "is_floating_point": 0.0, "_local_scalar_dense": 0.007395816326530613, "dropout": 0.0, "max": 0.02567589795918367, "eq": 0.005619632653061229, "is_complex": 0.0}