,amazon-photo,pubmed,amazon-computers,coauthor-physics,flickr,com-amazon
0,1.486842105263158,1.1624365482233503,1.7883211678832116,3.229651162790698,2.866591928251121,
1,2.0933333333333333,1.229706390328152,2.462871287128713,3.437869822485207,3.005714285714286,
2,2.966666666666667,1.3278688524590163,3.485148514851485,3.771315919172006,3.216190476190476,
3,4.151633986928105,1.4667681380010147,4.871272727272728,4.232531168454624,3.5198879551820728,
4,8.66265690376569,1.9717995536620003,10.014834205933683,5.922532761219993,4.612136966654715,
5,16.16496732026144,2.810509231081355,18.600785340314136,8.747709613823496,6.431193277310924,
