{"select": 0.0, "ne": 0.08897722916666663, "slice": 0.0, "to": 0.0, "index": 2.198728479166667, "unsqueeze": 0.0, "repeat": 0.026929666666666657, "cat": 2.0479785, "index_select": 41.09555989583332, "t": 0.0, "addmm": 67.55638885416666, "view": 0.0, "mul": 10.886675625, "sum": 7.38621775, "sub": 0.3732144791666667, "exp": 0.3051017916666667, "expand": 0.0, "scatter_add_": 22.962894750000004, "add": 1.5134615416666668, "div": 0.8282951041666667, "leaky_relu": 2.0473639375000006, "clamp_": 0.009327104166666666, "is_floating_point": 0.0, "true_divide_": 0.4802424583333334, "_fused_dropout": 0.012932791666666664, "_log_softmax": 0.008685729166666668, "nll_loss_forward": 0.07309404166666666, "zero_": 0.141319875, "torch::autograd::GraphRoot": 0.0, "nll_loss_backward": 0.11100841666666666, "empty": 0.0, "_index_put_impl_": 8.216610479166667, "_log_softmax_backward_data": 0.0037910416666666652, "mm": 22.66216079166667, "add_": 0.11925525000000002, "gather": 2.5906965625000002, "index_add_": 2.0666229375, "scatter_": 0.44138666666666676, "leaky_relu_backward": 1.4952461458333335, "neg": 0.2559872083333334, "AddBackward0": 0.0, "_masked_scale": 0.008969166666666667, "mul_": 0.07811875, "addcmul_": 0.03701597916666667, "sqrt": 0.039193354166666666, "addcdiv_": 0.04929608333333335, "_local_scalar_dense": 0.009595624999999997, "dropout": 0.0, "max": 0.019253562499999998, "eq": 0.008095937499999999, "is_complex": 0.0}