{"select": 0.0, "ne": 0.035586, "slice": 0.0, "to": 0.0, "index": 1.5585158958333334, "unsqueeze": 0.0, "repeat": 0.018724750000000002, "cat": 3.539759208333333, "index_select": 12.960830270833332, "t": 0.0, "addmm": 25.16130841666666, "view": 0.0, "mul": 5.185629187499999, "sum": 3.1394225833333333, "sub": 0.16822345833333338, "exp": 0.12314408333333336, "expand": 0.0, "scatter_add_": 6.9059827291666664, "add": 0.9331234166666665, "div": 0.4318383541666666, "leaky_relu": 0.9903170833333333, "clamp_": 0.007242729166666667, "is_floating_point": 0.0, "true_divide_": 0.8169906249999999, "_fused_dropout": 0.04986075, "_log_softmax": 0.0077133333333333325, "nll_loss_forward": 0.1886314375, "zero_": 0.30389883333333334, "torch::autograd::GraphRoot": 0.0, "nll_loss_backward": 0.2364410416666667, "empty": 0.0, "_index_put_impl_": 3.666907541666665, "_log_softmax_backward_data": 0.0033610833333333335, "mm": 8.700286520833336, "add_": 0.10570043750000002, "gather": 1.0963477083333333, "index_add_": 1.155997229166667, "scatter_": 0.48119531249999986, "leaky_relu_backward": 0.7094145833333333, "neg": 0.11208172916666666, "AddBackward0": 0.0, "_masked_scale": 0.046682999999999995, "mul_": 0.06995975, "addcmul_": 0.03300466666666667, "sqrt": 0.034753291666666665, "addcdiv_": 0.04354589583333334, "_local_scalar_dense": 0.0082225625, "dropout": 0.0, "max": 0.028045375000000008, "eq": 0.006222187499999999, "is_complex": 0.0}