{"select": 0.0, "ne": 0.088057875, "slice": 0.0, "to": 0.0, "index": 2.178372375, "unsqueeze": 0.0, "repeat": 0.021758708333333335, "cat": 2.0392624791666667, "index_select": 36.90801547916666, "t": 0.0, "addmm": 66.38063054166668, "view": 0.0, "expand": 0.0, "contiguous": 0.0, "bmm": 96.99805727083334, "_unsafe_view": 0.0, "squeeze_": 0.0, "sub": 0.3747096458333334, "exp": 0.2741148125, "scatter_add_": 20.439559312500002, "add": 1.5232477500000001, "div": 0.8224152499999998, "leaky_relu": 2.0667503749999994, "mul": 5.69390925, "clamp_": 0.007194041666666671, "is_floating_point": 0.0, "true_divide_": 0.4351394791666667, "_fused_dropout": 0.011794958333333333, "_log_softmax": 0.006828833333333335, "nll_loss_forward": 0.05489889583333333, "zero_": 0.12211047916666669, "torch::autograd::GraphRoot": 0.0, "nll_loss_backward": 0.11641604166666664, "empty": 0.0, "_index_put_impl_": 7.343933729166665, "_log_softmax_backward_data": 0.0028396666666666674, "mm": 20.59078602083333, "sum": 3.154188395833333, "add_": 0.09305424999999999, "gather": 2.0633281458333332, "index_add_": 1.885263375, "scatter_": 0.4357509583333332, "leaky_relu_backward": 1.5129699375, "neg": 0.25971887499999996, "AddBackward0": 0.0, "transpose": 0.0, "ExpandBackward": 0.0, "_masked_scale": 0.008139979166666665, "mul_": 0.06568720833333332, "addcmul_": 0.02929741666666666, "sqrt": 0.03245514583333333, "addcdiv_": 0.03958479166666667, "_local_scalar_dense": 0.007995375, "dropout": 0.0, "max": 0.014372666666666664, "eq": 0.0061996041666666675, "is_complex": 0.0}