{"select": 0.0, "ne": 0.16824120833333334, "slice": 0.0, "to": 0.0, "index": 3.3117001458333335, "unsqueeze": 0.0, "repeat": 0.02666229166666667, "cat": 3.7621645625000006, "index_select": 94.967559, "t": 0.0, "addmm": 122.72468577083335, "view": 0.0, "mul": 22.384673333333335, "sum": 15.199463979166666, "sub": 0.7685765, "exp": 0.6500724999999999, "expand": 0.0, "scatter_add_": 48.468036395833344, "add": 3.0849574375, "div": 1.6365358124999998, "leaky_relu": 4.2325199375, "clamp_": 0.0101751875, "is_floating_point": 0.0, "true_divide_": 0.8114478125, "_fused_dropout": 0.0351400625, "_log_softmax": 0.016579812499999996, "nll_loss_forward": 0.11471481249999994, "zero_": 0.22351656250000007, "torch::autograd::GraphRoot": 0.0, "nll_loss_backward": 0.17650927083333331, "empty": 0.0, "_index_put_impl_": 17.239686604166664, "_log_softmax_backward_data": 0.0067287291666666684, "mm": 47.96632464583333, "add_": 0.1301139166666667, "gather": 5.016217875000001, "index_add_": 4.130423250000001, "scatter_": 0.741936875, "leaky_relu_backward": 3.1178631666666674, "neg": 0.5286496875000001, "AddBackward0": 0.0, "_masked_scale": 0.03252099999999999, "mul_": 0.09219058333333335, "addcmul_": 0.04460933333333334, "sqrt": 0.04902804166666667, "addcdiv_": 0.06313654166666664, "_local_scalar_dense": 0.0090784375, "dropout": 0.0, "max": 0.025727645833333337, "eq": 0.006701395833333335, "is_complex": 0.0}