{"select": 0.0, "ne": 0.1672133404255319, "slice": 0.0, "to": 0.0, "index": 3.01104559574468, "unsqueeze": 0.0, "repeat": 0.02226927659574468, "cat": 3.7691112553191473, "index_select": 84.74574823404255, "t": 0.0, "addmm": 119.5979262978723, "view": 0.0, "expand": 0.0, "contiguous": 0.0, "bmm": 208.73095031914895, "_unsafe_view": 0.0, "squeeze_": 0.0, "sub": 0.7701915531914895, "exp": 0.5527957234042554, "scatter_add_": 43.64368440425532, "add": 3.094033914893617, "div": 1.6339280425531912, "leaky_relu": 4.288857297872341, "mul": 11.64239214893617, "clamp_": 0.007959914893617024, "is_floating_point": 0.0, "true_divide_": 0.7665089361702129, "_fused_dropout": 0.034639957446808506, "_log_softmax": 0.012719191489361703, "nll_loss_forward": 0.08690134042553192, "zero_": 0.2106100425531915, "torch::autograd::GraphRoot": 0.0, "nll_loss_backward": 0.14653361702127657, "empty": 0.0, "_index_put_impl_": 15.688726212765959, "_log_softmax_backward_data": 0.005200489361702127, "mm": 45.31844310638298, "sum": 6.190023468085109, "add_": 0.11303370212765956, "gather": 4.301230510638297, "index_add_": 3.9620093191489354, "scatter_": 0.7312472765957447, "leaky_relu_backward": 3.140516595744681, "neg": 0.5345791063829787, "AddBackward0": 0.0, "transpose": 0.0, "ExpandBackward": 0.0, "_masked_scale": 0.03213191489361702, "mul_": 0.08257687234042552, "addcmul_": 0.038459808510638294, "sqrt": 0.04060117021276595, "addcdiv_": 0.052043127659574466, "_local_scalar_dense": 0.007839255319148936, "dropout": 0.0, "max": 0.019456340425531914, "eq": 0.005386255319148935, "is_complex": 0.0}