{"select": 0.0, "ne": 0.27702593617021276, "slice": 0.0, "to": 0.0, "index": 7.178576489361704, "unsqueeze": 0.0, "repeat": 0.1617317872340425, "cat": 15.842314319148935, "index_select": 36.861523914893624, "t": 0.0, "addmm": 82.87235406382979, "view": 0.0, "mul": 61.73800470212766, "sum": 34.82821727659575, "sub": 1.9164766808510636, "exp": 1.359641829787234, "expand": 0.0, "scatter_add_": 28.251559297872344, "add": 12.239331000000005, "div": 4.6372761063829815, "leaky_relu": 11.918686382978727, "clamp_": 0.033967106382978736, "is_floating_point": 0.0, "true_divide_": 2.1898307659574465, "_fused_dropout": 0.8399246382978723, "_log_softmax": 0.29207621276595747, "nll_loss_forward": 4.220515765957446, "zero_": 5.2352324680851074, "torch::autograd::GraphRoot": 0.0, "nll_loss_backward": 3.9078926382978727, "empty": 0.0, "_index_put_impl_": 24.596776638297886, "_log_softmax_backward_data": 0.19425289361702125, "mm": 41.5176689574468, "add_": 0.10018523404255322, "gather": 12.643652978723402, "index_add_": 16.49972353191489, "scatter_": 7.57900544680851, "leaky_relu_backward": 8.706785531914893, "neg": 1.326264914893617, "AddBackward0": 0.0, "_masked_scale": 0.7774016808510639, "mul_": 0.06409563829787235, "addcmul_": 0.030998702127659563, "sqrt": 0.034161042553191495, "addcdiv_": 0.04118440425531914, "_local_scalar_dense": 0.008360702127659578, "dropout": 0.0, "max": 0.4047826808510638, "eq": 0.023300744680851068, "is_complex": 0.0}