{"select": 0.0, "ne": 0.27756357142857147, "slice": 0.0, "to": 0.0, "index": 7.802509612244897, "unsqueeze": 0.0, "repeat": 0.03546920408163265, "cat": 17.799347673469384, "index_select": 118.71424038775514, "t": 0.0, "addmm": 174.65256428571425, "view": 0.0, "expand": 0.0, "contiguous": 0.0, "bmm": 406.16881242857147, "_unsafe_view": 0.0, "squeeze_": 0.0, "sub": 1.5142868775510205, "exp": 1.0274060408163261, "scatter_add_": 66.7857741836735, "add": 7.01751187755102, "div": 3.2854813265306118, "leaky_relu": 8.737225122448981, "mul": 24.016606183673467, "clamp_": 0.01288167346938775, "is_floating_point": 0.0, "true_divide_": 3.4647743469387766, "_fused_dropout": 0.22431640816326537, "_log_softmax": 0.04900171428571427, "nll_loss_forward": 0.5365784897959183, "zero_": 1.3692972040816322, "torch::autograd::GraphRoot": 0.0, "nll_loss_backward": 0.4398982653061224, "empty": 0.0, "_index_put_impl_": 26.901466346938772, "_log_softmax_backward_data": 0.03704730612244899, "mm": 60.49033073469388, "sum": 12.943122265306123, "add_": 0.11614557142857139, "gather": 9.535836408163265, "index_add_": 10.784651040816321, "scatter_": 4.561989469387757, "leaky_relu_backward": 6.306441632653062, "neg": 1.0416954081632654, "AddBackward0": 0.0, "transpose": 0.0, "ExpandBackward": 0.0, "_masked_scale": 0.21009010204081638, "mul_": 0.08143273469387757, "addcmul_": 0.03873989795918368, "sqrt": 0.041625204081632644, "addcdiv_": 0.05163387755102041, "_local_scalar_dense": 0.007684510204081633, "dropout": 0.0, "max": 0.09111779591836734, "eq": 0.006867000000000001, "is_complex": 0.0}