{"select": 0.0, "ne": 0.03457051063829787, "slice": 0.0, "to": 0.0, "index": 1.5708151276595745, "unsqueeze": 0.0, "repeat": 0.01729214893617021, "cat": 3.5592057446808516, "index_select": 12.485845999999993, "t": 0.0, "addmm": 24.982814361702125, "view": 0.0, "expand": 0.0, "contiguous": 0.0, "bmm": 39.56055134042554, "_unsafe_view": 0.0, "squeeze_": 0.0, "sub": 0.16863270212765955, "exp": 0.12153225531914898, "scatter_add_": 6.774798829787237, "add": 0.9314662127659573, "div": 0.42902817021276607, "leaky_relu": 0.9969633829787232, "mul": 2.861332723404256, "clamp_": 0.006545765957446808, "is_floating_point": 0.0, "true_divide_": 0.7856551489361703, "_fused_dropout": 0.04958253191489361, "_log_softmax": 0.006893702127659575, "nll_loss_forward": 0.159482914893617, "zero_": 0.29568210638297876, "torch::autograd::GraphRoot": 0.0, "nll_loss_backward": 0.1942296170212766, "empty": 0.0, "_index_put_impl_": 2.8857293404255318, "_log_softmax_backward_data": 0.0028178510638297866, "mm": 7.859252595744683, "sum": 1.706004468085107, "add_": 0.09375180851063829, "gather": 0.966464, "index_add_": 1.1442471063829787, "scatter_": 0.4865998085106384, "leaky_relu_backward": 0.7133801063829788, "neg": 0.1127406170212766, "AddBackward0": 0.0, "transpose": 0.0, "ExpandBackward": 0.0, "_masked_scale": 0.047163510638297865, "mul_": 0.061558574468085096, "addcmul_": 0.029994936170212774, "sqrt": 0.030734510638297872, "addcdiv_": 0.03771240425531915, "_local_scalar_dense": 0.0076214255319148935, "dropout": 0.0, "max": 0.02531527659574468, "eq": 0.005683148936170214, "is_complex": 0.0}