{"select": 0.0, "ne": 0.2771485106382979, "slice": 0.0, "to": 0.0, "index": 7.013028085106385, "unsqueeze": 0.0, "repeat": 0.1627847021276596, "cat": 16.016273297872342, "index_select": 34.45941389361702, "t": 0.0, "addmm": 82.96556229787231, "view": 0.0, "expand": 0.0, "contiguous": 0.0, "bmm": 475.9467187446808, "_unsafe_view": 0.0, "squeeze_": 0.0, "sub": 1.9375820212765962, "exp": 1.309032744680851, "scatter_add_": 27.29373025531915, "add": 12.298630957446807, "div": 4.654633723404254, "leaky_relu": 12.118697723404258, "mul": 35.00718248936171, "clamp_": 0.028578234042553198, "is_floating_point": 0.0, "true_divide_": 2.1851031063829787, "_fused_dropout": 0.8402165531914894, "_log_softmax": 0.28559423404255313, "nll_loss_forward": 3.8462867446808504, "zero_": 5.239736000000002, "torch::autograd::GraphRoot": 0.0, "nll_loss_backward": 3.5881126595744677, "empty": 0.0, "_index_put_impl_": 25.15149417021277, "_log_softmax_backward_data": 0.19539523404255324, "mm": 40.26106295744681, "sum": 18.588175382978726, "add_": 0.09010704255319153, "gather": 12.402238680851067, "index_add_": 16.476843744680853, "scatter_": 7.599801340425532, "leaky_relu_backward": 8.716098489361702, "neg": 1.3270090212765957, "AddBackward0": 0.0, "transpose": 0.0, "ExpandBackward": 0.0, "_masked_scale": 0.781498425531915, "mul_": 0.05755406382978723, "addcmul_": 0.026627319148936172, "sqrt": 0.03237393617021275, "addcdiv_": 0.035061404255319145, "_local_scalar_dense": 0.007668340425531915, "dropout": 0.0, "max": 0.34836842553191494, "eq": 0.02240931914893617, "is_complex": 0.0}