,amazon-photo,pubmed,amazon-computers,coauthor-physics,flickr,com-amazon
0,24.9969817397849,16.31682182945912,26.39472886748182,15.100995791040017,24.134923103688717,24.188063701182898
1,23.33552550685646,22.812018787077598,23.500162695534332,10.504931554317805,19.805072197634228,14.067918349775539
2,14.25106492535051,12.835221003495915,14.054539023561329,9.386257244329071,13.118901895012247,13.661986564398589
3,2.7406980321469954,8.68219020718165,2.5850185530924246,30.629842456513938,4.911305222497773,2.351605050670885
4,6.1845830021520065,5.189608967938173,6.738967160381675,4.599414804033072,7.358760607473552,8.13077363270558
5,28.49114679370912,34.164139204847544,26.72658369994842,29.7785581497661,30.671036973693475,37.59965270126651
