{"_fused_dropout": 1.7538159999999998, "t": 0.0, "mm": 3.8563714680851064, "select": 0.0, "ne": 0.2765600638297872, "slice": 0.0, "to": 0.0, "index": 6.077770063829786, "unsqueeze": 0.0, "repeat": 0.16780889361702128, "cat": 0.783552063829787, "index_select": 13.333566978723404, "view": 0.0, "mul": 39.66574178723405, "sum": 22.40414272340425, "add": 10.372636680851063, "leaky_relu": 0.7603579787234042, "sub": 1.1012275319148934, "exp": 0.7366320212765955, "expand": 0.0, "scatter_add_": 10.167148808510635, "div": 2.347376106382979, "elu": 1.4335944042553197, "mean": 0.28176053191489353, "_log_softmax": 0.29411968085106377, "nll_loss_forward": 2.7382884255319144, "zero_": 1.1804161489361706, "torch::autograd::GraphRoot": 0.0, "nll_loss_backward": 2.5561215744680856, "empty": 0.0, "_index_put_impl_": 23.069825829787234, "_log_softmax_backward_data": 0.19429557446808507, "AddBackward0": 0.0, "add_": 0.03680453191489362, "gather": 4.788110574468085, "_masked_scale": 1.216117319148936, "neg": 0.7661121276595743, "scatter_": 0.7666288085106384, "leaky_relu_backward": 0.5584363191489361, "index_add_": 8.809509106382981, "elu_backward": 1.0458147659574466, "mul_": 0.02355189361702128, "addcmul_": 0.011762617021276593, "sqrt": 0.013212638297872342, "addcdiv_": 0.01572755319148936, "is_floating_point": 0.0, "_local_scalar_dense": 0.0077098297872340415, "dropout": 0.0, "max": 0.3557335531914893, "eq": 0.020546085106382988, "is_complex": 0.0}