{"_fused_dropout": 0.6435941136363637, "t": 0.0, "mm": 1.5649870000000001, "select": 0.0, "ne": 0.16615479545454537, "slice": 0.0, "to": 0.0, "index": 2.262018386363636, "unsqueeze": 0.0, "repeat": 0.01924118181818182, "cat": 0.35509811363636357, "index_select": 4.079814431818185, "view": 0.0, "mul": 15.979540068181814, "sum": 8.50870909090909, "add": 3.091419863636364, "leaky_relu": 0.2853897272727272, "sub": 0.4371050000000001, "exp": 0.2877289545454546, "expand": 0.0, "scatter_add_": 2.764325227272727, "div": 0.9053766136363635, "elu": 0.05868327272727274, "mean": 0.018566272727272726, "_log_softmax": 0.011047704545454545, "nll_loss_forward": 0.059369, "zero_": 0.04662018181818182, "torch::autograd::GraphRoot": 0.0, "nll_loss_backward": 0.09141190909090909, "empty": 0.0, "_index_put_impl_": 14.227150931818187, "_log_softmax_backward_data": 0.00468675, "AddBackward0": 0.0, "add_": 0.03606145454545455, "gather": 1.7151190909090914, "_masked_scale": 0.19141718181818188, "neg": 0.29742695454545465, "scatter_": 0.06287213636363637, "leaky_relu_backward": 0.21819499999999997, "index_add_": 2.012332431818182, "elu_backward": 0.04535793181818181, "mul_": 0.02366977272727273, "addcmul_": 0.012207454545454547, "sqrt": 0.012608681818181817, "addcdiv_": 0.015082181818181823, "is_floating_point": 0.0, "_local_scalar_dense": 0.007328818181818181, "dropout": 0.0, "max": 0.01782013636363636, "eq": 0.005110840909090908, "is_complex": 0.0}