{"_fused_dropout": 0.32015726000000005, "t": 0.0, "mm": 0.8411301600000002, "select": 0.0, "ne": 0.08723289999999999, "slice": 0.0, "to": 0.0, "index": 1.9814697000000001, "unsqueeze": 0.0, "repeat": 0.0190774, "cat": 0.26177424, "index_select": 1.8980709400000004, "view": 0.0, "mul": 7.6716643, "sum": 4.37370348, "add": 1.4648059999999992, "leaky_relu": 0.1415043, "sub": 0.20419075999999997, "exp": 0.14517628, "expand": 0.0, "scatter_add_": 1.3132497799999998, "div": 0.4558887599999999, "elu": 0.014089540000000003, "mean": 0.013268499999999999, "_log_softmax": 0.0052806599999999995, "nll_loss_forward": 0.034848500000000004, "zero_": 0.032269580000000006, "torch::autograd::GraphRoot": 0.0, "nll_loss_backward": 0.08589672000000002, "empty": 0.0, "_index_put_impl_": 7.161757359999999, "_log_softmax_backward_data": 0.002465680000000001, "AddBackward0": 0.0, "add_": 0.035938019999999994, "gather": 0.7803045000000002, "_masked_scale": 0.08266567999999999, "neg": 0.14114982, "scatter_": 0.026876239999999996, "leaky_relu_backward": 0.10701588, "index_add_": 0.8815566999999999, "elu_backward": 0.01811228, "mul_": 0.023999840000000005, "addcmul_": 0.011705839999999999, "sqrt": 0.012897059999999995, "addcdiv_": 0.015295899999999998, "is_floating_point": 0.0, "_local_scalar_dense": 0.007374139999999998, "dropout": 0.0, "max": 0.011488280000000002, "eq": 0.005009479999999998, "is_complex": 0.0}