{"_fused_dropout": 12.474600222222222, "t": 0.0, "mm": 31.640196288888895, "select": 0.0, "ne": 0.14952786666666668, "slice": 0.0, "to": 0.0, "index": 2.4666252222222216, "unsqueeze": 0.0, "repeat": 0.024616355555555556, "cat": 0.3736322444444445, "index_select": 4.751130777777777, "view": 0.0, "mul": 15.599116177777779, "sum": 9.695871666666665, "add": 3.272398155555556, "leaky_relu": 0.29763004444444446, "sub": 0.460071088888889, "exp": 0.3109122, "expand": 0.0, "scatter_add_": 3.424551511111111, "div": 0.9519972444444446, "elu": 0.14931466666666665, "mean": 0.025094222222222226, "_log_softmax": 0.015620488888888888, "nll_loss_forward": 0.17230406666666662, "zero_": 0.11711864444444446, "torch::autograd::GraphRoot": 0.0, "nll_loss_backward": 0.21081637777777779, "empty": 0.0, "_index_put_impl_": 10.851446488888891, "_log_softmax_backward_data": 0.008734511111111112, "AddBackward0": 0.0, "add_": 0.07050462222222223, "gather": 2.008072466666666, "_masked_scale": 0.2494515333333333, "neg": 0.3093054, "scatter_": 0.13782328888888892, "leaky_relu_backward": 0.2278686444444444, "index_add_": 2.5354448444444446, "elu_backward": 0.10936235555555553, "mul_": 0.056875755555555546, "addcmul_": 0.02503906666666666, "sqrt": 0.019857311111111112, "addcdiv_": 0.04571142222222223, "is_floating_point": 0.0, "_local_scalar_dense": 0.008117288888888888, "dropout": 0.0, "max": 0.045457866666666666, "eq": 0.006374577777777778, "is_complex": 0.0}