{"_fused_dropout": 2.3941635111111106, "t": 0.0, "mm": 6.104002111111113, "select": 0.0, "ne": 0.26767222222222226, "slice": 0.0, "to": 0.0, "index": 3.967532955555555, "unsqueeze": 0.0, "repeat": 0.03217553333333333, "cat": 0.6051766222222222, "index_select": 9.145815266666666, "view": 0.0, "mul": 29.99602242222223, "sum": 16.304790933333333, "add": 6.469819955555554, "leaky_relu": 0.5981991111111111, "sub": 0.8722254444444444, "exp": 0.5799792666666667, "expand": 0.0, "scatter_add_": 6.978439488888888, "div": 1.775985866666667, "elu": 0.38431222222222217, "mean": 0.061083800000000014, "_log_softmax": 0.05570762222222223, "nll_loss_forward": 0.5607260666666667, "zero_": 0.28652635555555556, "torch::autograd::GraphRoot": 0.0, "nll_loss_backward": 0.4399771333333334, "empty": 0.0, "_index_put_impl_": 24.614679200000012, "_log_softmax_backward_data": 0.03650442222222223, "AddBackward0": 0.0, "add_": 0.03637226666666667, "gather": 3.6459839333333335, "_masked_scale": 0.5350745555555556, "neg": 0.6016609777777775, "scatter_": 0.39622528888888886, "leaky_relu_backward": 0.43920008888888895, "index_add_": 5.646685333333333, "elu_backward": 0.2800964666666666, "mul_": 0.02352571111111112, "addcmul_": 0.012006933333333334, "sqrt": 0.013164955555555554, "addcdiv_": 0.015108444444444443, "is_floating_point": 0.0, "_local_scalar_dense": 0.0075633555555555555, "dropout": 0.0, "max": 0.09348246666666668, "eq": 0.007055088888888889, "is_complex": 0.0}