,amazon-photo,pubmed,amazon-computers,coauthor-physics,flickr,com-amazon
0,10.855466695003676,27.408874437988505,10.944836688543031,67.9310470591008,17.896524447711613,7.183830510875207
1,19.191770542436046,9.202327737844834,24.36301815160747,7.846332990561565,20.99343235002406,18.02943757213736
2,16.188990227842552,8.611937878094674,17.002012788504768,6.258731184667423,18.023385886967027,16.327100228180687
3,12.40558718306093,6.752329766087605,13.322015069617064,4.714406218337582,11.973646552278991,10.91454792690575
4,9.705487972223656,5.014457997386353,10.382927830122114,3.725363036459127,9.282213724218265,7.399288003758627
5,31.652697379433135,43.01007218259803,23.98518947160555,9.52411951087349,21.830797038800043,40.14579575814237
