{"mm": 0.9596466199999996, "select": 0.0, "index_select": 1.1172237, "view": 0.0, "mul": 1.8393067799999994, "unsqueeze": 0.0, "expand": 0.0, "scatter_add_": 1.4109372199999999, "add": 0.05298653999999999, "relu": 0.014620119999999993, "_fused_dropout": 0.012347619999999995, "_log_softmax": 0.007621599999999999, "to": 0.0, "index": 0.8218320200000006, "nll_loss_forward": 0.04971641999999999, "zero_": 0.017399880000000003, "torch::autograd::GraphRoot": 0.0, "nll_loss_backward": 0.09997480000000002, "empty": 0.0, "_index_put_impl_": 0.7781920999999998, "_log_softmax_backward_data": 0.0034717799999999977, "AddBackward0": 0.0, "sum": 0.19622168000000006, "add_": 0.025683900000000003, "gather": 0.84404066, "index_add_": 0.47959564, "t": 0.0, "_masked_scale": 0.0102736, "threshold_backward": 0.018065099999999997, "mul_": 0.017289919999999997, "addcmul_": 0.008367140000000002, "sqrt": 0.009805979999999999, "div": 0.007668480000000001, "addcdiv_": 0.010763099999999996, "is_floating_point": 0.0, "_local_scalar_dense": 0.008637380000000002, "dropout": 0.0, "max": 0.01674964, "eq": 0.006950999999999998, "is_complex": 0.0}