{"mm": 3.843991911111112, "select": 0.0, "index_select": 5.828470533333334, "view": 0.0, "mul": 9.501088177777781, "unsqueeze": 0.0, "expand": 0.0, "scatter_add_": 8.635031933333332, "add": 1.6781414888888893, "relu": 1.4416960666666663, "_fused_dropout": 0.8716357333333333, "_log_softmax": 0.29363028888888887, "to": 0.0, "index": 1.2785916666666668, "nll_loss_forward": 2.647122155555555, "zero_": 0.48514571111111093, "torch::autograd::GraphRoot": 0.0, "nll_loss_backward": 2.4583188888888894, "empty": 0.0, "_index_put_impl_": 1.4807003333333335, "_log_softmax_backward_data": 0.19437851111111112, "AddBackward0": 0.0, "sum": 0.6723740666666668, "add_": 0.019446399999999996, "gather": 4.010640022222223, "index_add_": 3.583881222222221, "t": 0.0, "_masked_scale": 0.8024668222222222, "threshold_backward": 1.0449446666666669, "mul_": 0.01179115555555556, "addcmul_": 0.0058539333333333336, "sqrt": 0.006757222222222222, "div": 0.005526199999999999, "addcdiv_": 0.007965800000000002, "is_floating_point": 0.0, "_local_scalar_dense": 0.007428288888888889, "dropout": 0.0, "max": 0.33065606666666675, "eq": 0.020265444444444444, "is_complex": 0.0}