{"mm": 32.41191665957448, "select": 0.0, "index_select": 2.276303, "view": 0.0, "mul": 3.7067862765957447, "unsqueeze": 0.0, "expand": 0.0, "scatter_add_": 2.9937211914893616, "add": 0.19601570212765962, "relu": 0.14697740425531916, "_fused_dropout": 0.0901812340425532, "_log_softmax": 0.016730936170212762, "to": 0.0, "index": 0.7740049999999999, "nll_loss_forward": 0.18514991489361693, "zero_": 0.05370327659574467, "torch::autograd::GraphRoot": 0.0, "nll_loss_backward": 0.23230063829787234, "empty": 0.0, "_index_put_impl_": 0.9295366382978724, "_log_softmax_backward_data": 0.01046163829787234, "AddBackward0": 0.0, "sum": 0.2709421489361701, "add_": 0.05525091489361701, "gather": 1.7991643617021278, "index_add_": 0.9723138723404257, "t": 0.0, "_masked_scale": 0.08428425531914896, "threshold_backward": 0.10889408510638296, "mul_": 0.044473829787234055, "addcmul_": 0.01937876595744681, "sqrt": 0.01494872340425532, "div": 0.012180510638297871, "addcdiv_": 0.040135148936170206, "is_floating_point": 0.0, "_local_scalar_dense": 0.008566297872340424, "dropout": 0.0, "max": 0.0474427659574468, "eq": 0.006747468085106383, "is_complex": 0.0}