{"mm": 6.1534538222222235, "select": 0.0, "index_select": 4.102333755555555, "view": 0.0, "mul": 7.1315928888888855, "unsqueeze": 0.0, "expand": 0.0, "scatter_add_": 6.124033533333332, "add": 0.4398160000000001, "relu": 0.3830765555555556, "_fused_dropout": 0.23222740000000003, "_log_softmax": 0.0563900888888889, "to": 0.0, "index": 0.8604759777777777, "nll_loss_forward": 0.568375577777778, "zero_": 0.12094379999999999, "torch::autograd::GraphRoot": 0.0, "nll_loss_backward": 0.4746490222222223, "empty": 0.0, "_index_put_impl_": 1.093521622222222, "_log_softmax_backward_data": 0.03742506666666668, "AddBackward0": 0.0, "sum": 0.36083551111111106, "add_": 0.021672799999999996, "gather": 3.1565972666666666, "index_add_": 2.2125038, "t": 0.0, "_masked_scale": 0.21500237777777767, "threshold_backward": 0.2794444, "mul_": 0.013983955555555556, "addcmul_": 0.0067689333333333344, "sqrt": 0.007785133333333334, "div": 0.006147666666666666, "addcdiv_": 0.009924666666666667, "is_floating_point": 0.0, "_local_scalar_dense": 0.007788866666666666, "dropout": 0.0, "max": 0.09829922222222223, "eq": 0.007368377777777778, "is_complex": 0.0}