{"mm": 1.789960300000001, "select": 0.0, "index_select": 2.1471479799999993, "view": 0.0, "mul": 3.8617832399999994, "unsqueeze": 0.0, "expand": 0.0, "scatter_add_": 2.7698521199999995, "add": 0.08998281999999998, "relu": 0.05835437999999999, "_fused_dropout": 0.0361898, "_log_softmax": 0.014268780000000007, "to": 0.0, "index": 0.8152296800000002, "nll_loss_forward": 0.07412882000000001, "zero_": 0.026689400000000002, "torch::autograd::GraphRoot": 0.0, "nll_loss_backward": 0.13004489999999996, "empty": 0.0, "_index_put_impl_": 0.9283128599999999, "_log_softmax_backward_data": 0.0058464999999999975, "AddBackward0": 0.0, "sum": 0.22570826, "add_": 0.02345118, "gather": 1.6840395200000002, "index_add_": 0.9636843800000001, "t": 0.0, "_masked_scale": 0.033737139999999985, "threshold_backward": 0.045287979999999985, "mul_": 0.01564156, "addcmul_": 0.007721060000000002, "sqrt": 0.008466400000000002, "div": 0.0071981400000000004, "addcdiv_": 0.010660779999999998, "is_floating_point": 0.0, "_local_scalar_dense": 0.007841379999999998, "dropout": 0.0, "max": 0.02327924, "eq": 0.006317600000000001, "is_complex": 0.0}