{"mm": 2.26593004, "select": 0.0, "index_select": 0.5583099000000001, "view": 0.0, "mul": 0.7615174599999999, "unsqueeze": 0.0, "expand": 0.0, "scatter_add_": 0.7109082000000002, "add": 0.12024035999999999, "relu": 0.08495409999999998, "_fused_dropout": 0.0519722, "_log_softmax": 0.008973300000000003, "to": 0.0, "index": 1.02823238, "nll_loss_forward": 0.24086985999999994, "zero_": 0.03498892000000001, "torch::autograd::GraphRoot": 0.0, "nll_loss_backward": 0.28862740000000003, "empty": 0.0, "_index_put_impl_": 0.9483787599999997, "_log_softmax_backward_data": 0.00424536, "AddBackward0": 0.0, "sum": 0.27868961999999997, "add_": 0.029474959999999998, "gather": 0.41455692, "index_add_": 0.2555244, "t": 0.0, "_masked_scale": 0.04943598000000002, "threshold_backward": 0.06374252, "mul_": 0.019710759999999997, "addcmul_": 0.009959920000000004, "sqrt": 0.010771400000000004, "div": 0.008984219999999998, "addcdiv_": 0.013039939999999998, "is_floating_point": 0.0, "_local_scalar_dense": 0.009558160000000003, "dropout": 0.0, "max": 0.03933732, "eq": 0.008455540000000001, "is_complex": 0.0}