{"mm": 50.14770842553191, "select": 0.0, "index_select": 8.00818885106383, "unsqueeze": 0.0, "expand": 0.0, "scatter_add_": 10.16408176595745, "t": 0.0, "_thnn_fused_gru_cell": 18.67890891489362, "_log_softmax": 0.30392702127659554, "to": 0.0, "index": 2.0758487021276597, "nll_loss_forward": 3.1887570851063844, "zero_": 0.8056175106382979, "torch::autograd::GraphRoot": 0.0, "nll_loss_backward": 2.980392936170213, "empty": 0.0, "_index_put_impl_": 1.5211410212765955, "_log_softmax_backward_data": 0.1935141489361702, "add_": 0.0407137659574468, "_thnn_fused_gru_cell_backward": 13.824204297872342, "add": 4.160228382978724, "gather": 5.579518617021275, "index_add_": 3.7627591276595735, "mul_": 0.026853510638297873, "addcmul_": 0.014060404255319148, "sqrt": 0.015318255319148943, "div": 0.012447042553191493, "addcdiv_": 0.0191211914893617, "is_floating_point": 0.0, "_local_scalar_dense": 0.009058000000000002, "max": 0.45728419148936167, "eq": 0.022458638297872344, "sum": 0.24337112765957442, "is_complex": 0.0}