{"mm": 5.032923480000003, "select": 0.0, "index_select": 0.7124171800000001, "unsqueeze": 0.0, "expand": 0.0, "scatter_add_": 0.8854865, "t": 0.0, "_thnn_fused_gru_cell": 1.1365372800000002, "_log_softmax": 0.007658800000000001, "to": 0.0, "index": 0.84155496, "nll_loss_forward": 0.18610111999999998, "zero_": 0.061174940000000004, "torch::autograd::GraphRoot": 0.0, "nll_loss_backward": 0.22435878000000006, "empty": 0.0, "_index_put_impl_": 0.74751986, "_log_softmax_backward_data": 0.003258599999999999, "add_": 0.038450820000000004, "_thnn_fused_gru_cell_backward": 0.8984818200000001, "add": 0.28520582, "gather": 0.5246804199999999, "index_add_": 0.3328512199999999, "mul_": 0.026288440000000003, "addcmul_": 0.013001819999999999, "sqrt": 0.013596379999999996, "div": 0.01167898, "addcdiv_": 0.018213959999999994, "is_floating_point": 0.0, "_local_scalar_dense": 0.008101779999999998, "max": 0.03026284, "eq": 0.00641284, "sum": 0.14941542, "is_complex": 0.0}