{"mm": 18.56675409090909, "select": 0.0, "index_select": 6.94062293181818, "unsqueeze": 0.0, "expand": 0.0, "scatter_add_": 9.968679818181819, "t": 0.0, "_thnn_fused_gru_cell": 5.036881568181818, "_log_softmax": 0.05222627272727272, "to": 0.0, "index": 0.8582822727272728, "nll_loss_forward": 0.6212939090909092, "zero_": 0.218782, "torch::autograd::GraphRoot": 0.0, "nll_loss_backward": 0.5273759999999998, "empty": 0.0, "_index_put_impl_": 1.087968590909091, "_log_softmax_backward_data": 0.0377695, "add_": 0.03911815909090909, "_thnn_fused_gru_cell_backward": 3.735110227272726, "add": 1.139649818181818, "gather": 5.513824636363637, "index_add_": 3.367747090909091, "mul_": 0.026212954545454546, "addcmul_": 0.013053272727272726, "sqrt": 0.013503568181818177, "div": 0.011615750000000001, "addcdiv_": 0.01738088636363637, "is_floating_point": 0.0, "_local_scalar_dense": 0.008282227272727271, "max": 0.1105235, "eq": 0.008202227272727272, "sum": 0.2057934318181818, "is_complex": 0.0}