{"mm": 2.39342766, "select": 0.0, "index_select": 1.75832516, "unsqueeze": 0.0, "expand": 0.0, "scatter_add_": 2.182363460000001, "t": 0.0, "_thnn_fused_gru_cell": 0.45021855999999993, "_log_softmax": 0.00680048, "to": 0.0, "index": 0.8469667200000001, "nll_loss_forward": 0.04395616000000002, "zero_": 0.027764699999999996, "torch::autograd::GraphRoot": 0.0, "nll_loss_backward": 0.08349424, "empty": 0.0, "_index_put_impl_": 0.6113406200000001, "_log_softmax_backward_data": 0.0031076399999999975, "add_": 0.03950348000000001, "_thnn_fused_gru_cell_backward": 0.58142758, "add": 0.10302682000000002, "gather": 1.3280183800000003, "index_add_": 0.7505409800000002, "mul_": 0.027147580000000008, "addcmul_": 0.012857619999999998, "sqrt": 0.015211620000000002, "div": 0.012112959999999997, "addcdiv_": 0.018377379999999995, "is_floating_point": 0.0, "_local_scalar_dense": 0.0080024, "max": 0.014979260000000001, "eq": 0.006250139999999999, "sum": 0.14857878, "is_complex": 0.0}