,amazon-photo,pubmed,amazon-computers,coauthor-physics,flickr,com-amazon
0,20.859938126272326,41.26823956211754,22.365154229990775,65.41597285491183,31.94189341410213,39.71923219436307
1,19.0204063843056,7.260684402660732,21.039732633832443,8.790063022114733,17.1499286667228,8.050408211654464
2,15.324697151476846,5.841575571184364,16.976993610402907,6.665720773323809,11.940516733840921,6.342844417388552
3,11.574354930515184,4.302198782110716,13.093240525351176,5.25760339868942,9.485879867661575,4.419228763191265
4,3.923883500577337,9.319214354977127,4.094534693489809,3.325096668895137,8.665356012287317,14.79453286344557
5,29.296719906852715,32.00808732694952,22.430344306932895,10.545543282065054,20.816425305385252,26.67375354995707
