{"mm": 4.366139127659574, "select": 0.0, "index_select": 3.3142591063829783, "unsqueeze": 0.0, "expand": 0.0, "scatter_add_": 4.107389510638297, "t": 0.0, "_thnn_fused_gru_cell": 0.7993375744680851, "_log_softmax": 0.012546723404255325, "to": 0.0, "index": 0.7917114893617022, "nll_loss_forward": 0.0633663829787234, "zero_": 0.0458863404255319, "torch::autograd::GraphRoot": 0.0, "nll_loss_backward": 0.11092691489361702, "empty": 0.0, "_index_put_impl_": 0.8149406595744679, "_log_softmax_backward_data": 0.005014085106382981, "add_": 0.034677170212765965, "_thnn_fused_gru_cell_backward": 0.6358634042553191, "add": 0.19800844680851065, "gather": 2.5560704468085103, "index_add_": 1.4214201276595748, "mul_": 0.023760212765957443, "addcmul_": 0.01092127659574468, "sqrt": 0.013048702127659578, "div": 0.010346680851063833, "addcdiv_": 0.016142893617021273, "is_floating_point": 0.0, "_local_scalar_dense": 0.007592468085106386, "max": 0.019719702127659573, "eq": 0.005597489361702128, "sum": 0.1373744042553192, "is_complex": 0.0}