{"mm": 38.31035523913045, "select": 0.0, "index_select": 3.90372747826087, "unsqueeze": 0.0, "expand": 0.0, "scatter_add_": 5.147831978260869, "t": 0.0, "_thnn_fused_gru_cell": 1.9473169782608704, "_log_softmax": 0.01869532608695652, "to": 0.0, "index": 0.7577952826086956, "nll_loss_forward": 0.1854005652173913, "zero_": 0.09824000000000001, "torch::autograd::GraphRoot": 0.0, "nll_loss_backward": 0.22951000000000005, "empty": 0.0, "_index_put_impl_": 0.9096334130434783, "_log_softmax_backward_data": 0.008370695652173913, "add_": 0.07106191304347824, "_thnn_fused_gru_cell_backward": 1.4960732826086953, "add": 0.48044771739130415, "gather": 3.079074500000001, "index_add_": 1.5433892391304347, "mul_": 0.05707723913043478, "addcmul_": 0.02438673913043478, "sqrt": 0.019637152173913045, "div": 0.016700391304347827, "addcdiv_": 0.04676573913043478, "is_floating_point": 0.0, "_local_scalar_dense": 0.008674260869565216, "max": 0.04844836956521739, "eq": 0.0069022826086956555, "sum": 0.1487057173913043, "is_complex": 0.0}