{"mm": 2.61176152, "select": 0.0, "index_select": 0.9505593599999997, "view": 0.0, "mul": 1.4596272399999999, "unsqueeze": 0.0, "expand": 0.0, "scatter_add_": 1.2947112399999998, "add": 0.20221357999999998, "relu": 0.16505038, "_fused_dropout": 0.09968826000000001, "_log_softmax": 0.00775996, "to": 0.0, "index": 0.9397784999999999, "nll_loss_forward": 0.2030241, "zero_": 0.0526007, "torch::autograd::GraphRoot": 0.0, "nll_loss_backward": 0.25505896000000006, "empty": 0.0, "_index_put_impl_": 0.98060892, "_log_softmax_backward_data": 0.003620120000000002, "AddBackward0": 0.0, "sum": 0.28022712000000005, "add_": 0.027033439999999992, "gather": 0.70406708, "index_add_": 0.4790622799999999, "t": 0.0, "_masked_scale": 0.09451612, "threshold_backward": 0.12236257999999994, "mul_": 0.017754060000000012, "addcmul_": 0.0093233, "sqrt": 0.00924662, "div": 0.00788022, "addcdiv_": 0.012066000000000004, "is_floating_point": 0.0, "_local_scalar_dense": 0.008271439999999998, "dropout": 0.0, "max": 0.03356762, "eq": 0.007206320000000001, "is_complex": 0.0}