{"mm": 89.3222533125, "select": 0.0, "index_select": 8.900429583333333, "view": 0.0, "mul": 13.748030520833332, "unsqueeze": 0.0, "expand": 0.0, "scatter_add_": 12.894352041666666, "add": 0.7202708125, "relu": 0.5704578958333333, "_fused_dropout": 0.3449558541666667, "_log_softmax": 0.018530937499999997, "to": 0.0, "index": 0.8257084374999996, "nll_loss_forward": 0.2832734791666665, "zero_": 0.1965352291666667, "torch::autograd::GraphRoot": 0.0, "nll_loss_backward": 0.4833918333333334, "empty": 0.0, "_index_put_impl_": 1.0008046874999998, "_log_softmax_backward_data": 0.009029895833333334, "AddBackward0": 0.0, "sum": 0.3725753125, "add_": 0.28433714583333336, "gather": 6.978018583333333, "index_add_": 3.978988312499999, "t": 0.0, "_masked_scale": 0.3220232708333334, "threshold_backward": 0.4197390624999999, "mul_": 0.1510255208333333, "addcmul_": 0.10860331250000005, "sqrt": 0.07628318749999999, "div": 0.07531104166666668, "addcdiv_": 0.14639729166666668, "is_floating_point": 0.0, "_local_scalar_dense": 0.009037083333333334, "dropout": 0.0, "max": 0.054558312500000004, "eq": 0.00776333333333333, "is_complex": 0.0}