{"mm": 14.034996851063825, "select": 0.0, "index_select": 14.58016304255319, "view": 0.0, "mul": 26.055840489361703, "unsqueeze": 0.0, "expand": 0.0, "scatter_add_": 23.52511540425532, "add": 1.5784787659574464, "relu": 1.4988879574468081, "_fused_dropout": 0.9059803829787232, "_log_softmax": 0.056828340425531906, "to": 0.0, "index": 0.9772717659574469, "nll_loss_forward": 0.5808587446808511, "zero_": 0.4125222340425533, "torch::autograd::GraphRoot": 0.0, "nll_loss_backward": 0.481530255319149, "empty": 0.0, "_index_put_impl_": 1.0708914893617023, "_log_softmax_backward_data": 0.03653674468085106, "AddBackward0": 0.0, "sum": 0.6499678510638296, "add_": 0.02412736170212766, "gather": 11.371611808510638, "index_add_": 9.91876240425532, "t": 0.0, "_masked_scale": 0.8385129148936172, "threshold_backward": 1.0933329361702127, "mul_": 0.016860702127659572, "addcmul_": 0.007410191489361703, "sqrt": 0.007919851063829787, "div": 0.006594148936170213, "addcdiv_": 0.010288999999999998, "is_floating_point": 0.0, "_local_scalar_dense": 0.007904659574468084, "dropout": 0.0, "max": 0.10328946808510635, "eq": 0.007592808510638297, "is_complex": 0.0}