{"mm": 7.8101249333333325, "select": 0.0, "index_select": 7.5644627999999985, "view": 0.0, "mul": 13.437642911111109, "unsqueeze": 0.0, "expand": 0.0, "scatter_add_": 11.650079777777778, "add": 0.8196171999999999, "relu": 0.7492850666666666, "_fused_dropout": 0.44738824444444447, "_log_softmax": 0.05679817777777777, "to": 0.0, "index": 0.9327057333333331, "nll_loss_forward": 0.5699619111111113, "zero_": 0.21628424444444438, "torch::autograd::GraphRoot": 0.0, "nll_loss_backward": 0.4720366888888889, "empty": 0.0, "_index_put_impl_": 1.0777536444444442, "_log_softmax_backward_data": 0.037120177777777784, "AddBackward0": 0.0, "sum": 0.4749426444444444, "add_": 0.02306053333333333, "gather": 5.901151733333335, "index_add_": 4.225652688888889, "t": 0.0, "_masked_scale": 0.41996884444444427, "threshold_backward": 0.5471779555555556, "mul_": 0.014831155555555562, "addcmul_": 0.007448355555555556, "sqrt": 0.007615355555555554, "div": 0.0067127777777777784, "addcdiv_": 0.009785933333333332, "is_floating_point": 0.0, "_local_scalar_dense": 0.007818733333333334, "dropout": 0.0, "max": 0.09943768888888889, "eq": 0.007449800000000003, "is_complex": 0.0}