{"mm": 1.8147511666666667, "select": 0.0, "index_select": 3.201144333333334, "view": 0.0, "mul": 6.562076857142859, "unsqueeze": 0.0, "expand": 0.0, "scatter_add_": 4.614927023809524, "add": 0.15761445238095237, "relu": 0.12879961904761905, "_fused_dropout": 0.0773719761904762, "_log_softmax": 0.005610119047619047, "to": 0.0, "index": 0.8237823571428574, "nll_loss_forward": 0.048463452380952385, "zero_": 0.04059061904761905, "torch::autograd::GraphRoot": 0.0, "nll_loss_backward": 0.0994659523809524, "empty": 0.0, "_index_put_impl_": 0.8687787619047618, "_log_softmax_backward_data": 0.002504142857142857, "AddBackward0": 0.0, "sum": 0.23749057142857147, "add_": 0.023738214285714283, "gather": 2.4798874047619055, "index_add_": 1.5014752857142857, "t": 0.0, "_masked_scale": 0.07382857142857142, "threshold_backward": 0.09479361904761904, "mul_": 0.019019238095238093, "addcmul_": 0.007405761904761907, "sqrt": 0.008166833333333337, "div": 0.00675895238095238, "addcdiv_": 0.015212357142857139, "is_floating_point": 0.0, "_local_scalar_dense": 0.007311238095238095, "dropout": 0.0, "max": 0.012152857142857146, "eq": 0.0053087619047619055, "is_complex": 0.0}