{"mm": 0.7701735714285712, "select": 0.0, "index_select": 0.4881658333333333, "view": 0.0, "mul": 0.6800270238095238, "unsqueeze": 0.0, "expand": 0.0, "scatter_add_": 0.6675162619047619, "add": 0.047204857142857146, "relu": 0.00992659523809524, "_fused_dropout": 0.007312857142857142, "_log_softmax": 0.010981071428571429, "to": 0.0, "index": 0.941165404761905, "nll_loss_forward": 0.09799719047619046, "zero_": 0.0187205, "torch::autograd::GraphRoot": 0.0, "nll_loss_backward": 0.14979514285714282, "empty": 0.0, "_index_put_impl_": 0.8674615476190477, "_log_softmax_backward_data": 0.005075476190476193, "AddBackward0": 0.0, "sum": 0.24218976190476194, "add_": 0.03426640476190476, "gather": 0.38040495238095234, "index_add_": 0.21345626190476188, "t": 0.0, "_masked_scale": 0.004898595238095239, "threshold_backward": 0.005687238095238095, "mul_": 0.02247764285714286, "addcmul_": 0.012047595238095241, "sqrt": 0.013811904761904763, "div": 0.010793023809523811, "addcdiv_": 0.016990452380952384, "is_floating_point": 0.0, "_local_scalar_dense": 0.009935928571428571, "dropout": 0.0, "max": 0.02632450000000001, "eq": 0.010497142857142854, "is_complex": 0.0}