{"mm": 1.7813705476190478, "select": 0.0, "index_select": 2.2866874285714283, "view": 0.0, "mul": 3.4575145238095244, "unsqueeze": 0.0, "expand": 0.0, "scatter_add_": 3.816489119047619, "add": 0.6052701666666666, "relu": 0.35545635714285706, "_fused_dropout": 0.211883119047619, "_log_softmax": 0.29360978571428575, "to": 0.0, "index": 1.39270830952381, "nll_loss_forward": 3.440674261904762, "zero_": 0.20547316666666665, "torch::autograd::GraphRoot": 0.0, "nll_loss_backward": 3.1713699999999987, "empty": 0.0, "_index_put_impl_": 1.4495478333333334, "_log_softmax_backward_data": 0.19565921428571428, "AddBackward0": 0.0, "sum": 0.43069123809523807, "add_": 0.01741492857142857, "gather": 1.4760960952380955, "index_add_": 1.3321236666666665, "t": 0.0, "_masked_scale": 0.19758350000000002, "threshold_backward": 0.2602117857142857, "mul_": 0.010884357142857142, "addcmul_": 0.005469952380952381, "sqrt": 0.006002476190476192, "div": 0.005101214285714285, "addcdiv_": 0.007592309523809522, "is_floating_point": 0.0, "_local_scalar_dense": 0.006948642857142857, "dropout": 0.0, "max": 0.2935290476190476, "eq": 0.02185311904761905, "is_complex": 0.0}