{"mm": 2.3444532857142857, "select": 0.0, "index_select": 0.5700425918367346, "view": 0.0, "mul": 0.7618315510204083, "unsqueeze": 0.0, "expand": 0.0, "scatter_add_": 0.7297992857142855, "add": 0.12153893877551021, "relu": 0.08219857142857145, "_fused_dropout": 0.0505344693877551, "_log_softmax": 0.009310469387755102, "to": 0.0, "index": 0.9979478367346942, "nll_loss_forward": 0.2476110612244897, "zero_": 0.03335508163265305, "torch::autograd::GraphRoot": 0.0, "nll_loss_backward": 0.2978471020408163, "empty": 0.0, "_index_put_impl_": 0.9286102857142856, "_log_softmax_backward_data": 0.0043574897959183685, "AddBackward0": 0.0, "sum": 0.2828423469387755, "add_": 0.029937265306122448, "gather": 0.42402010204081625, "index_add_": 0.2584089795918368, "t": 0.0, "_masked_scale": 0.047043612244897955, "threshold_backward": 0.061420571428571415, "mul_": 0.019679, "addcmul_": 0.010383408163265308, "sqrt": 0.011546265306122447, "div": 0.009325591836734691, "addcdiv_": 0.01405544897959184, "is_floating_point": 0.0, "_local_scalar_dense": 0.009430163265306121, "dropout": 0.0, "max": 0.0409574693877551, "eq": 0.00877034693877551, "is_complex": 0.0}