{"mm": 1.2498397599999997, "select": 0.0, "index_select": 1.3249155199999998, "view": 0.0, "mul": 2.2287353199999997, "unsqueeze": 0.0, "expand": 0.0, "scatter_add_": 1.67813416, "add": 0.046683340000000025, "relu": 0.012734160000000001, "_fused_dropout": 0.01045468, "_log_softmax": 0.01601686, "to": 0.0, "index": 0.9047696800000001, "nll_loss_forward": 0.11441584000000002, "zero_": 0.01794572, "torch::autograd::GraphRoot": 0.0, "nll_loss_backward": 0.16647564000000004, "empty": 0.0, "_index_put_impl_": 0.9031280199999999, "_log_softmax_backward_data": 0.006588840000000001, "AddBackward0": 0.0, "sum": 0.21831962000000002, "add_": 0.02508076, "gather": 1.0361571799999996, "index_add_": 0.5956436800000001, "t": 0.0, "_masked_scale": 0.00985778, "threshold_backward": 0.015226720000000003, "mul_": 0.016227419999999996, "addcmul_": 0.008524640000000002, "sqrt": 0.00949918, "div": 0.00774018, "addcdiv_": 0.011496600000000001, "is_floating_point": 0.0, "_local_scalar_dense": 0.00826924, "dropout": 0.0, "max": 0.026071040000000004, "eq": 0.006934379999999999, "is_complex": 0.0}