{"mm": 20.807232914893618, "select": 0.0, "index_select": 0.6776812765957446, "view": 0.0, "mul": 1.1910274680851067, "unsqueeze": 0.0, "expand": 0.0, "scatter_add_": 0.7849979787234043, "add": 0.058070957446808506, "relu": 0.01455731914893617, "_fused_dropout": 0.014869744680851059, "_log_softmax": 0.014271404255319154, "to": 0.0, "index": 0.8298021489361702, "nll_loss_forward": 0.217861914893617, "zero_": 0.01712731914893617, "torch::autograd::GraphRoot": 0.0, "nll_loss_backward": 0.28425851063829793, "empty": 0.0, "_index_put_impl_": 1.1075511276595746, "_log_softmax_backward_data": 0.006997914893617022, "AddBackward0": 0.0, "sum": 0.23858119148936174, "add_": 0.02596559574468085, "gather": 0.4929164680851063, "index_add_": 0.3184797872340426, "t": 0.0, "_masked_scale": 0.014050893617021276, "threshold_backward": 0.019484851063829783, "mul_": 0.017303127659574466, "addcmul_": 0.007773851063829787, "sqrt": 0.007959063829787236, "div": 0.007099382978723403, "addcdiv_": 0.010418638297872342, "is_floating_point": 0.0, "_local_scalar_dense": 0.0077582765957446755, "dropout": 0.0, "max": 0.04134100000000001, "eq": 0.006221, "is_complex": 0.0}