{"mm": 3.234820636363637, "select": 0.0, "index_select": 6.680219227272729, "view": 0.0, "mul": 13.525718636363633, "unsqueeze": 0.0, "expand": 0.0, "scatter_add_": 10.428102227272724, "add": 0.2639788636363637, "relu": 0.23042625, "_fused_dropout": 0.13788931818181818, "_log_softmax": 0.012308045454545452, "to": 0.0, "index": 0.8072054999999999, "nll_loss_forward": 0.08799488636363637, "zero_": 0.06897179545454546, "torch::autograd::GraphRoot": 0.0, "nll_loss_backward": 0.1487304318181818, "empty": 0.0, "_index_put_impl_": 0.9640058181818183, "_log_softmax_backward_data": 0.005037431818181819, "AddBackward0": 0.0, "sum": 0.24552393181818175, "add_": 0.026156295454545456, "gather": 5.444580590909091, "index_add_": 3.222598318181819, "t": 0.0, "_masked_scale": 0.13112763636363634, "threshold_backward": 0.16966436363636367, "mul_": 0.01971365909090909, "addcmul_": 0.008101181818181815, "sqrt": 0.008402045454545455, "div": 0.007132431818181819, "addcdiv_": 0.016278431818181817, "is_floating_point": 0.0, "_local_scalar_dense": 0.007550750000000001, "dropout": 0.0, "max": 0.019419340909090907, "eq": 0.005403363636363636, "is_complex": 0.0}