{"mm": 3.4043904047619056, "select": 0.0, "index_select": 6.111655333333333, "view": 0.0, "mul": 12.836037309523809, "unsqueeze": 0.0, "expand": 0.0, "scatter_add_": 10.241904404761906, "add": 0.29661280952380953, "relu": 0.2570891428571429, "_fused_dropout": 0.15366592857142858, "_log_softmax": 0.005871499999999998, "to": 0.0, "index": 0.7587720000000001, "nll_loss_forward": 0.05143904761904764, "zero_": 0.07595261904761905, "torch::autograd::GraphRoot": 0.0, "nll_loss_backward": 0.11895823809523812, "empty": 0.0, "_index_put_impl_": 0.9522171428571428, "_log_softmax_backward_data": 0.002683904761904762, "AddBackward0": 0.0, "sum": 0.21875504761904765, "add_": 0.035093142857142864, "gather": 5.054893095238095, "index_add_": 3.1230012619047627, "t": 0.0, "_masked_scale": 0.14558899999999997, "threshold_backward": 0.18880335714285712, "mul_": 0.03353366666666666, "addcmul_": 0.011274333333333334, "sqrt": 0.010582619047619047, "div": 0.008297261904761908, "addcdiv_": 0.026144928571428572, "is_floating_point": 0.0, "_local_scalar_dense": 0.007579499999999997, "dropout": 0.0, "max": 0.012804904761904762, "eq": 0.005569904761904763, "is_complex": 0.0}