{"mm": 6.27326257142857, "select": 0.0, "index_select": 3.1650645952380954, "view": 0.0, "mul": 5.5980815476190475, "unsqueeze": 0.0, "expand": 0.0, "scatter_add_": 4.891792714285712, "add": 0.7015313095238096, "relu": 0.664914642857143, "_fused_dropout": 0.39699154761904754, "_log_softmax": 0.006092523809523812, "to": 0.0, "index": 0.8426303571428572, "nll_loss_forward": 0.15904676190476186, "zero_": 0.18142726190476188, "torch::autograd::GraphRoot": 0.0, "nll_loss_backward": 0.20891880952380953, "empty": 0.0, "_index_put_impl_": 0.9826516666666668, "_log_softmax_backward_data": 0.0028363095238095235, "AddBackward0": 0.0, "sum": 0.34601402380952384, "add_": 0.028046523809523802, "gather": 2.279759261904762, "index_add_": 1.8742619047619047, "t": 0.0, "_masked_scale": 0.3732711428571428, "threshold_backward": 0.485679880952381, "mul_": 0.024470857142857138, "addcmul_": 0.008343547619047618, "sqrt": 0.009076476190476192, "div": 0.00737695238095238, "addcdiv_": 0.020393119047619045, "is_floating_point": 0.0, "_local_scalar_dense": 0.007586952380952379, "dropout": 0.0, "max": 0.02509723809523809, "eq": 0.005635357142857143, "is_complex": 0.0}