{"mm": 5.969921840909091, "select": 0.0, "index_select": 4.029660386363636, "view": 0.0, "mul": 7.13611018181818, "unsqueeze": 0.0, "expand": 0.0, "scatter_add_": 6.084008136363637, "add": 0.43910202272727267, "relu": 0.3749230000000001, "_fused_dropout": 0.22579186363636355, "_log_softmax": 0.05609236363636365, "to": 0.0, "index": 0.9213824772727274, "nll_loss_forward": 0.5546630454545455, "zero_": 0.1171006136363636, "torch::autograd::GraphRoot": 0.0, "nll_loss_backward": 0.4652987727272728, "empty": 0.0, "_index_put_impl_": 1.1312454318181817, "_log_softmax_backward_data": 0.03729752272727272, "AddBackward0": 0.0, "sum": 0.38077627272727277, "add_": 0.021047750000000007, "gather": 3.0981444318181817, "index_add_": 2.2118869090909095, "t": 0.0, "_masked_scale": 0.2114753181818182, "threshold_backward": 0.27495972727272716, "mul_": 0.013413409090909094, "addcmul_": 0.006636545454545457, "sqrt": 0.007312022727272727, "div": 0.006213045454545455, "addcdiv_": 0.008711977272727274, "is_floating_point": 0.0, "_local_scalar_dense": 0.007657522727272727, "dropout": 0.0, "max": 0.09552281818181814, "eq": 0.007256295454545454, "is_complex": 0.0}