{"mm": 25.40459781632653, "select": 0.0, "index_select": 42.694023469387744, "view": 0.0, "mul": 65.9469095510204, "unsqueeze": 0.0, "expand": 0.0, "scatter_add_": 55.293835408163275, "add": 11.631870020408158, "relu": 11.271095530612245, "_fused_dropout": 6.66839869387755, "_log_softmax": 0.29380700000000004, "to": 0.0, "index": 1.3695555714285716, "nll_loss_forward": 3.9956005714285725, "zero_": 3.060248122448979, "torch::autograd::GraphRoot": 0.0, "nll_loss_backward": 3.6913487755102046, "empty": 0.0, "_index_put_impl_": 1.6564629183673467, "_log_softmax_backward_data": 0.19419555102040809, "AddBackward0": 0.0, "sum": 2.9789835510204075, "add_": 0.019620673469387756, "gather": 26.065129897959185, "index_add_": 31.971728897959185, "t": 0.0, "_masked_scale": 6.310241040816326, "threshold_backward": 8.23886651020408, "mul_": 0.01187814285714286, "addcmul_": 0.0057451224489795906, "sqrt": 0.006345244897959183, "div": 0.005477897959183672, "addcdiv_": 0.007813204081632651, "is_floating_point": 0.0, "_local_scalar_dense": 0.0078535306122449, "dropout": 0.0, "max": 0.36816436734693875, "eq": 0.023376775510204083, "is_complex": 0.0}