{"mm": 2.443121604651162, "select": 0.0, "index_select": 3.4268806279069763, "view": 0.0, "mul": 5.486846906976745, "unsqueeze": 0.0, "expand": 0.0, "scatter_add_": 5.383695139534884, "add": 0.965401720930233, "relu": 0.7128681627906976, "_fused_dropout": 0.42508272093023264, "_log_softmax": 0.29395423255813946, "to": 0.0, "index": 1.3572464186046507, "nll_loss_forward": 3.4973145116279074, "zero_": 0.29755946511627906, "torch::autograd::GraphRoot": 0.0, "nll_loss_backward": 3.21546923255814, "empty": 0.0, "_index_put_impl_": 1.4779511395348834, "_log_softmax_backward_data": 0.1950957906976744, "AddBackward0": 0.0, "sum": 0.5114894186046512, "add_": 0.01792216279069767, "gather": 2.2378512093023257, "index_add_": 2.0506096279069763, "t": 0.0, "_masked_scale": 0.4003161395348838, "threshold_backward": 0.5194116976744187, "mul_": 0.010993651162790698, "addcmul_": 0.005342023255813954, "sqrt": 0.0059105581395348826, "div": 0.004908883720930234, "addcdiv_": 0.0075483488372093035, "is_floating_point": 0.0, "_local_scalar_dense": 0.006938720930232559, "dropout": 0.0, "max": 0.29766648837209303, "eq": 0.02213809302325581, "is_complex": 0.0}