{"mm": 1.7978881333333334, "select": 0.0, "index_select": 3.6211989111111107, "view": 0.0, "mul": 7.05811222222222, "unsqueeze": 0.0, "expand": 0.0, "scatter_add_": 4.856742755555556, "add": 0.14529019999999995, "relu": 0.11462780000000002, "_fused_dropout": 0.06941791111111112, "_log_softmax": 0.012241377777777777, "to": 0.0, "index": 0.7924187777777778, "nll_loss_forward": 0.08815202222222221, "zero_": 0.03808928888888889, "torch::autograd::GraphRoot": 0.0, "nll_loss_backward": 0.14418377777777774, "empty": 0.0, "_index_put_impl_": 0.9446626666666667, "_log_softmax_backward_data": 0.004989444444444445, "AddBackward0": 0.0, "sum": 0.2293827555555556, "add_": 0.022878022222222225, "gather": 2.8382864444444436, "index_add_": 1.596629644444444, "t": 0.0, "_masked_scale": 0.06657955555555554, "threshold_backward": 0.08526793333333332, "mul_": 0.015744444444444446, "addcmul_": 0.006937044444444443, "sqrt": 0.007830155555555553, "div": 0.006452599999999999, "addcdiv_": 0.009430733333333332, "is_floating_point": 0.0, "_local_scalar_dense": 0.007522844444444445, "dropout": 0.0, "max": 0.019341177777777777, "eq": 0.005485599999999999, "is_complex": 0.0}