{"mm": 21.178523769230765, "select": 0.0, "index_select": 1.1752082564102564, "view": 0.0, "mul": 2.031583102564102, "unsqueeze": 0.0, "expand": 0.0, "scatter_add_": 1.4660504871794873, "add": 0.10769994871794875, "relu": 0.07156189743589743, "_fused_dropout": 0.04284164102564103, "_log_softmax": 0.014878435897435899, "to": 0.0, "index": 0.7894165641025639, "nll_loss_forward": 0.22559997435897441, "zero_": 0.028815256410256413, "torch::autograd::GraphRoot": 0.0, "nll_loss_backward": 0.28007948717948716, "empty": 0.0, "_index_put_impl_": 0.9589993589743591, "_log_softmax_backward_data": 0.007431487179487177, "AddBackward0": 0.0, "sum": 0.250896282051282, "add_": 0.0328448717948718, "gather": 0.9005046153846157, "index_add_": 0.5273923333333332, "t": 0.0, "_masked_scale": 0.0426701282051282, "threshold_backward": 0.05390446153846154, "mul_": 0.026286692307692306, "addcmul_": 0.009765615384615388, "sqrt": 0.010393512820512823, "div": 0.008314102564102565, "addcdiv_": 0.021476512820512817, "is_floating_point": 0.0, "_local_scalar_dense": 0.007882769230769231, "dropout": 0.0, "max": 0.042997384615384604, "eq": 0.006092666666666668, "is_complex": 0.0}