{"mm": 25.002769851063828, "select": 0.0, "index_select": 13.291488574468083, "view": 0.0, "mul": 22.125995617021267, "unsqueeze": 0.0, "expand": 0.0, "scatter_add_": 20.194191936170217, "add": 2.7474099574468083, "relu": 2.6406223191489357, "_fused_dropout": 1.5808060425531918, "_log_softmax": 0.006954723404255318, "to": 0.0, "index": 0.8183599787234044, "nll_loss_forward": 0.18291195744680847, "zero_": 0.7143074255319147, "torch::autograd::GraphRoot": 0.0, "nll_loss_backward": 0.34382348936170215, "empty": 0.0, "_index_put_impl_": 0.9849901276595746, "_log_softmax_backward_data": 0.0036190212765957446, "AddBackward0": 0.0, "sum": 0.8006860638297875, "add_": 0.1354778723404255, "gather": 9.152842340425531, "index_add_": 9.310847574468086, "t": 0.0, "_masked_scale": 1.477055595744681, "threshold_backward": 1.9279761063829792, "mul_": 0.0776897659574468, "addcmul_": 0.054233808510638304, "sqrt": 0.039084042553191506, "div": 0.038246191489361696, "addcdiv_": 0.07509708510638297, "is_floating_point": 0.0, "_local_scalar_dense": 0.008226000000000002, "dropout": 0.0, "max": 0.029465297872340427, "eq": 0.006511808510638298, "is_complex": 0.0}