{"mm": 12.366138847826088, "select": 0.0, "index_select": 24.008057934782613, "view": 0.0, "mul": 52.17897067391305, "unsqueeze": 0.0, "expand": 0.0, "scatter_add_": 45.934728760869554, "add": 0.9980684130434783, "relu": 0.9227847608695652, "_fused_dropout": 0.5530202173913045, "_log_softmax": 0.013666217391304344, "to": 0.0, "index": 0.8305113913043477, "nll_loss_forward": 0.09547591304347829, "zero_": 0.2585856956521739, "torch::autograd::GraphRoot": 0.0, "nll_loss_backward": 0.1595360434782609, "empty": 0.0, "_index_put_impl_": 0.9074686304347825, "_log_softmax_backward_data": 0.007312, "AddBackward0": 0.0, "sum": 0.40575421739130435, "add_": 0.08846552173913041, "gather": 21.467348130434782, "index_add_": 16.349026586956516, "t": 0.0, "_masked_scale": 0.5168224565217391, "threshold_backward": 0.6720124130434784, "mul_": 0.06150397826086955, "addcmul_": 0.035314608695652165, "sqrt": 0.02286469565217392, "div": 0.020566543478260868, "addcdiv_": 0.05437584782608695, "is_floating_point": 0.0, "_local_scalar_dense": 0.00809104347826087, "dropout": 0.0, "max": 0.021918760869565214, "eq": 0.006031391304347824, "is_complex": 0.0}