{"mm": 61.63238508163265, "select": 0.0, "index_select": 65.15464163265305, "view": 0.0, "mul": 101.34253208163263, "unsqueeze": 0.0, "expand": 0.0, "scatter_add_": 93.96147765306122, "add": 6.121152306122449, "relu": 5.96792132653061, "_fused_dropout": 3.5535542244897957, "_log_softmax": 0.05740216326530613, "to": 0.0, "index": 0.9441981020408166, "nll_loss_forward": 0.6386773877551021, "zero_": 1.593542081632653, "torch::autograd::GraphRoot": 0.0, "nll_loss_backward": 0.7326259999999997, "empty": 0.0, "_index_put_impl_": 1.1036908571428568, "_log_softmax_backward_data": 0.037782775510204085, "AddBackward0": 0.0, "sum": 1.7523367346938785, "add_": 0.050771530612244896, "gather": 43.43307163265306, "index_add_": 46.33299889795918, "t": 0.0, "_masked_scale": 3.335717448979593, "threshold_backward": 4.35783548979592, "mul_": 0.04279983673469388, "addcmul_": 0.01693365306122449, "sqrt": 0.01295032653061225, "div": 0.011591408163265303, "addcdiv_": 0.03424291836734694, "is_floating_point": 0.0, "_local_scalar_dense": 0.008619795918367349, "dropout": 0.0, "max": 0.11335379591836736, "eq": 0.008514591836734692, "is_complex": 0.0}