{"mm": 13.389508166666667, "select": 0.0, "index_select": 24.870954291666667, "view": 0.0, "mul": 50.378979208333355, "unsqueeze": 0.0, "expand": 0.0, "scatter_add_": 44.76091479166667, "add": 1.1387572291666668, "relu": 1.0269674166666667, "_fused_dropout": 0.6180507291666667, "_log_softmax": 0.006464708333333333, "to": 0.0, "index": 0.8002187708333336, "nll_loss_forward": 0.05629554166666669, "zero_": 0.2956534791666666, "torch::autograd::GraphRoot": 0.0, "nll_loss_backward": 0.14549933333333337, "empty": 0.0, "_index_put_impl_": 0.8988991041666669, "_log_softmax_backward_data": 0.0034617083333333336, "AddBackward0": 0.0, "sum": 0.4076681249999999, "add_": 0.20762243749999998, "gather": 20.033975291666668, "index_add_": 15.866097104166672, "t": 0.0, "_masked_scale": 0.5746788125000001, "threshold_backward": 0.7509646041666665, "mul_": 0.11018200000000002, "addcmul_": 0.07875206250000001, "sqrt": 0.055816833333333336, "div": 0.054790479166666683, "addcdiv_": 0.1063078125, "is_floating_point": 0.0, "_local_scalar_dense": 0.008098729166666667, "dropout": 0.0, "max": 0.014842624999999996, "eq": 0.006182645833333333, "is_complex": 0.0}