{"mm": 1.0015092857142858, "select": 0.0, "index_select": 1.1515411836734695, "view": 0.0, "mul": 1.8398080204081633, "unsqueeze": 0.0, "expand": 0.0, "scatter_add_": 1.4754841224489799, "add": 0.055612918367346935, "relu": 0.014714816326530608, "_fused_dropout": 0.01271851020408164, "_log_softmax": 0.008036510204081635, "to": 0.0, "index": 0.950175408163265, "nll_loss_forward": 0.07135020408163263, "zero_": 0.018073734693877554, "torch::autograd::GraphRoot": 0.0, "nll_loss_backward": 0.12154004081632652, "empty": 0.0, "_index_put_impl_": 0.8022458979591838, "_log_softmax_backward_data": 0.003681591836734695, "AddBackward0": 0.0, "sum": 0.23695855102040825, "add_": 0.026845020408163268, "gather": 0.8837680204081635, "index_add_": 0.4905002857142855, "t": 0.0, "_masked_scale": 0.010319408163265308, "threshold_backward": 0.01755804081632652, "mul_": 0.01809126530612245, "addcmul_": 0.009080571428571427, "sqrt": 0.009674122448979592, "div": 0.008496204081632654, "addcdiv_": 0.01213865306122449, "is_floating_point": 0.0, "_local_scalar_dense": 0.008821551020408167, "dropout": 0.0, "max": 0.01833365306122449, "eq": 0.007589142857142857, "is_complex": 0.0}