{"mm": 951.30033134, "select": 0.0, "index_select": 72.70422351999997, "view": 0.0, "mul": 108.05071004000001, "unsqueeze": 0.0, "expand": 0.0, "scatter_add_": 100.86817913999998, "add": 5.508911200000001, "relu": 4.602377880000001, "_fused_dropout": 2.7460782800000008, "_log_softmax": 0.01762846, "to": 0.0, "index": 2.3399632400000003, "nll_loss_forward": 0.2626561600000001, "zero_": 1.5175556000000001, "torch::autograd::GraphRoot": 0.0, "nll_loss_backward": 0.4706093199999997, "empty": 0.0, "_index_put_impl_": 1.0803144000000002, "_log_softmax_backward_data": 0.008563760000000002, "AddBackward0": 0.0, "sum": 1.332943, "add_": 2.19509128, "gather": 45.11670738, "index_add_": 47.39552194, "t": 0.0, "_masked_scale": 2.57135088, "threshold_backward": 3.356249359999999, "mul_": 1.1275962800000003, "addcmul_": 0.8208605400000002, "sqrt": 0.5628538599999999, "div": 0.5641616, "addcdiv_": 1.0868977999999994, "is_floating_point": 0.0, "_local_scalar_dense": 0.00907318, "dropout": 0.0, "max": 0.05216948, "eq": 0.007333160000000002, "is_complex": 0.0}