{"mm": 45.014748466666674, "select": 0.0, "index_select": 4.341934844444443, "view": 0.0, "mul": 7.06084588888889, "unsqueeze": 0.0, "expand": 0.0, "scatter_add_": 6.140913222222222, "add": 0.3768394222222222, "relu": 0.2849027111111111, "_fused_dropout": 0.17600733333333332, "_log_softmax": 0.01774482222222222, "to": 0.0, "index": 0.8062865777777779, "nll_loss_forward": 0.27709748888888897, "zero_": 0.10134375555555558, "torch::autograd::GraphRoot": 0.0, "nll_loss_backward": 0.4982997333333334, "empty": 0.0, "_index_put_impl_": 1.132552977777778, "_log_softmax_backward_data": 0.008968444444444444, "AddBackward0": 0.0, "sum": 0.30741228888888894, "add_": 0.1460652888888889, "gather": 3.5968972444444445, "index_add_": 1.8949429111111118, "t": 0.0, "_masked_scale": 0.16189953333333332, "threshold_backward": 0.2106893999999999, "mul_": 0.08114308888888887, "addcmul_": 0.058108044444444465, "sqrt": 0.042258333333333335, "div": 0.04095477777777777, "addcdiv_": 0.07950768888888889, "is_floating_point": 0.0, "_local_scalar_dense": 0.00867173333333333, "dropout": 0.0, "max": 0.05091726666666667, "eq": 0.007201511111111111, "is_complex": 0.0}