{"mm": 1.3840157959183672, "select": 0.0, "index_select": 1.950103918367347, "view": 0.0, "mul": 3.4361359387755095, "unsqueeze": 0.0, "expand": 0.0, "scatter_add_": 2.5917283469387757, "add": 0.09717271428571427, "relu": 0.06415675510204083, "_fused_dropout": 0.038882346938775514, "_log_softmax": 0.007148959183673469, "to": 0.0, "index": 0.9057990408163267, "nll_loss_forward": 0.062203040816326514, "zero_": 0.02550426530612246, "torch::autograd::GraphRoot": 0.0, "nll_loss_backward": 0.11144124489795917, "empty": 0.0, "_index_put_impl_": 0.8466650612244897, "_log_softmax_backward_data": 0.0032193469387755097, "AddBackward0": 0.0, "sum": 0.22734012244897966, "add_": 0.026163877551020395, "gather": 1.5136819999999997, "index_add_": 0.839832775510204, "t": 0.0, "_masked_scale": 0.034509877551020404, "threshold_backward": 0.04832873469387756, "mul_": 0.018113244897959183, "addcmul_": 0.00862004081632653, "sqrt": 0.009055938775510206, "div": 0.00781573469387755, "addcdiv_": 0.011474, "is_floating_point": 0.0, "_local_scalar_dense": 0.007985061224489796, "dropout": 0.0, "max": 0.015977102040816326, "eq": 0.006693224489795919, "is_complex": 0.0}