{"mm": 1.4329759787234044, "select": 0.0, "index_select": 0.8979425531914892, "view": 0.0, "mul": 1.4066075531914897, "unsqueeze": 0.0, "expand": 0.0, "scatter_add_": 1.1011929361702129, "add": 0.04405046808510637, "relu": 0.009015638297872339, "_fused_dropout": 0.006918255319148937, "_log_softmax": 0.017357404255319148, "to": 0.0, "index": 0.8803831489361701, "nll_loss_forward": 0.12554838297872342, "zero_": 0.016562404255319147, "torch::autograd::GraphRoot": 0.0, "nll_loss_backward": 0.17836397872340426, "empty": 0.0, "_index_put_impl_": 0.8839264255319149, "_log_softmax_backward_data": 0.0073511489361702135, "AddBackward0": 0.0, "sum": 0.2331008936170213, "add_": 0.02646865957446808, "gather": 0.6834054255319149, "index_add_": 0.4052282127659574, "t": 0.0, "_masked_scale": 0.0052215957446808525, "threshold_backward": 0.006952936170212767, "mul_": 0.017917382978723407, "addcmul_": 0.009473297872340426, "sqrt": 0.010861212765957449, "div": 0.008312574468085105, "addcdiv_": 0.012741617021276597, "is_floating_point": 0.0, "_local_scalar_dense": 0.00897363829787234, "dropout": 0.0, "max": 0.02859844680851065, "eq": 0.0076031063829787235, "is_complex": 0.0}