{"mm": 6.125842085106382, "select": 0.0, "index_select": 12.609361638297873, "view": 0.0, "mul": 26.426186361702133, "unsqueeze": 0.0, "expand": 0.0, "scatter_add_": 22.098804063829785, "add": 0.5054054042553191, "relu": 0.4610874893617023, "_fused_dropout": 0.27763663829787233, "_log_softmax": 0.012958276595744684, "to": 0.0, "index": 0.8335782765957447, "nll_loss_forward": 0.09237902127659575, "zero_": 0.13152774468085107, "torch::autograd::GraphRoot": 0.0, "nll_loss_backward": 0.16076423404255313, "empty": 0.0, "_index_put_impl_": 1.036049170212766, "_log_softmax_backward_data": 0.006110000000000001, "AddBackward0": 0.0, "sum": 0.30443661702127667, "add_": 0.0358918085106383, "gather": 10.867513170212765, "index_add_": 7.022358680851062, "t": 0.0, "_masked_scale": 0.2596977872340426, "threshold_backward": 0.338009085106383, "mul_": 0.033193468085106384, "addcmul_": 0.01127874468085106, "sqrt": 0.010198914893617022, "div": 0.008753553191489362, "addcdiv_": 0.02723387234042553, "is_floating_point": 0.0, "_local_scalar_dense": 0.007839255319148936, "dropout": 0.0, "max": 0.02051831914893617, "eq": 0.0057668936170212765, "is_complex": 0.0}