{"mm": 7.861265369565216, "select": 0.0, "index_select": 10.508159282608698, "view": 0.0, "mul": 17.60923195652174, "unsqueeze": 0.0, "expand": 0.0, "scatter_add_": 15.188147630434779, "add": 3.110804391304348, "relu": 2.837500565217392, "_fused_dropout": 1.68561097826087, "_log_softmax": 0.2930680652173913, "to": 0.0, "index": 1.2903851739130432, "nll_loss_forward": 3.7773298695652184, "zero_": 0.8504808043478264, "torch::autograd::GraphRoot": 0.0, "nll_loss_backward": 3.4874105652173912, "empty": 0.0, "_index_put_impl_": 1.553842956521739, "_log_softmax_backward_data": 0.19501449999999998, "AddBackward0": 0.0, "sum": 0.9815383260869568, "add_": 0.01887341304347826, "gather": 7.218478260869565, "index_add_": 7.046037565217392, "t": 0.0, "_masked_scale": 1.5825721304347824, "threshold_backward": 2.065168130434783, "mul_": 0.011560652173913041, "addcmul_": 0.005993804347826087, "sqrt": 0.0066645652173913045, "div": 0.005472217391304348, "addcdiv_": 0.007746652173913044, "is_floating_point": 0.0, "_local_scalar_dense": 0.007444217391304344, "dropout": 0.0, "max": 0.3278442173913043, "eq": 0.02259639130434783, "is_complex": 0.0}