{"mm": 433.4785057083334, "select": 0.0, "index_select": 35.8571901875, "view": 0.0, "mul": 54.13633845833332, "unsqueeze": 0.0, "expand": 0.0, "scatter_add_": 51.06065875000001, "add": 2.7747958958333334, "relu": 2.302652312499999, "_fused_dropout": 1.379403375, "_log_softmax": 0.016971124999999993, "to": 0.0, "index": 1.0592021875, "nll_loss_forward": 0.256643875, "zero_": 0.7621604166666663, "torch::autograd::GraphRoot": 0.0, "nll_loss_backward": 0.44717783333333333, "empty": 0.0, "_index_put_impl_": 0.8906766458333332, "_log_softmax_backward_data": 0.008404458333333331, "AddBackward0": 0.0, "sum": 0.8132908125000001, "add_": 1.1048545208333336, "gather": 23.983946249999992, "index_add_": 21.873557541666667, "t": 0.0, "_masked_scale": 1.2886089375, "threshold_backward": 1.6780648124999997, "mul_": 0.5712840625, "addcmul_": 0.41497427083333327, "sqrt": 0.28590125000000005, "div": 0.28625116666666667, "addcdiv_": 0.5507298333333335, "is_floating_point": 0.0, "_local_scalar_dense": 0.0087838125, "dropout": 0.0, "max": 0.04951943749999999, "eq": 0.006955229166666666, "is_complex": 0.0}