{"mm": 3.7975093695652165, "select": 0.0, "index_select": 5.76719993478261, "view": 0.0, "mul": 9.527110891304345, "unsqueeze": 0.0, "expand": 0.0, "scatter_add_": 8.646329086956522, "add": 1.6823655, "relu": 1.4214514565217395, "_fused_dropout": 0.848836608695652, "_log_softmax": 0.29370595652173914, "to": 0.0, "index": 1.333611847826087, "nll_loss_forward": 3.654753869565217, "zero_": 0.4818530869565218, "torch::autograd::GraphRoot": 0.0, "nll_loss_backward": 3.3861690217391307, "empty": 0.0, "_index_put_impl_": 1.585345391304348, "_log_softmax_backward_data": 0.19502015217391308, "AddBackward0": 0.0, "sum": 0.6733360217391305, "add_": 0.018322195652173915, "gather": 3.916526347826086, "index_add_": 3.5908973695652184, "t": 0.0, "_masked_scale": 0.7936633260869567, "threshold_backward": 1.0335966956521738, "mul_": 0.01140780434782609, "addcmul_": 0.005798434782608695, "sqrt": 0.006428086956521737, "div": 0.005080652173913044, "addcdiv_": 0.007708608695652175, "is_floating_point": 0.0, "_local_scalar_dense": 0.007553978260869562, "dropout": 0.0, "max": 0.3157076521739131, "eq": 0.02224141304347826, "is_complex": 0.0}