{"mm": 182.1644505555555, "select": 0.0, "index_select": 18.602486222222225, "view": 0.0, "mul": 27.193125266666666, "unsqueeze": 0.0, "expand": 0.0, "scatter_add_": 25.71493268888889, "add": 1.4021753111111113, "relu": 1.1448126444444442, "_fused_dropout": 0.6927175777777778, "_log_softmax": 0.01794117777777778, "to": 0.0, "index": 0.8867564888888885, "nll_loss_forward": 0.2720875555555556, "zero_": 0.3851331777777778, "torch::autograd::GraphRoot": 0.0, "nll_loss_backward": 0.4713389555555555, "empty": 0.0, "_index_put_impl_": 0.9992232888888891, "_log_softmax_backward_data": 0.0088676, "AddBackward0": 0.0, "sum": 0.5138555111111112, "add_": 0.5573731111111111, "gather": 12.883160911111107, "index_add_": 8.771636288888894, "t": 0.0, "_masked_scale": 0.6432941999999998, "threshold_backward": 0.838055977777778, "mul_": 0.2900764222222223, "addcmul_": 0.21105275555555558, "sqrt": 0.1468339333333333, "div": 0.1450994666666667, "addcdiv_": 0.2819290222222222, "is_floating_point": 0.0, "_local_scalar_dense": 0.008841066666666666, "dropout": 0.0, "max": 0.05226744444444444, "eq": 0.00744608888888889, "is_complex": 0.0}