{"mm": 1.286001681818182, "select": 0.0, "index_select": 0.19501734090909092, "view": 0.0, "mul": 0.2549611363636364, "unsqueeze": 0.0, "expand": 0.0, "scatter_add_": 0.26520929545454547, "add": 0.05615934090909089, "relu": 0.014813931818181818, "_fused_dropout": 0.01087684090909091, "_log_softmax": 0.011457840909090909, "to": 0.0, "index": 0.9799763863636365, "nll_loss_forward": 0.3008206363636365, "zero_": 0.020632159090909093, "torch::autograd::GraphRoot": 0.0, "nll_loss_backward": 0.3483450454545455, "empty": 0.0, "_index_put_impl_": 0.8846787954545455, "_log_softmax_backward_data": 0.005338477272727273, "AddBackward0": 0.0, "sum": 0.26487684090909086, "add_": 0.033241499999999986, "gather": 0.14604286363636368, "index_add_": 0.0896464090909091, "t": 0.0, "_masked_scale": 0.008450159090909092, "threshold_backward": 0.011244704545454547, "mul_": 0.022117090909090902, "addcmul_": 0.012061272727272726, "sqrt": 0.013510977272727272, "div": 0.010981636363636362, "addcdiv_": 0.015437477272727273, "is_floating_point": 0.0, "_local_scalar_dense": 0.009940113636363638, "dropout": 0.0, "max": 0.053006204545454544, "eq": 0.010668977272727274, "is_complex": 0.0}