{"mm": 4.608636651162791, "select": 0.0, "index_select": 2.222569558139535, "view": 0.0, "mul": 3.9837786046511643, "unsqueeze": 0.0, "expand": 0.0, "scatter_add_": 3.3990791395348836, "add": 0.24923799999999996, "relu": 0.18654976744186047, "_fused_dropout": 0.11213706976744182, "_log_softmax": 0.05460625581395348, "to": 0.0, "index": 0.9321863953488372, "nll_loss_forward": 0.5319323720930231, "zero_": 0.06786139534883721, "torch::autograd::GraphRoot": 0.0, "nll_loss_backward": 0.4335145348837208, "empty": 0.0, "_index_put_impl_": 1.066611069767442, "_log_softmax_backward_data": 0.036996906976744175, "AddBackward0": 0.0, "sum": 0.3335524418604651, "add_": 0.020018790697674413, "gather": 1.6901482790697673, "index_add_": 1.1910709767441863, "t": 0.0, "_masked_scale": 0.10718967441860468, "threshold_backward": 0.1383733023255814, "mul_": 0.012555558139534885, "addcmul_": 0.006359976744186047, "sqrt": 0.0071695348837209315, "div": 0.005639720930232558, "addcdiv_": 0.008834953488372096, "is_floating_point": 0.0, "_local_scalar_dense": 0.007374976744186045, "dropout": 0.0, "max": 0.09003397674418606, "eq": 0.006885441860465115, "is_complex": 0.0}