{"mm": 1.770869979591837, "select": 0.0, "index_select": 2.1306840408163263, "view": 0.0, "mul": 3.8612000204081647, "unsqueeze": 0.0, "expand": 0.0, "scatter_add_": 2.738309387755101, "add": 0.0888642857142857, "relu": 0.05631687755102041, "_fused_dropout": 0.03468810204081633, "_log_softmax": 0.014100959183673472, "to": 0.0, "index": 0.9389541020408163, "nll_loss_forward": 0.10094295918367341, "zero_": 0.023721489795918368, "torch::autograd::GraphRoot": 0.0, "nll_loss_backward": 0.16772161224489798, "empty": 0.0, "_index_put_impl_": 1.066244836734694, "_log_softmax_backward_data": 0.005790204081632654, "AddBackward0": 0.0, "sum": 0.24905802040816324, "add_": 0.023076489795918365, "gather": 1.666785571428571, "index_add_": 0.9551691632653061, "t": 0.0, "_masked_scale": 0.03159097959183673, "threshold_backward": 0.043450693877551044, "mul_": 0.015235142857142853, "addcmul_": 0.007427285714285713, "sqrt": 0.008214142857142857, "div": 0.007215081632653062, "addcdiv_": 0.009707469387755106, "is_floating_point": 0.0, "_local_scalar_dense": 0.007768714285714285, "dropout": 0.0, "max": 0.022643530612244896, "eq": 0.0060526326530612245, "is_complex": 0.0}