{"mm": 3.0091690256410257, "select": 0.0, "index_select": 1.5794268717948714, "view": 0.0, "mul": 2.8316113846153845, "unsqueeze": 0.0, "expand": 0.0, "scatter_add_": 2.330844461538462, "add": 0.36227379487179495, "relu": 0.33276633333333333, "_fused_dropout": 0.20078751282051285, "_log_softmax": 0.005789589743589743, "to": 0.0, "index": 0.9059386666666666, "nll_loss_forward": 0.1487117692307692, "zero_": 0.09333199999999998, "torch::autograd::GraphRoot": 0.0, "nll_loss_backward": 0.20548112820512815, "empty": 0.0, "_index_put_impl_": 0.9803258205128207, "_log_softmax_backward_data": 0.002646641025641026, "AddBackward0": 0.0, "sum": 0.2768879743589744, "add_": 0.021747666666666665, "gather": 1.114796307692308, "index_add_": 0.9133215384615386, "t": 0.0, "_masked_scale": 0.1884866153846154, "threshold_backward": 0.24491623076923083, "mul_": 0.01576528205128205, "addcmul_": 0.00695948717948718, "sqrt": 0.0074250256410256414, "div": 0.00613528205128205, "addcdiv_": 0.009567025641025642, "is_floating_point": 0.0, "_local_scalar_dense": 0.007291999999999999, "dropout": 0.0, "max": 0.023544820512820513, "eq": 0.005270538461538461, "is_complex": 0.0}