{"mm": 12.28185331707317, "select": 0.0, "index_select": 6.2938753658536575, "view": 0.0, "mul": 11.123777195121953, "unsqueeze": 0.0, "expand": 0.0, "scatter_add_": 10.047857560975608, "add": 1.383614317073171, "relu": 1.3284246585365858, "_fused_dropout": 0.7986527317073171, "_log_softmax": 0.006319048780487805, "to": 0.0, "index": 0.7974640731707318, "nll_loss_forward": 0.16764448780487798, "zero_": 0.35806687804878046, "torch::autograd::GraphRoot": 0.0, "nll_loss_backward": 0.22395143902439021, "empty": 0.0, "_index_put_impl_": 0.9958459268292683, "_log_softmax_backward_data": 0.0031887560975609754, "AddBackward0": 0.0, "sum": 0.4904722926829269, "add_": 0.04833639024390245, "gather": 4.626968780487805, "index_add_": 4.058851829268293, "t": 0.0, "_masked_scale": 0.7424447317073173, "threshold_backward": 0.9669316341463412, "mul_": 0.04219014634146341, "addcmul_": 0.017140292682926824, "sqrt": 0.011634560975609758, "div": 0.011661048780487805, "addcdiv_": 0.0339720243902439, "is_floating_point": 0.0, "_local_scalar_dense": 0.007742829268292685, "dropout": 0.0, "max": 0.02580524390243902, "eq": 0.005829756097560975, "is_complex": 0.0}