{"mm": 4.258803489795921, "select": 0.0, "index_select": 1.5016523061224492, "view": 0.0, "mul": 2.4140570408163264, "unsqueeze": 0.0, "expand": 0.0, "scatter_add_": 2.307568142857143, "add": 0.15795395918367341, "relu": 0.09335187755102038, "_fused_dropout": 0.056837877551020426, "_log_softmax": 0.05804022448979592, "to": 0.0, "index": 0.9756802040816324, "nll_loss_forward": 0.6024693265306125, "zero_": 0.044484979591836754, "torch::autograd::GraphRoot": 0.0, "nll_loss_backward": 0.5054620408163265, "empty": 0.0, "_index_put_impl_": 1.0666068367346941, "_log_softmax_backward_data": 0.03723538775510204, "AddBackward0": 0.0, "sum": 0.3400903469387756, "add_": 0.02239330612244898, "gather": 1.1843464489795916, "index_add_": 0.7868652857142857, "t": 0.0, "_masked_scale": 0.05161597959183673, "threshold_backward": 0.06987253061224488, "mul_": 0.014368061224489798, "addcmul_": 0.0076986530612244905, "sqrt": 0.008730632653061223, "div": 0.006597326530612243, "addcdiv_": 0.009569183673469386, "is_floating_point": 0.0, "_local_scalar_dense": 0.008046877551020409, "dropout": 0.0, "max": 0.10871110204081628, "eq": 0.007995387755102043, "is_complex": 0.0}