{"mm": 13.224812911111112, "select": 0.0, "index_select": 20.43853022222222, "view": 0.0, "mul": 33.74785860000001, "unsqueeze": 0.0, "expand": 0.0, "scatter_add_": 28.661576155555547, "add": 5.954621133333334, "relu": 5.655214666666665, "_fused_dropout": 3.3459014888888885, "_log_softmax": 0.2935329111111112, "to": 0.0, "index": 1.3508568444444446, "nll_loss_forward": 3.881928688888889, "zero_": 1.5879278888888892, "torch::autograd::GraphRoot": 0.0, "nll_loss_backward": 3.5818663999999996, "empty": 0.0, "_index_put_impl_": 1.6303822000000003, "_log_softmax_backward_data": 0.19438935555555553, "AddBackward0": 0.0, "sum": 1.6383247555555556, "add_": 0.018930155555555564, "gather": 13.651262799999998, "index_add_": 15.229851066666665, "t": 0.0, "_masked_scale": 3.158800911111111, "threshold_backward": 4.117956288888889, "mul_": 0.011583088888888891, "addcmul_": 0.005569622222222222, "sqrt": 0.006573666666666667, "div": 0.005166533333333333, "addcdiv_": 0.0076445111111111096, "is_floating_point": 0.0, "_local_scalar_dense": 0.007709155555555555, "dropout": 0.0, "max": 0.35416426666666667, "eq": 0.023054977777777777, "is_complex": 0.0}