{"mm": 0.6856204042553191, "select": 0.0, "index_select": 0.7388712340425532, "view": 0.0, "mul": 1.054194382978723, "unsqueeze": 0.0, "expand": 0.0, "scatter_add_": 0.9590514893617021, "add": 0.04914489361702129, "relu": 0.011280000000000002, "_fused_dropout": 0.008223851063829788, "_log_softmax": 0.009746255319148935, "to": 0.0, "index": 0.9408943617021278, "nll_loss_forward": 0.08648682978723406, "zero_": 0.01837027659574468, "torch::autograd::GraphRoot": 0.0, "nll_loss_backward": 0.13805374468085108, "empty": 0.0, "_index_put_impl_": 0.815166425531915, "_log_softmax_backward_data": 0.004406170212765956, "AddBackward0": 0.0, "sum": 0.2371142553191489, "add_": 0.030697446808510644, "gather": 0.5811257234042555, "index_add_": 0.3031981914893617, "t": 0.0, "_masked_scale": 0.0062864680851063845, "threshold_backward": 0.0078658085106383, "mul_": 0.020548617021276597, "addcmul_": 0.010679978723404251, "sqrt": 0.012343063829787232, "div": 0.009689638297872338, "addcdiv_": 0.014144106382978722, "is_floating_point": 0.0, "_local_scalar_dense": 0.009956659574468087, "dropout": 0.0, "max": 0.022606872340425528, "eq": 0.009330936170212762, "is_complex": 0.0}