{"mm": 30.34964136956522, "select": 0.0, "index_select": 30.918493239130438, "view": 0.0, "mul": 51.12223276086956, "unsqueeze": 0.0, "expand": 0.0, "scatter_add_": 47.018678326086956, "add": 3.0919290217391304, "relu": 2.991571891304348, "_fused_dropout": 1.8027199782608694, "_log_softmax": 0.0578249347826087, "to": 0.0, "index": 0.9743266086956524, "nll_loss_forward": 0.5935975217391303, "zero_": 0.8056169782608699, "torch::autograd::GraphRoot": 0.0, "nll_loss_backward": 0.5091035217391304, "empty": 0.0, "_index_put_impl_": 1.1120080434782604, "_log_softmax_backward_data": 0.03733778260869565, "AddBackward0": 0.0, "sum": 1.0168764347826094, "add_": 0.0295521304347826, "gather": 21.97629463043478, "index_add_": 20.384856152173917, "t": 0.0, "_masked_scale": 1.6732987391304353, "threshold_backward": 2.181681086956522, "mul_": 0.024583086956521734, "addcmul_": 0.00843391304347826, "sqrt": 0.008836760869565221, "div": 0.0073829130434782606, "addcdiv_": 0.020320891304347822, "is_floating_point": 0.0, "_local_scalar_dense": 0.008227869565217389, "dropout": 0.0, "max": 0.11069789130434779, "eq": 0.00816958695652174, "is_complex": 0.0}