{"mm": 26.44382595918367, "select": 0.0, "index_select": 55.26721514285715, "view": 0.0, "mul": 103.42887628571432, "unsqueeze": 0.0, "expand": 0.0, "scatter_add_": 93.38908020408162, "add": 1.9659308979591843, "relu": 1.8374397551020405, "_fused_dropout": 1.100661510204082, "_log_softmax": 0.014573020408163268, "to": 0.0, "index": 0.8669868571428575, "nll_loss_forward": 0.10334871428571422, "zero_": 0.5163412653061223, "torch::autograd::GraphRoot": 0.0, "nll_loss_backward": 0.2193291020408164, "empty": 0.0, "_index_put_impl_": 0.9735910816326533, "_log_softmax_backward_data": 0.006338693877551019, "AddBackward0": 0.0, "sum": 0.6234661224489795, "add_": 0.21211271428571432, "gather": 42.24908269387755, "index_add_": 33.68044973469388, "t": 0.0, "_masked_scale": 1.0287378775510203, "threshold_backward": 1.3404708163265309, "mul_": 0.11438187755102043, "addcmul_": 0.08068489795918367, "sqrt": 0.057001265306122456, "div": 0.05700455102040816, "addcdiv_": 0.10913702040816327, "is_floating_point": 0.0, "_local_scalar_dense": 0.008574489795918369, "dropout": 0.0, "max": 0.023675755102040816, "eq": 0.006518183673469387, "is_complex": 0.0}