{"mm": 51.037912234042544, "select": 0.0, "index_select": 90.64320906382977, "view": 0.0, "mul": 129.9308359148936, "unsqueeze": 0.0, "expand": 0.0, "scatter_add_": 109.35644461702127, "add": 22.872387744680847, "relu": 22.35629606382978, "_fused_dropout": 13.29151429787234, "_log_softmax": 0.29690502127659574, "to": 0.0, "index": 1.408304468085106, "nll_loss_forward": 4.017528723404255, "zero_": 6.010566723404255, "torch::autograd::GraphRoot": 0.0, "nll_loss_backward": 3.7159691489361704, "empty": 0.0, "_index_put_impl_": 1.652541893617021, "_log_softmax_backward_data": 0.19462880851063824, "AddBackward0": 0.0, "sum": 5.7400278510638305, "add_": 0.020543404255319142, "gather": 51.04590046808513, "index_add_": 68.53509538297871, "t": 0.0, "_masked_scale": 12.614654212765958, "threshold_backward": 16.425117659574475, "mul_": 0.012775765957446809, "addcmul_": 0.0061229787234042534, "sqrt": 0.006976851063829788, "div": 0.005783361702127657, "addcdiv_": 0.008458702127659576, "is_floating_point": 0.0, "_local_scalar_dense": 0.008489425531914894, "dropout": 0.0, "max": 0.41885329787234044, "eq": 0.024021659574468092, "is_complex": 0.0}