{"mm": 32.00149823404255, "select": 0.0, "index_select": 2.2019748085106388, "view": 0.0, "mul": 3.713178063829787, "unsqueeze": 0.0, "expand": 0.0, "scatter_add_": 2.941639531914894, "add": 0.1946995744680851, "relu": 0.1428486382978723, "_fused_dropout": 0.08662553191489361, "_log_softmax": 0.01590474468085107, "to": 0.0, "index": 0.7759404468085107, "nll_loss_forward": 0.24377138297872344, "zero_": 0.05108114893617023, "torch::autograd::GraphRoot": 0.0, "nll_loss_backward": 0.3139846382978724, "empty": 0.0, "_index_put_impl_": 1.0840617234042556, "_log_softmax_backward_data": 0.008138851063829786, "AddBackward0": 0.0, "sum": 0.2796768510638298, "add_": 0.053619978723404266, "gather": 1.7337609787234043, "index_add_": 0.9633652978723404, "t": 0.0, "_masked_scale": 0.08253614893617021, "threshold_backward": 0.10618061702127662, "mul_": 0.0435527659574468, "addcmul_": 0.018891978723404253, "sqrt": 0.013627893617021278, "div": 0.012191085106382978, "addcdiv_": 0.0368130425531915, "is_floating_point": 0.0, "_local_scalar_dense": 0.00811691489361702, "dropout": 0.0, "max": 0.04521587234042553, "eq": 0.006246404255319152, "is_complex": 0.0}