{"mm": 6.6233269565217405, "select": 0.0, "index_select": 11.562217021739128, "view": 0.0, "mul": 25.377464456521743, "unsqueeze": 0.0, "expand": 0.0, "scatter_add_": 21.800202130434787, "add": 0.5798858260869564, "relu": 0.5139795217391305, "_fused_dropout": 0.3084915217391305, "_log_softmax": 0.00629728260869565, "to": 0.0, "index": 0.7605728260869565, "nll_loss_forward": 0.05405973913043477, "zero_": 0.14780482608695653, "torch::autograd::GraphRoot": 0.0, "nll_loss_backward": 0.11532450000000001, "empty": 0.0, "_index_put_impl_": 0.872063804347826, "_log_softmax_backward_data": 0.0032894565217391285, "AddBackward0": 0.0, "sum": 0.2879104347826086, "add_": 0.0839865, "gather": 10.3304705, "index_add_": 7.212135239130437, "t": 0.0, "_masked_scale": 0.28834104347826084, "threshold_backward": 0.37578273913043486, "mul_": 0.05994897826086958, "addcmul_": 0.03288747826086957, "sqrt": 0.021586391304347818, "div": 0.018671782608695647, "addcdiv_": 0.05284560869565216, "is_floating_point": 0.0, "_local_scalar_dense": 0.007779695652173911, "dropout": 0.0, "max": 0.013776717391304346, "eq": 0.005814347826086958, "is_complex": 0.0}