{"mm": 1.308417108695652, "select": 0.0, "index_select": 0.34183204347826096, "view": 0.0, "mul": 0.42887297826086945, "unsqueeze": 0.0, "expand": 0.0, "scatter_add_": 0.45238034782608694, "add": 0.08220934782608694, "relu": 0.02526026086956521, "_fused_dropout": 0.022135000000000002, "_log_softmax": 0.01099582608695652, "to": 0.0, "index": 1.001403108695652, "nll_loss_forward": 0.2916228913043478, "zero_": 0.024994521739130436, "torch::autograd::GraphRoot": 0.0, "nll_loss_backward": 0.339962847826087, "empty": 0.0, "_index_put_impl_": 0.9145811086956523, "_log_softmax_backward_data": 0.005134173913043477, "AddBackward0": 0.0, "sum": 0.299555347826087, "add_": 0.03401273913043479, "gather": 0.2589315217391304, "index_add_": 0.14793013043478256, "t": 0.0, "_masked_scale": 0.018345413043478264, "threshold_backward": 0.024113347826086956, "mul_": 0.02209991304347826, "addcmul_": 0.011737260869565218, "sqrt": 0.012990717391304345, "div": 0.01059454347826087, "addcdiv_": 0.016185782608695652, "is_floating_point": 0.0, "_local_scalar_dense": 0.009829326086956523, "dropout": 0.0, "max": 0.050738978260869566, "eq": 0.010001217391304346, "is_complex": 0.0}