{"mm": 10.359458930232558, "select": 0.0, "index_select": 1.88861711627907, "unsqueeze": 0.0, "expand": 0.0, "scatter_add_": 3.091657860465116, "t": 0.0, "_thnn_fused_gru_cell": 4.7692004651162785, "_log_softmax": 0.29202253488372076, "to": 0.0, "index": 1.321303069767442, "nll_loss_forward": 3.725583325581395, "zero_": 0.24649448837209303, "torch::autograd::GraphRoot": 0.0, "nll_loss_backward": 3.430050906976744, "empty": 0.0, "_index_put_impl_": 1.4466971395348838, "_log_softmax_backward_data": 0.19527597674418606, "add_": 0.030391627906976748, "_thnn_fused_gru_cell_backward": 3.6171467674418616, "add": 1.0400952093023257, "gather": 1.3648529069767443, "index_add_": 0.981316418604651, "mul_": 0.02072602325581395, "addcmul_": 0.010236790697674417, "sqrt": 0.011204720930232557, "div": 0.009541093023255814, "addcdiv_": 0.014004325581395348, "is_floating_point": 0.0, "_local_scalar_dense": 0.007517209302325579, "max": 0.32704802325581395, "eq": 0.022776023255813956, "sum": 0.209272, "is_complex": 0.0}