{"mm": 47.77189959183673, "select": 0.0, "index_select": 14.031063897959188, "unsqueeze": 0.0, "expand": 0.0, "scatter_add_": 20.27278457142857, "t": 0.0, "_thnn_fused_gru_cell": 9.820115, "_log_softmax": 0.051989489795918366, "to": 0.0, "index": 1.0356703265306122, "nll_loss_forward": 0.6556685714285715, "zero_": 0.4136489591836735, "torch::autograd::GraphRoot": 0.0, "nll_loss_backward": 0.5590399795918367, "empty": 0.0, "_index_put_impl_": 1.2072034897959185, "_log_softmax_backward_data": 0.03773042857142857, "add_": 0.04529467346938777, "_thnn_fused_gru_cell_backward": 7.266470918367348, "add": 2.2135117346938777, "gather": 10.670227653061223, "index_add_": 6.958978510204083, "mul_": 0.031811795918367344, "addcmul_": 0.01501785714285714, "sqrt": 0.014771367346938782, "div": 0.013899836734693876, "addcdiv_": 0.020484632653061222, "is_floating_point": 0.0, "_local_scalar_dense": 0.00875161224489796, "max": 0.11944781632653066, "eq": 0.009114653061224491, "sum": 0.22451767346938778, "is_complex": 0.0}