{"mm": 49.21715709090909, "select": 0.0, "index_select": 7.889032727272727, "unsqueeze": 0.0, "expand": 0.0, "scatter_add_": 10.082086090909092, "t": 0.0, "_thnn_fused_gru_cell": 18.37439052272727, "_log_softmax": 0.30041038636363643, "to": 0.0, "index": 1.4525354090909095, "nll_loss_forward": 4.418247795454545, "zero_": 0.8038126363636365, "torch::autograd::GraphRoot": 0.0, "nll_loss_backward": 4.103027113636364, "empty": 0.0, "_index_put_impl_": 1.7163702954545454, "_log_softmax_backward_data": 0.19472184090909092, "add_": 0.0397096590909091, "_thnn_fused_gru_cell_backward": 13.581555113636359, "add": 4.11453056818182, "gather": 5.461880795454544, "index_add_": 3.7531775681818176, "mul_": 0.02648779545454545, "addcmul_": 0.012698500000000001, "sqrt": 0.014749886363636363, "div": 0.012475409090909094, "addcdiv_": 0.017967045454545454, "is_floating_point": 0.0, "_local_scalar_dense": 0.008984704545454546, "max": 0.44467356818181825, "eq": 0.02475936363636364, "sum": 0.25606543181818187, "is_complex": 0.0}