{"mm": 88.4773443877551, "select": 0.0, "index_select": 26.271858265306133, "unsqueeze": 0.0, "expand": 0.0, "scatter_add_": 43.14818132653062, "t": 0.0, "_thnn_fused_gru_cell": 6.04862206122449, "_log_softmax": 0.016551632653061227, "to": 0.0, "index": 1.084676775510204, "nll_loss_forward": 0.10632365306122449, "zero_": 0.30118744897959177, "torch::autograd::GraphRoot": 0.0, "nll_loss_backward": 0.22935238775510206, "empty": 0.0, "_index_put_impl_": 1.029194571428571, "_log_softmax_backward_data": 0.006708224489795918, "add_": 0.22747634693877564, "_thnn_fused_gru_cell_backward": 4.505200714285714, "add": 1.560278571428571, "gather": 22.613405938775504, "index_add_": 13.577449836734697, "mul_": 0.1702295918367347, "addcmul_": 0.0867820612244898, "sqrt": 0.052125979591836735, "div": 0.05028061224489796, "addcdiv_": 0.14537063265306124, "is_floating_point": 0.0, "_local_scalar_dense": 0.008667897959183673, "max": 0.024105653061224492, "eq": 0.006565918367346941, "sum": 0.15108891836734695, "is_complex": 0.0}