{"mm": 9.684194021739133, "select": 0.0, "index_select": 3.268729782608696, "unsqueeze": 0.0, "expand": 0.0, "scatter_add_": 5.0396879782608694, "t": 0.0, "_thnn_fused_gru_cell": 2.4855890869565225, "_log_softmax": 0.05228052173913044, "to": 0.0, "index": 0.8856141739130436, "nll_loss_forward": 0.5580777391304348, "zero_": 0.1137138695652174, "torch::autograd::GraphRoot": 0.0, "nll_loss_backward": 0.4570108695652174, "empty": 0.0, "_index_put_impl_": 1.0601418043478261, "_log_softmax_backward_data": 0.03777880434782609, "add_": 0.033764304347826075, "_thnn_fused_gru_cell_backward": 1.8754086086956527, "add": 0.5716197391304348, "gather": 2.6127451521739133, "index_add_": 1.5575085434782612, "mul_": 0.022487586956521734, "addcmul_": 0.010598499999999999, "sqrt": 0.012086499999999998, "div": 0.009937239130434783, "addcdiv_": 0.015234739130434783, "is_floating_point": 0.0, "_local_scalar_dense": 0.007636108695652172, "max": 0.0954619347826087, "eq": 0.007199478260869563, "sum": 0.20303889130434785, "is_complex": 0.0}