{"mm": 4.75631996, "select": 0.0, "index_select": 3.2765753199999996, "unsqueeze": 0.0, "expand": 0.0, "scatter_add_": 4.275349119999999, "t": 0.0, "_thnn_fused_gru_cell": 0.86246644, "_log_softmax": 0.0064890400000000015, "to": 0.0, "index": 1.0047587000000002, "nll_loss_forward": 0.05577031999999999, "zero_": 0.04505818, "torch::autograd::GraphRoot": 0.0, "nll_loss_backward": 0.11126912000000001, "empty": 0.0, "_index_put_impl_": 0.8865906199999999, "_log_softmax_backward_data": 0.00289372, "add_": 0.04339598000000001, "_thnn_fused_gru_cell_backward": 0.6933780800000002, "add": 0.22169862, "gather": 2.5489528200000007, "index_add_": 1.3980556000000002, "mul_": 0.03110914, "addcmul_": 0.013758140000000004, "sqrt": 0.014494499999999997, "div": 0.01273504, "addcdiv_": 0.018674939999999994, "is_floating_point": 0.0, "_local_scalar_dense": 0.007757299999999998, "max": 0.01406454, "eq": 0.006024479999999999, "sum": 0.17543493999999998, "is_complex": 0.0}