{"mm": 425.42394463265305, "select": 0.0, "index_select": 33.51995381632653, "unsqueeze": 0.0, "expand": 0.0, "scatter_add_": 47.972287285714295, "t": 0.0, "_thnn_fused_gru_cell": 15.09120957142857, "_log_softmax": 0.021269571428571426, "to": 0.0, "index": 0.8692248775510204, "nll_loss_forward": 0.2867388571428572, "zero_": 0.7412842448979595, "torch::autograd::GraphRoot": 0.0, "nll_loss_backward": 0.503287306122449, "empty": 0.0, "_index_put_impl_": 1.1118353061224489, "_log_softmax_backward_data": 0.009339204081632649, "add_": 0.7509184081632654, "_thnn_fused_gru_cell_backward": 11.19765955102041, "add": 3.7471912857142855, "gather": 27.070415653061218, "index_add_": 15.789848306122447, "mul_": 0.4246024897959183, "addcmul_": 0.2854851224489796, "sqrt": 0.18779673469387756, "div": 0.18708377551020403, "addcdiv_": 0.3990706734693876, "is_floating_point": 0.0, "_local_scalar_dense": 0.00918591836734694, "max": 0.054466285714285696, "eq": 0.007747693877551021, "sum": 0.16416275510204084, "is_complex": 0.0}