{"mm": 37.93439320454545, "select": 0.0, "index_select": 3.8551149545454537, "unsqueeze": 0.0, "expand": 0.0, "scatter_add_": 5.115055772727273, "t": 0.0, "_thnn_fused_gru_cell": 1.9106495227272724, "_log_softmax": 0.01837575, "to": 0.0, "index": 0.8537556590909091, "nll_loss_forward": 0.25022381818181827, "zero_": 0.09364377272727274, "torch::autograd::GraphRoot": 0.0, "nll_loss_backward": 0.3034450227272727, "empty": 0.0, "_index_put_impl_": 0.9906274772727269, "_log_softmax_backward_data": 0.008098000000000001, "add_": 0.06965963636363635, "_thnn_fused_gru_cell_backward": 1.4691808636363637, "add": 0.46684543181818194, "gather": 3.0037886590909086, "index_add_": 1.5331250227272726, "mul_": 0.055856568181818174, "addcmul_": 0.023491636363636367, "sqrt": 0.01950059090909091, "div": 0.016699363636363637, "addcdiv_": 0.044623477272727266, "is_floating_point": 0.0, "_local_scalar_dense": 0.008445886363636365, "max": 0.04847261363636363, "eq": 0.006858909090909088, "sum": 0.15964627272727272, "is_complex": 0.0}