{"mm": 23.57666678571429, "select": 0.0, "index_select": 1.8912456428571431, "unsqueeze": 0.0, "expand": 0.0, "scatter_add_": 2.3566606666666665, "t": 0.0, "_thnn_fused_gru_cell": 0.9674091190476191, "_log_softmax": 0.015431738095238094, "to": 0.0, "index": 0.8172364761904761, "nll_loss_forward": 0.23171133333333338, "zero_": 0.050256071428571435, "torch::autograd::GraphRoot": 0.0, "nll_loss_backward": 0.28834628571428567, "empty": 0.0, "_index_put_impl_": 1.057960761904762, "_log_softmax_backward_data": 0.007663261904761902, "add_": 0.04729880952380953, "_thnn_fused_gru_cell_backward": 0.7730915476190476, "add": 0.2415864523809525, "gather": 1.4862867380952383, "index_add_": 0.7746004523809524, "mul_": 0.03674057142857142, "addcmul_": 0.013894952380952381, "sqrt": 0.01513364285714285, "div": 0.013055714285714287, "addcdiv_": 0.02776811904761904, "is_floating_point": 0.0, "_local_scalar_dense": 0.007998642857142855, "max": 0.04375595238095239, "eq": 0.006048904761904762, "sum": 0.1558215, "is_complex": 0.0}