{"mm": 136.0761205, "select": 0.0, "index_select": 5.913185565217391, "unsqueeze": 0.0, "expand": 0.0, "scatter_add_": 8.206490217391305, "t": 0.0, "_thnn_fused_gru_cell": 8.601057369565217, "_log_softmax": 0.009851608695652176, "to": 0.0, "index": 0.8712578695652174, "nll_loss_forward": 0.2121309565217392, "zero_": 0.4043729782608696, "torch::autograd::GraphRoot": 0.0, "nll_loss_backward": 0.3925694565217391, "empty": 0.0, "_index_put_impl_": 1.1074760217391302, "_log_softmax_backward_data": 0.004213934782608697, "add_": 0.22481958695652182, "_thnn_fused_gru_cell_backward": 6.427119804347828, "add": 2.1209806739130443, "gather": 4.34878404347826, "index_add_": 2.7191392826086953, "mul_": 0.16756643478260871, "addcmul_": 0.08617847826086955, "sqrt": 0.05792886956521739, "div": 0.05122352173913043, "addcdiv_": 0.1480695434782609, "is_floating_point": 0.0, "_local_scalar_dense": 0.009327630434782607, "max": 0.03412419565217391, "eq": 0.007610369565217391, "sum": 0.14875134782608693, "is_complex": 0.0}