{"mm": 7.948565295454544, "select": 0.0, "index_select": 6.599136340909092, "unsqueeze": 0.0, "expand": 0.0, "scatter_add_": 8.81807865909091, "t": 0.0, "_thnn_fused_gru_cell": 1.5349509090909093, "_log_softmax": 0.013491977272727274, "to": 0.0, "index": 0.8994166818181817, "nll_loss_forward": 0.0925320227272727, "zero_": 0.07278331818181819, "torch::autograd::GraphRoot": 0.0, "nll_loss_backward": 0.14894125, "empty": 0.0, "_index_put_impl_": 0.9607508409090909, "_log_softmax_backward_data": 0.005358772727272727, "add_": 0.04279704545454546, "_thnn_fused_gru_cell_backward": 1.1742623181818184, "add": 0.37315013636363636, "gather": 5.277754386363638, "index_add_": 2.7663640681818182, "mul_": 0.030479500000000003, "addcmul_": 0.013653863636363634, "sqrt": 0.013630045454545454, "div": 0.012596250000000003, "addcdiv_": 0.017490045454545453, "is_floating_point": 0.0, "_local_scalar_dense": 0.007846613636363638, "max": 0.020709954545454545, "eq": 0.005774704545454543, "sum": 0.14204322727272728, "is_complex": 0.0}