{"mm": 149.26071868749997, "select": 0.0, "index_select": 16.089331812500003, "unsqueeze": 0.0, "expand": 0.0, "scatter_add_": 23.543830416666665, "t": 0.0, "_thnn_fused_gru_cell": 7.554654916666666, "_log_softmax": 0.02102545833333333, "to": 0.0, "index": 0.9304092291666666, "nll_loss_forward": 0.27417699999999995, "zero_": 0.35769143749999993, "torch::autograd::GraphRoot": 0.0, "nll_loss_backward": 0.4768124375000001, "empty": 0.0, "_index_put_impl_": 1.0191416458333327, "_log_softmax_backward_data": 0.009236520833333334, "add_": 0.3236568333333333, "_thnn_fused_gru_cell_backward": 5.630887125, "add": 1.8476111875, "gather": 11.91697175, "index_add_": 6.793681000000002, "mul_": 0.18603689583333335, "addcmul_": 0.12019310416666669, "sqrt": 0.08936508333333333, "div": 0.08537691666666665, "addcdiv_": 0.16768266666666667, "is_floating_point": 0.0, "_local_scalar_dense": 0.008893354166666667, "max": 0.05300733333333332, "eq": 0.007375333333333335, "sum": 0.17651481249999992, "is_complex": 0.0}