{"mm": 49.43319245652172, "select": 0.0, "index_select": 12.87591697826087, "unsqueeze": 0.0, "expand": 0.0, "scatter_add_": 20.154818565217393, "t": 0.0, "_thnn_fused_gru_cell": 3.379307217391305, "_log_softmax": 0.008631608695652174, "to": 0.0, "index": 0.7836913695652173, "nll_loss_forward": 0.06211536956521737, "zero_": 0.19178376086956522, "torch::autograd::GraphRoot": 0.0, "nll_loss_backward": 0.15006345652173916, "empty": 0.0, "_index_put_impl_": 0.8566808260869563, "_log_softmax_backward_data": 0.003742260869565217, "add_": 0.22507980434782607, "_thnn_fused_gru_cell_backward": 2.5366973913043473, "add": 0.9634639999999999, "gather": 10.700510347826087, "index_add_": 5.972052391304349, "mul_": 0.16950180434782608, "addcmul_": 0.08729365217391304, "sqrt": 0.05440276086956521, "div": 0.04966580434782609, "addcdiv_": 0.14381704347826085, "is_floating_point": 0.0, "_local_scalar_dense": 0.008499956521739132, "max": 0.016152391304347823, "eq": 0.007018608695652173, "sum": 0.1268961521739131, "is_complex": 0.0}