{"mm": 34.78709047727273, "select": 0.0, "index_select": 2.768031977272727, "unsqueeze": 0.0, "expand": 0.0, "scatter_add_": 3.7940124772727275, "t": 0.0, "_thnn_fused_gru_cell": 4.34469984090909, "_log_softmax": 0.008622545454545457, "to": 0.0, "index": 0.8458476818181818, "nll_loss_forward": 0.19377511363636366, "zero_": 0.19166538636363634, "torch::autograd::GraphRoot": 0.0, "nll_loss_backward": 0.23779579545454538, "empty": 0.0, "_index_put_impl_": 0.9521465909090907, "_log_softmax_backward_data": 0.0037581363636363624, "add_": 0.06395331818181818, "_thnn_fused_gru_cell_backward": 3.253495272727273, "add": 1.0285969545454547, "gather": 2.0908508181818184, "index_add_": 1.299699022727273, "mul_": 0.05333088636363636, "addcmul_": 0.01923897727272727, "sqrt": 0.01916565909090909, "div": 0.017170840909090903, "addcdiv_": 0.03223122727272727, "is_floating_point": 0.0, "_local_scalar_dense": 0.008659477272727272, "max": 0.030938249999999997, "eq": 0.006767431818181817, "sum": 0.15690275, "is_complex": 0.0}