{"mm": 62.78776813043478, "select": 0.0, "index_select": 7.980181173913041, "unsqueeze": 0.0, "expand": 0.0, "scatter_add_": 11.10684847826087, "t": 0.0, "_thnn_fused_gru_cell": 3.7892668478260876, "_log_softmax": 0.020289673913043475, "to": 0.0, "index": 0.8672593260869566, "nll_loss_forward": 0.28216208695652173, "zero_": 0.18276936956521744, "torch::autograd::GraphRoot": 0.0, "nll_loss_backward": 0.491624652173913, "empty": 0.0, "_index_put_impl_": 1.035981956521739, "_log_softmax_backward_data": 0.009005760869565215, "add_": 0.16765336956521742, "_thnn_fused_gru_cell_backward": 2.868973130434783, "add": 0.9295149347826086, "gather": 6.295194804347826, "index_add_": 3.164299065217392, "mul_": 0.09713676086956526, "addcmul_": 0.0648185, "sqrt": 0.049894478260869575, "div": 0.04666932608695652, "addcdiv_": 0.08904402173913041, "is_floating_point": 0.0, "_local_scalar_dense": 0.009190326086956522, "max": 0.05392834782608695, "eq": 0.007636826086956522, "sum": 0.1672098260869565, "is_complex": 0.0}