{"mm": 2.818372734693878, "select": 0.0, "index_select": 1.156335530612245, "unsqueeze": 0.0, "expand": 0.0, "scatter_add_": 1.4439226938775511, "t": 0.0, "_thnn_fused_gru_cell": 0.2030561020408163, "_log_softmax": 0.021292448979591833, "to": 0.0, "index": 1.0265878163265307, "nll_loss_forward": 0.14101181632653056, "zero_": 0.029178653061224486, "torch::autograd::GraphRoot": 0.0, "nll_loss_backward": 0.18592653061224493, "empty": 0.0, "_index_put_impl_": 0.7628567959183675, "_log_softmax_backward_data": 0.007971836734693878, "add_": 0.04950038775510203, "_thnn_fused_gru_cell_backward": 0.3835732857142857, "add": 0.05494836734693877, "gather": 0.9107206734693877, "index_add_": 0.46105177551020404, "mul_": 0.034636102040816324, "addcmul_": 0.017052571428571427, "sqrt": 0.019867489795918365, "div": 0.01565012244897959, "addcdiv_": 0.023448673469387758, "is_floating_point": 0.0, "_local_scalar_dense": 0.009851877551020407, "max": 0.03239536734693878, "eq": 0.00862426530612245, "sum": 0.18872987755102041, "is_complex": 0.0}