{"mm": 1.6442470212765958, "select": 0.0, "index_select": 0.6219968723404256, "unsqueeze": 0.0, "expand": 0.0, "scatter_add_": 0.8481922340425533, "t": 0.0, "_thnn_fused_gru_cell": 0.11395517021276595, "_log_softmax": 0.01121863829787234, "to": 0.0, "index": 0.981036574468085, "nll_loss_forward": 0.09833178723404251, "zero_": 0.031142468085106387, "torch::autograd::GraphRoot": 0.0, "nll_loss_backward": 0.13594536170212768, "empty": 0.0, "_index_put_impl_": 0.6037762127659575, "_log_softmax_backward_data": 0.005028191489361703, "add_": 0.05756753191489361, "_thnn_fused_gru_cell_backward": 0.32034119148936163, "add": 0.058810085106382984, "gather": 0.4975147021276596, "index_add_": 0.25747993617021275, "mul_": 0.03946976595744682, "addcmul_": 0.020266340425531913, "sqrt": 0.02223559574468085, "div": 0.01836648936170212, "addcdiv_": 0.028270000000000003, "is_floating_point": 0.0, "_local_scalar_dense": 0.009881595744680853, "max": 0.026301531914893622, "eq": 0.010252148936170212, "sum": 0.1796889361702128, "is_complex": 0.0}