{"mm": 628.5464064897958, "select": 0.0, "index_select": 62.18166236734695, "unsqueeze": 0.0, "expand": 0.0, "scatter_add_": 85.74274963265309, "t": 0.0, "_thnn_fused_gru_cell": 38.87955973469388, "_log_softmax": 0.05276324489795919, "to": 0.0, "index": 1.962035020408164, "nll_loss_forward": 0.7288773061224489, "zero_": 1.638699632653061, "torch::autograd::GraphRoot": 0.0, "nll_loss_backward": 0.8994381224489796, "empty": 0.0, "_index_put_impl_": 1.3225969183673467, "_log_softmax_backward_data": 0.03842720408163266, "add_": 0.22818414285714286, "_thnn_fused_gru_cell_backward": 28.806111346938774, "add": 8.858841795918368, "gather": 46.76666300000002, "index_add_": 36.27865510204081, "mul_": 0.16516628571428565, "addcmul_": 0.08595157142857143, "sqrt": 0.05583642857142857, "div": 0.05217928571428571, "addcdiv_": 0.1501286734693877, "is_floating_point": 0.0, "_local_scalar_dense": 0.009599877551020408, "max": 0.1339011224489796, "eq": 0.010018938775510203, "sum": 0.24827316326530607, "is_complex": 0.0}