{"mm": 4.121954761904763, "select": 0.0, "index_select": 3.173116357142856, "unsqueeze": 0.0, "expand": 0.0, "scatter_add_": 3.8743247142857133, "t": 0.0, "_thnn_fused_gru_cell": 0.7808445476190476, "_log_softmax": 0.011541785714285718, "to": 0.0, "index": 0.9692721904761902, "nll_loss_forward": 0.08102728571428569, "zero_": 0.038021761904761905, "torch::autograd::GraphRoot": 0.0, "nll_loss_backward": 0.1377397619047619, "empty": 0.0, "_index_put_impl_": 0.9577114047619046, "_log_softmax_backward_data": 0.004604642857142858, "add_": 0.03252469047619048, "_thnn_fused_gru_cell_backward": 0.6250334285714284, "add": 0.18518926190476193, "gather": 2.4228136428571427, "index_add_": 1.3933982142857144, "mul_": 0.022856857142857144, "addcmul_": 0.01024495238095238, "sqrt": 0.011315595238095237, "div": 0.010066, "addcdiv_": 0.014818095238095238, "is_floating_point": 0.0, "_local_scalar_dense": 0.007299142857142856, "max": 0.017957333333333343, "eq": 0.005043285714285714, "sum": 0.1603959523809524, "is_complex": 0.0}