{"mm": 196.29424572340423, "select": 0.0, "index_select": 27.04953095744681, "unsqueeze": 0.0, "expand": 0.0, "scatter_add_": 44.13049927659574, "t": 0.0, "_thnn_fused_gru_cell": 6.719578531914894, "_log_softmax": 0.00948006382978723, "to": 0.0, "index": 1.0019728723404253, "nll_loss_forward": 0.07066853191489363, "zero_": 0.4993737659574467, "torch::autograd::GraphRoot": 0.0, "nll_loss_backward": 0.1710162978723404, "empty": 0.0, "_index_put_impl_": 0.9589347659574471, "_log_softmax_backward_data": 0.004002489361702126, "add_": 1.1594626808510642, "_thnn_fused_gru_cell_backward": 5.062885063829786, "add": 2.3201145531914893, "gather": 22.44612925531915, "index_add_": 14.182436425531913, "mul_": 0.6053978510638298, "addcmul_": 0.43392134042553177, "sqrt": 0.2937522978723405, "div": 0.29225806382978714, "addcdiv_": 0.5854844468085106, "is_floating_point": 0.0, "_local_scalar_dense": 0.009300787234042556, "max": 0.017940276595744684, "eq": 0.007884106382978725, "sum": 0.15629104255319148, "is_complex": 0.0}