{"mm": 2.434114551020408, "select": 0.0, "index_select": 1.7816103265306122, "unsqueeze": 0.0, "expand": 0.0, "scatter_add_": 2.2366076326530613, "t": 0.0, "_thnn_fused_gru_cell": 0.43907051020408167, "_log_softmax": 0.007000755102040815, "to": 0.0, "index": 0.8644967346938779, "nll_loss_forward": 0.0617249387755102, "zero_": 0.02822881632653061, "torch::autograd::GraphRoot": 0.0, "nll_loss_backward": 0.10069555102040818, "empty": 0.0, "_index_put_impl_": 0.64305, "_log_softmax_backward_data": 0.0032056122448979583, "add_": 0.04006057142857143, "_thnn_fused_gru_cell_backward": 0.4081130408163266, "add": 0.09773920408163266, "gather": 1.3555725510204077, "index_add_": 0.7569149795918364, "mul_": 0.027975061224489808, "addcmul_": 0.013301081632653061, "sqrt": 0.014380489795918366, "div": 0.012014693877551014, "addcdiv_": 0.018504387755102044, "is_floating_point": 0.0, "_local_scalar_dense": 0.008188693877551022, "max": 0.015604224489795919, "eq": 0.0067109795918367365, "sum": 0.14950451020408168, "is_complex": 0.0}