{"mm": 5.15409482, "select": 0.0, "index_select": 0.72964282, "unsqueeze": 0.0, "expand": 0.0, "scatter_add_": 0.90628782, "t": 0.0, "_thnn_fused_gru_cell": 1.1081216799999993, "_log_softmax": 0.0077823, "to": 0.0, "index": 1.02740504, "nll_loss_forward": 0.18981126000000004, "zero_": 0.056065220000000006, "torch::autograd::GraphRoot": 0.0, "nll_loss_backward": 0.23879425999999998, "empty": 0.0, "_index_put_impl_": 0.8896731399999999, "_log_softmax_backward_data": 0.0033693400000000024, "add_": 0.039800800000000004, "_thnn_fused_gru_cell_backward": 0.8869188800000001, "add": 0.27373352000000006, "gather": 0.5378267, "index_add_": 0.33900583999999995, "mul_": 0.02735602, "addcmul_": 0.013394139999999997, "sqrt": 0.014569480000000001, "div": 0.01204636, "addcdiv_": 0.019156179999999995, "is_floating_point": 0.0, "_local_scalar_dense": 0.008159779999999998, "max": 0.030584579999999993, "eq": 0.0066764200000000015, "sum": 0.19854433999999999, "is_complex": 0.0}