{"mm": 858.1126102000001, "select": 0.0, "index_select": 56.553856299999985, "unsqueeze": 0.0, "expand": 0.0, "scatter_add_": 88.86453497999999, "t": 0.0, "_thnn_fused_gru_cell": 13.379829460000002, "_log_softmax": 0.010222959999999996, "to": 0.0, "index": 1.00607916, "nll_loss_forward": 0.08232795999999999, "zero_": 1.43925354, "torch::autograd::GraphRoot": 0.0, "nll_loss_backward": 0.1841486, "empty": 0.0, "_index_put_impl_": 0.9409425599999999, "_log_softmax_backward_data": 0.004477139999999999, "add_": 4.465278060000001, "_thnn_fused_gru_cell_backward": 10.16620126, "add": 6.187472039999998, "gather": 47.17490732, "index_add_": 31.249612319999986, "mul_": 2.27922908, "addcmul_": 1.6647601400000003, "sqrt": 1.1358408000000002, "div": 1.14101056, "addcdiv_": 2.2089288, "is_floating_point": 0.0, "_local_scalar_dense": 0.009892799999999997, "max": 0.02081100000000001, "eq": 0.008698200000000003, "sum": 0.16479736, "is_complex": 0.0}