{"mm": 22.144702227272735, "select": 0.0, "index_select": 0.9083987727272728, "unsqueeze": 0.0, "expand": 0.0, "scatter_add_": 1.0620052500000003, "t": 0.0, "_thnn_fused_gru_cell": 0.5069867045454545, "_log_softmax": 0.015514204545454546, "to": 0.0, "index": 0.8319153409090909, "nll_loss_forward": 0.20709031818181825, "zero_": 0.027342909090909084, "torch::autograd::GraphRoot": 0.0, "nll_loss_backward": 0.2597502272727272, "empty": 0.0, "_index_put_impl_": 0.9796512727272728, "_log_softmax_backward_data": 0.008014545454545456, "add_": 0.03725843181818182, "_thnn_fused_gru_cell_backward": 0.5180918409090908, "add": 0.10537431818181821, "gather": 0.6946188863636363, "index_add_": 0.4054794318181818, "mul_": 0.025665204545454536, "addcmul_": 0.011436022727272725, "sqrt": 0.01263434090909091, "div": 0.010266068181818182, "addcdiv_": 0.01583809090909091, "is_floating_point": 0.0, "_local_scalar_dense": 0.007414522727272726, "max": 0.03908595454545454, "eq": 0.00579065909090909, "sum": 0.15609836363636365, "is_complex": 0.0}