{"mm": 6.845230139534885, "select": 0.0, "index_select": 1.6245213255813953, "unsqueeze": 0.0, "expand": 0.0, "scatter_add_": 2.886055837209302, "t": 0.0, "_thnn_fused_gru_cell": 1.2838767441860464, "_log_softmax": 0.05491527906976746, "to": 0.0, "index": 0.8523640465116281, "nll_loss_forward": 0.510721023255814, "zero_": 0.06267313953488372, "torch::autograd::GraphRoot": 0.0, "nll_loss_backward": 0.4061923953488372, "empty": 0.0, "_index_put_impl_": 0.9630673953488373, "_log_softmax_backward_data": 0.037121023255813956, "add_": 0.029480674418604656, "_thnn_fused_gru_cell_backward": 1.0121725348837212, "add": 0.28498293023255805, "gather": 1.3666785813953486, "index_add_": 0.822016, "mul_": 0.02010748837209303, "addcmul_": 0.010055186046511629, "sqrt": 0.011201023255813953, "div": 0.009416139534883725, "addcdiv_": 0.013525162790697673, "is_floating_point": 0.0, "_local_scalar_dense": 0.007259767441860465, "max": 0.0862171395348837, "eq": 0.006663418604651163, "sum": 0.18787732558139536, "is_complex": 0.0}