{"mm": 10.107181785714287, "select": 0.0, "index_select": 1.3074174999999997, "unsqueeze": 0.0, "expand": 0.0, "scatter_add_": 1.6699888095238098, "t": 0.0, "_thnn_fused_gru_cell": 2.1921803333333334, "_log_softmax": 0.007363095238095237, "to": 0.0, "index": 0.895068833333333, "nll_loss_forward": 0.16830454761904756, "zero_": 0.09860873809523808, "torch::autograd::GraphRoot": 0.0, "nll_loss_backward": 0.2117376904761905, "empty": 0.0, "_index_put_impl_": 0.9008717380952381, "_log_softmax_backward_data": 0.0029894761904761917, "add_": 0.04195719047619049, "_thnn_fused_gru_cell_backward": 1.665720071428571, "add": 0.523158261904762, "gather": 0.9696730476190477, "index_add_": 0.6326205238095239, "mul_": 0.02866852380952381, "addcmul_": 0.01299766666666667, "sqrt": 0.013632261904761906, "div": 0.012308023809523809, "addcdiv_": 0.018316238095238097, "is_floating_point": 0.0, "_local_scalar_dense": 0.007885714285714286, "max": 0.026611738095238084, "eq": 0.0059782142857142855, "sum": 0.16600471428571426, "is_complex": 0.0}