{"mm": 2.568185980000001, "select": 0.0, "index_select": 1.8748663599999997, "unsqueeze": 0.0, "expand": 0.0, "scatter_add_": 2.3732763399999994, "t": 0.0, "_thnn_fused_gru_cell": 0.39495282, "_log_softmax": 0.0173621, "to": 0.0, "index": 0.9439255200000001, "nll_loss_forward": 0.10821360000000008, "zero_": 0.027939979999999996, "torch::autograd::GraphRoot": 0.0, "nll_loss_backward": 0.15666915999999997, "empty": 0.0, "_index_put_impl_": 0.7457104999999999, "_log_softmax_backward_data": 0.0061491800000000015, "add_": 0.03951948000000002, "_thnn_fused_gru_cell_backward": 0.3930879399999999, "add": 0.08254614000000002, "gather": 1.4952224599999997, "index_add_": 0.7969372800000002, "mul_": 0.02667447999999999, "addcmul_": 0.013054699999999997, "sqrt": 0.014288259999999999, "div": 0.012203059999999996, "addcdiv_": 0.018747579999999996, "is_floating_point": 0.0, "_local_scalar_dense": 0.008144700000000003, "max": 0.024676180000000002, "eq": 0.00651648, "sum": 0.16770320000000002, "is_complex": 0.0}