{"mm": 591.4791661632651, "select": 0.0, "index_select": 32.15110987755103, "unsqueeze": 0.0, "expand": 0.0, "scatter_add_": 41.524912428571426, "t": 0.0, "_thnn_fused_gru_cell": 73.0323357142857, "_log_softmax": 0.3130039183673469, "to": 0.0, "index": 2.7358362653061223, "nll_loss_forward": 4.680872224489795, "zero_": 3.026394979591837, "torch::autograd::GraphRoot": 0.0, "nll_loss_backward": 4.337809244897959, "empty": 0.0, "_index_put_impl_": 1.7933747142857146, "_log_softmax_backward_data": 0.19421577551020403, "add_": 0.06808524489795915, "_thnn_fused_gru_cell_backward": 53.777108387755106, "add": 16.265377489795917, "gather": 25.19122297959184, "index_add_": 19.654191734693885, "mul_": 0.052270204081632646, "addcmul_": 0.021432, "sqrt": 0.023018979591836745, "div": 0.018875122448979594, "addcdiv_": 0.039915530612244905, "is_floating_point": 0.0, "_local_scalar_dense": 0.009381448979591839, "max": 0.4709751428571429, "eq": 0.02486157142857143, "sum": 0.24905414285714292, "is_complex": 0.0}