{"mm": 1667.7703305200005, "select": 0.0, "index_select": 117.66083326000003, "unsqueeze": 0.0, "expand": 0.0, "scatter_add_": 182.42208383999994, "t": 0.0, "_thnn_fused_gru_cell": 23.965703080000004, "_log_softmax": 0.021819480000000002, "to": 0.0, "index": 3.432285560000001, "nll_loss_forward": 0.1478824199999999, "zero_": 1.8725124800000004, "torch::autograd::GraphRoot": 0.0, "nll_loss_backward": 0.27384084000000003, "empty": 0.0, "_index_put_impl_": 1.044228, "_log_softmax_backward_data": 0.00914484, "add_": 4.473810400000001, "_thnn_fused_gru_cell_backward": 18.39863344, "add": 8.544844700000002, "gather": 96.54830462000001, "index_add_": 65.125226, "mul_": 2.28391812, "addcmul_": 1.6660695199999993, "sqrt": 1.13634486, "div": 1.1437083599999998, "addcdiv_": 2.21509826, "is_floating_point": 0.0, "_local_scalar_dense": 0.0100123, "max": 0.03285724, "eq": 0.008923379999999998, "sum": 0.16463730000000001, "is_complex": 0.0}