{"mm": 155.27318193877554, "select": 0.0, "index_select": 28.250003897959196, "unsqueeze": 0.0, "expand": 0.0, "scatter_add_": 42.19495308163263, "t": 0.0, "_thnn_fused_gru_cell": 19.616328530612243, "_log_softmax": 0.05073495918367345, "to": 0.0, "index": 1.0655153061224494, "nll_loss_forward": 0.6491333469387756, "zero_": 0.8121354693877553, "torch::autograd::GraphRoot": 0.0, "nll_loss_backward": 0.8318051632653063, "empty": 0.0, "_index_put_impl_": 1.181423081632653, "_log_softmax_backward_data": 0.03753318367346939, "add_": 0.06985473469387754, "_thnn_fused_gru_cell_backward": 14.472299122448982, "add": 4.416440734693879, "gather": 22.47119940816327, "index_add_": 16.563437857142862, "mul_": 0.05571038775510203, "addcmul_": 0.02446969387755102, "sqrt": 0.02289097959183673, "div": 0.019867408163265307, "addcdiv_": 0.04007408163265306, "is_floating_point": 0.0, "_local_scalar_dense": 0.008776428571428572, "max": 0.11855934693877551, "eq": 0.008843775510204082, "sum": 0.21852236734693875, "is_complex": 0.0}