{"mm": 19.239399260869565, "select": 0.0, "index_select": 3.566761239130435, "unsqueeze": 0.0, "expand": 0.0, "scatter_add_": 5.180740304347825, "t": 0.0, "_thnn_fused_gru_cell": 9.280410152173912, "_log_softmax": 0.28841900000000004, "to": 0.0, "index": 1.2984668913043478, "nll_loss_forward": 3.9348551739130424, "zero_": 0.4330354130434782, "torch::autograd::GraphRoot": 0.0, "nll_loss_backward": 3.6613696739130437, "empty": 0.0, "_index_put_impl_": 1.6069506956521737, "_log_softmax_backward_data": 0.19494984782608696, "add_": 0.03243278260869565, "_thnn_fused_gru_cell_backward": 6.83693510869565, "add": 2.077606239130434, "gather": 2.623179, "index_add_": 1.8393837826086956, "mul_": 0.021831608695652174, "addcmul_": 0.010486826086956518, "sqrt": 0.012281913043478265, "div": 0.010101391304347826, "addcdiv_": 0.01435297826086956, "is_floating_point": 0.0, "_local_scalar_dense": 0.00773378260869565, "max": 0.35024636956521726, "eq": 0.023122869565217388, "sum": 0.2135317173913044, "is_complex": 0.0}