{"mm": 1443.7798465999995, "select": 0.0, "index_select": 67.13920854000003, "unsqueeze": 0.0, "expand": 0.0, "scatter_add_": 96.79778977999996, "t": 0.0, "_thnn_fused_gru_cell": 30.081164599999987, "_log_softmax": 0.023801439999999997, "to": 0.0, "index": 2.9099788199999996, "nll_loss_forward": 0.3286520599999999, "zero_": 1.59100272, "torch::autograd::GraphRoot": 0.0, "nll_loss_backward": 0.54260184, "empty": 0.0, "_index_put_impl_": 1.13222918, "_log_softmax_backward_data": 0.010349080000000002, "add_": 2.1783608599999997, "_thnn_fused_gru_cell_backward": 22.415004140000004, "add": 7.874089900000001, "gather": 51.50831103999999, "index_add_": 39.9242822, "mul_": 1.1128003599999998, "addcmul_": 0.81528154, "sqrt": 0.5575384, "div": 0.5577191400000001, "addcdiv_": 1.0838845799999999, "is_floating_point": 0.0, "_local_scalar_dense": 0.010057959999999998, "max": 0.06419122, "eq": 0.008662799999999998, "sum": 0.18630916, "is_complex": 0.0}