{"mm": 2753.4121782600005, "select": 0.0, "index_select": 120.87789644, "unsqueeze": 0.0, "expand": 0.0, "scatter_add_": 170.80556392, "t": 0.0, "_thnn_fused_gru_cell": 77.69045333999999, "_log_softmax": 0.05618188000000001, "to": 0.0, "index": 4.987125439999999, "nll_loss_forward": 0.7825757799999999, "zero_": 3.3795653400000005, "torch::autograd::GraphRoot": 0.0, "nll_loss_backward": 0.9453672000000002, "empty": 0.0, "_index_put_impl_": 1.2389108199999996, "_log_softmax_backward_data": 0.038326639999999995, "add_": 1.12926254, "_thnn_fused_gru_cell_backward": 57.61751868, "add": 18.04825556, "gather": 92.39988062000002, "index_add_": 81.70178058000002, "mul_": 0.5908249, "addcmul_": 0.4214272199999998, "sqrt": 0.2880281600000001, "div": 0.28639934, "addcdiv_": 0.57269556, "is_floating_point": 0.0, "_local_scalar_dense": 0.00991846, "max": 0.15104981999999997, "eq": 0.010789520000000004, "sum": 0.26659177999999994, "is_complex": 0.0}