{"mm": 18.428264444444444, "select": 0.0, "index_select": 6.905218333333332, "unsqueeze": 0.0, "expand": 0.0, "scatter_add_": 9.963593355555556, "t": 0.0, "_thnn_fused_gru_cell": 4.937085800000001, "_log_softmax": 0.052082755555555554, "to": 0.0, "index": 0.9034688222222218, "nll_loss_forward": 0.6160994666666667, "zero_": 0.21501957777777778, "torch::autograd::GraphRoot": 0.0, "nll_loss_backward": 0.5106384666666667, "empty": 0.0, "_index_put_impl_": 1.023315022222222, "_log_softmax_backward_data": 0.03781115555555555, "add_": 0.03943411111111111, "_thnn_fused_gru_cell_backward": 3.6700727111111116, "add": 1.11982, "gather": 5.490508911111111, "index_add_": 3.3747426, "mul_": 0.026007999999999996, "addcmul_": 0.01264091111111111, "sqrt": 0.013869022222222218, "div": 0.01157862222222222, "addcdiv_": 0.01765086666666666, "is_floating_point": 0.0, "_local_scalar_dense": 0.008380422222222222, "max": 0.11040904444444447, "eq": 0.008113822222222221, "sum": 0.2128304666666666, "is_complex": 0.0}