{"mm": 2.90476072, "select": 0.0, "index_select": 0.26696246, "unsqueeze": 0.0, "expand": 0.0, "scatter_add_": 0.3342947399999999, "t": 0.0, "_thnn_fused_gru_cell": 0.29905808, "_log_softmax": 0.011735200000000001, "to": 0.0, "index": 1.3083875199999997, "nll_loss_forward": 0.2991221600000001, "zero_": 0.035049640000000014, "torch::autograd::GraphRoot": 0.0, "nll_loss_backward": 0.34296650000000006, "empty": 0.0, "_index_put_impl_": 0.7934112400000001, "_log_softmax_backward_data": 0.005325079999999998, "add_": 0.05578482, "_thnn_fused_gru_cell_backward": 0.40198764, "add": 0.07800909999999998, "gather": 0.20174418, "index_add_": 0.10449871999999999, "mul_": 0.03782626000000001, "addcmul_": 0.01973788, "sqrt": 0.022491780000000006, "div": 0.018215520000000006, "addcdiv_": 0.027038880000000005, "is_floating_point": 0.0, "_local_scalar_dense": 0.00999002, "max": 0.05246952000000001, "eq": 0.01038294, "sum": 0.22315896, "is_complex": 0.0}