{"mm": 166.23902991666668, "select": 0.0, "index_select": 16.28480491666667, "unsqueeze": 0.0, "expand": 0.0, "scatter_add_": 20.582256854166662, "t": 0.0, "_thnn_fused_gru_cell": 36.652122562500004, "_log_softmax": 0.3101051458333333, "to": 0.0, "index": 1.4343956875000003, "nll_loss_forward": 4.6682155625, "zero_": 1.5468631458333333, "torch::autograd::GraphRoot": 0.0, "nll_loss_backward": 4.31767075, "empty": 0.0, "_index_put_impl_": 1.7206100625000003, "_log_softmax_backward_data": 0.1941969166666666, "add_": 0.05223812499999999, "_thnn_fused_gru_cell_backward": 27.032391958333335, "add": 8.1620074375, "gather": 12.62727864583333, "index_add_": 8.457313708333336, "mul_": 0.035894, "addcmul_": 0.017312874999999995, "sqrt": 0.018331083333333335, "div": 0.01609860416666667, "addcdiv_": 0.02384308333333333, "is_floating_point": 0.0, "_local_scalar_dense": 0.009386520833333337, "max": 0.46773420833333335, "eq": 0.02509620833333333, "sum": 0.23783164583333327, "is_complex": 0.0}