{"mm": 23.679835600000004, "select": 0.0, "index_select": 13.110347111111112, "unsqueeze": 0.0, "expand": 0.0, "scatter_add_": 19.88696433333333, "t": 0.0, "_thnn_fused_gru_cell": 3.047553733333334, "_log_softmax": 0.014746533333333336, "to": 0.0, "index": 0.979340311111111, "nll_loss_forward": 0.09814933333333328, "zero_": 0.13822502222222224, "torch::autograd::GraphRoot": 0.0, "nll_loss_backward": 0.15881848888888886, "empty": 0.0, "_index_put_impl_": 1.0433116222222225, "_log_softmax_backward_data": 0.007555599999999999, "add_": 0.06372717777777777, "_thnn_fused_gru_cell_backward": 2.2917246, "add": 0.738021, "gather": 10.7750084, "index_add_": 5.917167577777776, "mul_": 0.05475335555555554, "addcmul_": 0.018101555555555558, "sqrt": 0.01824266666666667, "div": 0.01637688888888889, "addcdiv_": 0.038420755555555554, "is_floating_point": 0.0, "_local_scalar_dense": 0.008149311111111111, "max": 0.02215702222222223, "eq": 0.006028288888888888, "sum": 0.14831988888888895, "is_complex": 0.0}