{"mm": 560.7845410000001, "select": 0.0, "index_select": 12.136228145833334, "unsqueeze": 0.0, "expand": 0.0, "scatter_add_": 17.34745975, "t": 0.0, "_thnn_fused_gru_cell": 17.223761500000002, "_log_softmax": 0.010907875000000003, "to": 0.0, "index": 1.0748179375, "nll_loss_forward": 0.24626752083333345, "zero_": 0.9260575625, "torch::autograd::GraphRoot": 0.0, "nll_loss_backward": 0.4208617083333332, "empty": 0.0, "_index_put_impl_": 1.2173083541666672, "_log_softmax_backward_data": 0.004528895833333333, "add_": 1.1247402291666664, "_thnn_fused_gru_cell_backward": 12.885505375, "add": 4.61840475, "gather": 9.263714937500001, "index_add_": 5.987559791666666, "mul_": 0.5868987291666666, "addcmul_": 0.4180426458333333, "sqrt": 0.2855265833333334, "div": 0.28376000000000007, "addcdiv_": 0.5674408958333333, "is_floating_point": 0.0, "_local_scalar_dense": 0.009845208333333336, "max": 0.03967620833333332, "eq": 0.008628499999999997, "sum": 0.19621514583333333, "is_complex": 0.0}