{"mm": 3.2303689347826094, "select": 0.0, "index_select": 0.4724084565217391, "unsqueeze": 0.0, "expand": 0.0, "scatter_add_": 0.5618659782608696, "t": 0.0, "_thnn_fused_gru_cell": 0.5595427173913042, "_log_softmax": 0.009839869565217391, "to": 0.0, "index": 1.0210757391304348, "nll_loss_forward": 0.25434952173913034, "zero_": 0.0388275652173913, "torch::autograd::GraphRoot": 0.0, "nll_loss_backward": 0.28691443478260875, "empty": 0.0, "_index_put_impl_": 0.6828163260869564, "_log_softmax_backward_data": 0.004430826086956519, "add_": 0.05078697826086957, "_thnn_fused_gru_cell_backward": 0.4981695869565217, "add": 0.13571967391304343, "gather": 0.3481985000000001, "index_add_": 0.18667310869565218, "mul_": 0.03372645652173914, "addcmul_": 0.01686584782608696, "sqrt": 0.01872230434782608, "div": 0.015414239130434784, "addcdiv_": 0.023136804347826077, "is_floating_point": 0.0, "_local_scalar_dense": 0.00979589130434782, "max": 0.04162058695652174, "eq": 0.008863934782608695, "sum": 0.1940538260869565, "is_complex": 0.0}