{"mm": 2471.45562964, "select": 0.0, "index_select": 24.641794339999997, "unsqueeze": 0.0, "expand": 0.0, "scatter_add_": 34.85580828000001, "t": 0.0, "_thnn_fused_gru_cell": 34.400479999999995, "_log_softmax": 0.011460880000000007, "to": 0.0, "index": 3.695732060000001, "nll_loss_forward": 0.2577662599999999, "zero_": 2.2824156200000005, "torch::autograd::GraphRoot": 0.0, "nll_loss_backward": 0.42664185999999993, "empty": 0.0, "_index_put_impl_": 1.1149666000000003, "_log_softmax_backward_data": 0.004684959999999999, "add_": 4.3964452, "_thnn_fused_gru_cell_backward": 26.512191799999997, "add": 10.825538900000003, "gather": 18.727476420000002, "index_add_": 14.299272980000001, "mul_": 2.2464246800000005, "addcmul_": 1.6396500999999999, "sqrt": 1.12046634, "div": 1.12446648, "addcdiv_": 2.1784235, "is_floating_point": 0.0, "_local_scalar_dense": 0.010004880000000002, "max": 0.04595438000000002, "eq": 0.00938476, "sum": 0.17697764, "is_complex": 0.0}