{"mm": 1.7756547346938776, "select": 0.0, "index_select": 1.1052757142857141, "unsqueeze": 0.0, "expand": 0.0, "scatter_add_": 1.4189557959183665, "t": 0.0, "_thnn_fused_gru_cell": 0.22463777551020406, "_log_softmax": 0.009562040816326531, "to": 0.0, "index": 0.967454448979592, "nll_loss_forward": 0.08336418367346936, "zero_": 0.029291183673469386, "torch::autograd::GraphRoot": 0.0, "nll_loss_backward": 0.12773236734693882, "empty": 0.0, "_index_put_impl_": 0.6187491836734694, "_log_softmax_backward_data": 0.004260306122448977, "add_": 0.04952734693877551, "_thnn_fused_gru_cell_backward": 0.34678373469387763, "add": 0.058798897959183694, "gather": 0.8768670204081633, "index_add_": 0.438755693877551, "mul_": 0.034711122448979594, "addcmul_": 0.01686369387755102, "sqrt": 0.019537734693877557, "div": 0.015962020408163267, "addcdiv_": 0.023747816326530606, "is_floating_point": 0.0, "_local_scalar_dense": 0.009774122448979593, "max": 0.021567979591836733, "eq": 0.009048673469387756, "sum": 0.17184444897959186, "is_complex": 0.0}