{"mm": 372.2438020833334, "select": 0.0, "index_select": 56.14026345833332, "unsqueeze": 0.0, "expand": 0.0, "scatter_add_": 92.57264558333331, "t": 0.0, "_thnn_fused_gru_cell": 11.988691583333333, "_log_softmax": 0.020087541666666663, "to": 0.0, "index": 1.147376729166667, "nll_loss_forward": 0.1350970625, "zero_": 0.7214198125000001, "torch::autograd::GraphRoot": 0.0, "nll_loss_backward": 0.2646910625, "empty": 0.0, "_index_put_impl_": 1.1294081875, "_log_softmax_backward_data": 0.007884583333333335, "add_": 1.1639008958333332, "_thnn_fused_gru_cell_backward": 8.99696275, "add": 3.4935071249999994, "gather": 48.00947285416667, "index_add_": 32.022748354166644, "mul_": 0.6072675624999999, "addcmul_": 0.43530339583333344, "sqrt": 0.29717231250000015, "div": 0.2950297708333333, "addcdiv_": 0.5856956875000001, "is_floating_point": 0.0, "_local_scalar_dense": 0.009729020833333338, "max": 0.030517020833333325, "eq": 0.00831116666666667, "sum": 0.17052562500000001, "is_complex": 0.0}