{"mm": 13.07368728888889, "select": 0.0, "index_select": 6.265427555555558, "unsqueeze": 0.0, "expand": 0.0, "scatter_add_": 8.955606422222223, "t": 0.0, "_thnn_fused_gru_cell": 1.7074475333333339, "_log_softmax": 0.0066645333333333326, "to": 0.0, "index": 0.8154897333333332, "nll_loss_forward": 0.05492193333333337, "zero_": 0.08267131111111113, "torch::autograd::GraphRoot": 0.0, "nll_loss_backward": 0.11720526666666665, "empty": 0.0, "_index_put_impl_": 0.9292841333333329, "_log_softmax_backward_data": 0.003048333333333334, "add_": 0.06071184444444446, "_thnn_fused_gru_cell_backward": 1.3005121555555557, "add": 0.447010911111111, "gather": 5.046326755555556, "index_add_": 2.7284431111111114, "mul_": 0.05426442222222224, "addcmul_": 0.01824046666666667, "sqrt": 0.018110866666666666, "div": 0.016512755555555553, "addcdiv_": 0.03997208888888889, "is_floating_point": 0.0, "_local_scalar_dense": 0.00789557777777778, "max": 0.013976022222222224, "eq": 0.00587031111111111, "sum": 0.14464735555555558, "is_complex": 0.0}