,amazon-photo,pubmed,amazon-computers,coauthor-physics,flickr,com-amazon
0,2.828126717391304,1.7720462857142867,6.166312866666668,7.38371004444445,15.14269827659574,23.149418687499992
1,26.938946456521734,15.3317847755102,56.22175186666666,54.21337864444446,106.77683234042561,133.6108766041667
2,1.8762260217391316,1.038157673469387,4.034216777777778,4.792788444444442,9.532656319148936,13.637821166666663
3,0.34939502173913045,0.42099799999999993,0.25206471111111106,0.5939604444444444,0.7443895319148935,2.104239645833333
