,amazon-photo,pubmed,amazon-computers,flickr,com-amazon
0,6.023494000000002,10.479007666666671,10.580386145833335,44.089804638297906,49.944768000000025
1,204.72125516666682,73.5925954375,419.64782508333326,655.5172842553194,443.867566425532
