,amazon-photo,pubmed,amazon-computers,coauthor-physics,flickr,com-amazon
0,0.9665241521739122,1.8034115918367348,1.4501614888888894,31.125293111111105,5.9833462127659525,5.003725979166663
1,32.61121984782607,19.55948773469387,66.79473304444451,67.37651224444443,132.37899972340423,172.56627254166673
