{"select": 0.0, "ne": 0.03572862500000001, "slice": 0.0, "to": 0.0, "index": 1.5341349374999995, "unsqueeze": 0.0, "repeat": 0.019279708333333333, "cat": 8.312626020833331, "index_select": 13.233268187499997, "mm": 38.87311558333334, "view": 0.0, "mul": 11.5855774375, "sum": 5.6482741458333345, "sub": 0.05661258333333333, "exp": 0.043136729166666665, "expand": 0.0, "scatter_add_": 8.106426229166667, "add": 1.1117049375, "div": 0.22048056249999992, "clamp_": 0.007626562499999999, "is_floating_point": 0.0, "true_divide_": 0.8432743333333329, "leaky_relu": 0.075335625, "_fused_dropout": 0.04949416666666665, "_log_softmax": 0.008308645833333333, "nll_loss_forward": 0.187284875, "zero_": 0.29954922916666654, "torch::autograd::GraphRoot": 0.0, "nll_loss_backward": 0.21977725, "empty": 0.0, "_index_put_impl_": 2.9298398124999996, "_log_softmax_backward_data": 0.0033263541666666667, "t": 0.0, "add_": 0.079730125, "gather": 1.6996507291666665, "index_add_": 1.1551230625000002, "scatter_": 0.4663688333333331, "AddBackward0": 0.0, "neg": 0.036788083333333325, "clone": 1.8782691041666668, "_unsafe_view": 0.0, "_masked_scale": 0.0469004375, "leaky_relu_backward": 0.061797562499999986, "mul_": 0.052826937500000025, "addcmul_": 0.024328041666666664, "sqrt": 0.027320562499999996, "addcdiv_": 0.0328768125, "_local_scalar_dense": 0.008567833333333332, "dropout": 0.0, "max": 0.030331875000000008, "eq": 0.006762729166666665, "is_complex": 0.0}