{"select": 0.0, "ne": 0.08858424444444443, "slice": 0.0, "to": 0.0, "index": 1.6078204000000003, "unsqueeze": 0.0, "repeat": 0.023246644444444436, "cat": 4.506574888888888, "index_select": 37.50289553333333, "mm": 62.93011635555554, "view": 0.0, "mul": 6.245064044444444, "sum": 3.1937268222222226, "sub": 0.018332266666666666, "exp": 0.02737188888888888, "expand": 0.0, "scatter_add_": 19.09364355555556, "add": 0.9634394444444445, "div": 0.12855940000000002, "clamp_": 0.007854222222222223, "is_floating_point": 0.0, "true_divide_": 0.4384807777777779, "leaky_relu": 0.014344711111111113, "_fused_dropout": 0.011243088888888888, "_log_softmax": 0.007534355555555556, "nll_loss_forward": 0.06057684444444443, "zero_": 0.12511728888888884, "torch::autograd::GraphRoot": 0.0, "nll_loss_backward": 0.11752815555555556, "empty": 0.0, "_index_put_impl_": 7.161459044444442, "_log_softmax_backward_data": 0.0031236, "t": 0.0, "add_": 0.07793462222222224, "gather": 1.4400336888888887, "index_add_": 1.957863622222222, "scatter_": 0.3147994222222223, "AddBackward0": 0.0, "neg": 0.01915411111111111, "_masked_scale": 0.008927888888888891, "leaky_relu_backward": 0.01754002222222223, "mul_": 0.049841977777777775, "addcmul_": 0.02340575555555556, "sqrt": 0.02516346666666667, "addcdiv_": 0.030267711111111106, "_local_scalar_dense": 0.008610777777777776, "dropout": 0.0, "max": 0.016186311111111108, "eq": 0.006776977777777777, "is_complex": 0.0}