{"select": 0.0, "ne": 0.037291958333333326, "slice": 0.0, "to": 0.0, "index": 1.9365397916666656, "unsqueeze": 0.0, "repeat": 0.02475258333333333, "cat": 24.244661374999993, "index_select": 14.1353849375, "mm": 145.4433748541667, "view": 0.0, "mul": 46.13663660416668, "sum": 23.43996979166667, "sub": 0.33366816666666677, "exp": 0.25300083333333334, "expand": 0.0, "scatter_add_": 16.590270104166667, "add": 2.6277169375000002, "div": 0.7682846250000002, "clamp_": 0.008335979166666665, "is_floating_point": 0.0, "true_divide_": 0.9090243958333334, "leaky_relu": 0.07248272916666666, "_fused_dropout": 0.049928062500000016, "_log_softmax": 0.009221645833333335, "nll_loss_forward": 0.19990177083333335, "zero_": 0.33254037499999994, "torch::autograd::GraphRoot": 0.0, "nll_loss_backward": 0.2544267291666666, "empty": 0.0, "_index_put_impl_": 3.5197787083333316, "_log_softmax_backward_data": 0.003858875000000001, "t": 0.0, "add_": 0.12310766666666667, "gather": 5.879950354166666, "index_add_": 1.1622779374999996, "scatter_": 0.6083051041666667, "AddBackward0": 0.0, "neg": 0.22723725000000009, "clone": 7.509112416666667, "_unsafe_view": 0.0, "_masked_scale": 0.04701170833333334, "leaky_relu_backward": 0.06159302083333335, "mul_": 0.09480693750000001, "addcmul_": 0.03964345833333333, "sqrt": 0.040424791666666675, "addcdiv_": 0.06935085416666668, "_local_scalar_dense": 0.008945812499999999, "dropout": 0.0, "max": 0.031419249999999996, "eq": 0.006983354166666668, "is_complex": 0.0}