{"select": 0.0, "ne": 0.1684298695652174, "slice": 0.0, "to": 0.0, "index": 2.289633652173913, "unsqueeze": 0.0, "repeat": 0.025208260869565218, "cat": 14.653779869565218, "index_select": 92.05327260869565, "mm": 202.12517736956525, "view": 0.0, "mul": 25.53626597826086, "sum": 12.764646869565215, "sub": 0.1938270434782609, "exp": 0.1539742826086956, "expand": 0.0, "scatter_add_": 44.77365597826088, "add": 2.266839586956522, "div": 0.4815787608695651, "clamp_": 0.008831760869565216, "is_floating_point": 0.0, "true_divide_": 0.7781503260869568, "leaky_relu": 0.04766315217391304, "_fused_dropout": 0.035217630434782606, "_log_softmax": 0.014658717391304348, "nll_loss_forward": 0.10176949999999996, "zero_": 0.21193669565217393, "torch::autograd::GraphRoot": 0.0, "nll_loss_backward": 0.16499226086956523, "empty": 0.0, "_index_put_impl_": 15.829458760869567, "_log_softmax_backward_data": 0.005969478260869564, "t": 0.0, "add_": 0.10303330434782612, "gather": 4.4949181739130415, "index_add_": 4.057787500000001, "scatter_": 0.5796743913043477, "AddBackward0": 0.0, "neg": 0.13349539130434787, "clone": 4.3990434565217384, "_unsafe_view": 0.0, "_masked_scale": 0.032334499999999995, "leaky_relu_backward": 0.04361339130434783, "mul_": 0.07387426086956522, "addcmul_": 0.03589921739130436, "sqrt": 0.039347369565217394, "addcdiv_": 0.050058065217391305, "_local_scalar_dense": 0.00860454347826087, "dropout": 0.0, "max": 0.022534782608695653, "eq": 0.006089760869565218, "is_complex": 0.0}