{"select": 0.0, "ne": 0.03629979545454546, "slice": 0.0, "to": 0.0, "index": 1.6689465227272726, "unsqueeze": 0.0, "repeat": 0.021030772727272728, "cat": 13.447980795454548, "index_select": 13.582540977272732, "mm": 69.02729743181818, "view": 0.0, "mul": 23.153533590909095, "sum": 11.276872068181817, "sub": 0.1684908863636364, "exp": 0.12875852272727273, "expand": 0.0, "scatter_add_": 10.87383793181818, "add": 1.650275590909091, "div": 0.4275108636363635, "clamp_": 0.008156431818181818, "is_floating_point": 0.0, "true_divide_": 0.8729232954545453, "leaky_relu": 0.07377295454545454, "_fused_dropout": 0.05069495454545454, "_log_softmax": 0.009002159090909088, "nll_loss_forward": 0.1911054545454545, "zero_": 0.30765111363636366, "torch::autograd::GraphRoot": 0.0, "nll_loss_backward": 0.23292640909090911, "empty": 0.0, "_index_put_impl_": 3.2116914318181813, "_log_softmax_backward_data": 0.0033633181818181826, "t": 0.0, "add_": 0.08954354545454545, "gather": 3.068945, "index_add_": 1.1531455454545456, "scatter_": 0.5073638636363635, "AddBackward0": 0.0, "neg": 0.11271563636363637, "clone": 3.7581783863636358, "_unsafe_view": 0.0, "_masked_scale": 0.04682411363636363, "leaky_relu_backward": 0.06150347727272727, "mul_": 0.06316879545454543, "addcmul_": 0.027380090909090913, "sqrt": 0.027665590909090917, "addcdiv_": 0.03609400000000001, "_local_scalar_dense": 0.008821659090909088, "dropout": 0.0, "max": 0.031911022727272725, "eq": 0.007148954545454545, "is_complex": 0.0}