{"select": 0.0, "ne": 0.08682797916666668, "slice": 0.0, "to": 0.0, "index": 2.3009332291666666, "unsqueeze": 0.0, "repeat": 0.0251983125, "cat": 24.172533687500003, "index_select": 39.945027499999995, "mm": 221.85301743749997, "view": 0.0, "mul": 49.499990041666656, "sum": 25.69506879166666, "sub": 0.3737440208333333, "exp": 0.2920233333333333, "expand": 0.0, "scatter_add_": 30.414224229166667, "add": 1.8233888124999993, "div": 0.8250942499999999, "clamp_": 0.007991458333333338, "is_floating_point": 0.0, "true_divide_": 0.4530812916666667, "leaky_relu": 0.016061937499999998, "_fused_dropout": 0.011834937500000003, "_log_softmax": 0.007848083333333328, "nll_loss_forward": 0.06395943749999995, "zero_": 0.13538452083333335, "torch::autograd::GraphRoot": 0.0, "nll_loss_backward": 0.11889302083333332, "empty": 0.0, "_index_put_impl_": 7.991261020833334, "_log_softmax_backward_data": 0.003378229166666667, "t": 0.0, "add_": 0.11148670833333336, "gather": 6.803721270833335, "index_add_": 1.9666006666666664, "scatter_": 0.3998510416666667, "AddBackward0": 0.0, "neg": 0.25729175, "clone": 8.525530562499997, "_unsafe_view": 0.0, "_masked_scale": 0.0087205625, "leaky_relu_backward": 0.017556458333333334, "mul_": 0.07933147916666666, "addcmul_": 0.035899354166666675, "sqrt": 0.0382598125, "addcdiv_": 0.05393120833333334, "_local_scalar_dense": 0.008745958333333335, "dropout": 0.0, "max": 0.016003125000000003, "eq": 0.006848062500000002, "is_complex": 0.0}