{"select": 0.0, "ne": 0.08683359999999998, "slice": 0.0, "to": 0.0, "index": 4.851195639999999, "unsqueeze": 0.0, "repeat": 0.0247241, "cat": 47.36792368, "index_select": 39.47248174, "mm": 469.68357646000004, "view": 0.0, "mul": 98.75968466, "sum": 50.6758171, "sub": 0.7528644, "exp": 0.5444079800000001, "expand": 0.0, "scatter_add_": 41.10449666, "add": 2.7425308599999996, "div": 1.57910708, "clamp_": 0.0077137800000000025, "is_floating_point": 0.0, "true_divide_": 0.4410873200000001, "leaky_relu": 0.014712200000000003, "_fused_dropout": 0.011939439999999999, "_log_softmax": 0.008847800000000003, "nll_loss_forward": 0.06344318000000002, "zero_": 0.14819197999999997, "torch::autograd::GraphRoot": 0.0, "nll_loss_backward": 0.13281853999999998, "empty": 0.0, "_index_put_impl_": 8.66865606, "_log_softmax_backward_data": 0.0037385799999999996, "t": 0.0, "add_": 0.14729026, "gather": 13.848796800000002, "index_add_": 2.0216311199999994, "scatter_": 0.4814806199999998, "AddBackward0": 0.0, "neg": 0.51233658, "clone": 17.160802, "_unsafe_view": 0.0, "_masked_scale": 0.00908734, "leaky_relu_backward": 0.018141699999999997, "mul_": 0.11741116, "addcmul_": 0.049767280000000025, "sqrt": 0.04773692, "addcdiv_": 0.08699496000000001, "_local_scalar_dense": 0.009044519999999999, "dropout": 0.0, "max": 0.01612462, "eq": 0.0068934400000000015, "is_complex": 0.0}