{"select": 0.0, "ne": 0.08925557777777782, "slice": 0.0, "to": 0.0, "index": 1.6517854444444444, "unsqueeze": 0.0, "repeat": 0.024780577777777785, "cat": 7.189163422222221, "index_select": 39.75421135555556, "mm": 90.54472442222223, "view": 0.0, "mul": 12.375748488888888, "sum": 6.547665755555555, "sub": 0.0668190222222222, "exp": 0.058428933333333335, "expand": 0.0, "scatter_add_": 21.353730333333335, "add": 1.0489022444444442, "div": 0.22076371111111112, "clamp_": 0.00828722222222222, "is_floating_point": 0.0, "true_divide_": 0.45439971111111116, "leaky_relu": 0.015761844444444444, "_fused_dropout": 0.011567977777777778, "_log_softmax": 0.008039177777777776, "nll_loss_forward": 0.06639888888888888, "zero_": 0.13184535555555557, "torch::autograd::GraphRoot": 0.0, "nll_loss_backward": 0.11838004444444443, "empty": 0.0, "_index_put_impl_": 7.5038874, "_log_softmax_backward_data": 0.0034442888888888894, "t": 0.0, "add_": 0.08500459999999999, "gather": 2.282830311111111, "index_add_": 1.9839869111111113, "scatter_": 0.32644546666666674, "AddBackward0": 0.0, "neg": 0.043668155555555546, "clone": 2.128445888888889, "_unsafe_view": 0.0, "_masked_scale": 0.008954888888888887, "leaky_relu_backward": 0.017808733333333337, "mul_": 0.05873655555555558, "addcmul_": 0.026305266666666657, "sqrt": 0.02893337777777778, "addcdiv_": 0.03803455555555556, "_local_scalar_dense": 0.008942599999999998, "dropout": 0.0, "max": 0.017129222222222223, "eq": 0.007369355555555554, "is_complex": 0.0}