{"select": 0.0, "ne": 0.034210791666666664, "slice": 0.0, "to": 0.0, "index": 1.3638796458333333, "unsqueeze": 0.0, "repeat": 0.017491666666666666, "cat": 4.555963895833333, "index_select": 12.439602604166666, "mm": 23.121020312499997, "view": 0.0, "mul": 2.964928395833333, "sum": 1.476124854166667, "sub": 0.010628395833333332, "exp": 0.012894124999999998, "expand": 0.0, "scatter_add_": 6.121289249999997, "add": 0.7934147291666668, "div": 0.09596497916666667, "clamp_": 0.006601395833333332, "is_floating_point": 0.0, "true_divide_": 0.7837337500000001, "leaky_relu": 0.077903625, "_fused_dropout": 0.04972737500000001, "_log_softmax": 0.006484104166666667, "nll_loss_forward": 0.15539385416666662, "zero_": 0.2863485625, "torch::autograd::GraphRoot": 0.0, "nll_loss_backward": 0.1986692291666667, "empty": 0.0, "_index_put_impl_": 3.5433552083333333, "_log_softmax_backward_data": 0.002805083333333333, "t": 0.0, "add_": 0.06778683333333334, "gather": 0.6148486249999999, "index_add_": 1.1458974791666667, "scatter_": 0.40443272916666667, "AddBackward0": 0.0, "neg": 0.011816812499999997, "_masked_scale": 0.04701239583333334, "leaky_relu_backward": 0.06203962499999998, "mul_": 0.04445789583333332, "addcmul_": 0.02081545833333333, "sqrt": 0.022341791666666666, "addcdiv_": 0.029400520833333336, "_local_scalar_dense": 0.007729999999999997, "dropout": 0.0, "max": 0.024088437500000004, "eq": 0.005446249999999999, "is_complex": 0.0}