{"select": 0.0, "ne": 0.16876264583333334, "slice": 0.0, "to": 0.0, "index": 3.103862229166667, "unsqueeze": 0.0, "repeat": 0.02635314583333333, "cat": 26.365851791666675, "index_select": 93.10487385416667, "mm": 255.56292468749993, "view": 0.0, "mul": 51.050322541666645, "sum": 27.216947437500007, "sub": 0.38631137500000007, "exp": 0.3114767916666666, "expand": 0.0, "scatter_add_": 52.10702866666665, "add": 2.7119417083333333, "div": 0.8679738333333332, "clamp_": 0.009685125000000001, "is_floating_point": 0.0, "true_divide_": 0.7839391666666665, "leaky_relu": 0.04824141666666667, "_fused_dropout": 0.0348661875, "_log_softmax": 0.015577270833333332, "nll_loss_forward": 0.10564504166666668, "zero_": 0.21826481250000004, "torch::autograd::GraphRoot": 0.0, "nll_loss_backward": 0.17150239583333335, "empty": 0.0, "_index_put_impl_": 16.515252645833336, "_log_softmax_backward_data": 0.006617958333333334, "t": 0.0, "add_": 0.11797497916666662, "gather": 7.779046666666667, "index_add_": 4.0977997083333335, "scatter_": 0.6166263124999999, "AddBackward0": 0.0, "neg": 0.26538647916666663, "clone": 8.788039104166668, "_unsafe_view": 0.0, "_masked_scale": 0.03204166666666667, "leaky_relu_backward": 0.043547999999999996, "mul_": 0.08448514583333334, "addcmul_": 0.04027658333333334, "sqrt": 0.04353164583333335, "addcdiv_": 0.05610014583333334, "_local_scalar_dense": 0.008945291666666666, "dropout": 0.0, "max": 0.02367725, "eq": 0.006598541666666668, "is_complex": 0.0}