{"select": 0.0, "ne": 0.2777911632653061, "slice": 0.0, "to": 0.0, "index": 4.083563020408165, "unsqueeze": 0.0, "repeat": 0.03660018367346938, "cat": 39.70992236734694, "index_select": 127.22689444897962, "mm": 288.1057319183673, "view": 0.0, "mul": 51.06167859183673, "sum": 26.300088102040814, "sub": 0.3768897346938775, "exp": 0.29382128571428573, "expand": 0.0, "scatter_add_": 67.23728853061228, "add": 5.861154673469389, "div": 1.0141720816326532, "clamp_": 0.014981122448979594, "is_floating_point": 0.0, "true_divide_": 3.513518836734693, "leaky_relu": 0.36629934693877564, "_fused_dropout": 0.22604822448979586, "_log_softmax": 0.0512351836734694, "nll_loss_forward": 0.6265119387755103, "zero_": 1.2888908571428574, "torch::autograd::GraphRoot": 0.0, "nll_loss_backward": 0.5321917142857143, "empty": 0.0, "_index_put_impl_": 27.960764755102048, "_log_softmax_backward_data": 0.03776246938775511, "t": 0.0, "add_": 0.09741561224489796, "gather": 9.709508469387755, "index_add_": 11.18407636734694, "scatter_": 3.8550073673469383, "AddBackward0": 0.0, "neg": 0.25912144897959183, "clone": 8.752444591836733, "_unsafe_view": 0.0, "_masked_scale": 0.2092687346938777, "leaky_relu_backward": 0.27479546938775506, "mul_": 0.06553273469387756, "addcmul_": 0.03230324489795918, "sqrt": 0.0344454693877551, "addcdiv_": 0.04569355102040816, "_local_scalar_dense": 0.008776142857142856, "dropout": 0.0, "max": 0.11389914285714284, "eq": 0.008388979591836734, "is_complex": 0.0}