{"select": 0.0, "ne": 0.035354191489361704, "slice": 0.0, "to": 0.0, "index": 1.3877155744680851, "unsqueeze": 0.0, "repeat": 0.018878936170212763, "cat": 5.759457468085108, "index_select": 12.949497340425529, "mm": 30.182226808510638, "view": 0.0, "mul": 5.837143595744681, "sum": 2.8611341063829774, "sub": 0.015195851063829788, "exp": 0.02359548936170212, "expand": 0.0, "scatter_add_": 6.792506382978725, "add": 0.9001203829787234, "div": 0.13492314893617025, "clamp_": 0.007216361702127658, "is_floating_point": 0.0, "true_divide_": 0.8119721276595746, "leaky_relu": 0.07631370212765955, "_fused_dropout": 0.04973576595744683, "_log_softmax": 0.007572489361702128, "nll_loss_forward": 0.17726442553191482, "zero_": 0.29264331914893615, "torch::autograd::GraphRoot": 0.0, "nll_loss_backward": 0.2178041489361702, "empty": 0.0, "_index_put_impl_": 3.1801598297872347, "_log_softmax_backward_data": 0.003156042553191489, "t": 0.0, "add_": 0.07711297872340427, "gather": 0.991116340425532, "index_add_": 1.1500247021276595, "scatter_": 0.43944642553191493, "AddBackward0": 0.0, "neg": 0.017695808510638296, "clone": 0.936986765957447, "_unsafe_view": 0.0, "_masked_scale": 0.0468696170212766, "leaky_relu_backward": 0.06177344680851064, "mul_": 0.049974106382978736, "addcmul_": 0.02290665957446808, "sqrt": 0.02469040425531916, "addcdiv_": 0.030804148936170218, "_local_scalar_dense": 0.008128723404255318, "dropout": 0.0, "max": 0.028387510638297874, "eq": 0.006291936170212765, "is_complex": 0.0}