{"select": 0.0, "ne": 0.16795329787234037, "slice": 0.0, "to": 0.0, "index": 2.117000085106383, "unsqueeze": 0.0, "repeat": 0.022350765957446804, "cat": 8.957837829787234, "index_select": 86.0177838723404, "mm": 136.426683680851, "view": 0.0, "mul": 12.78308223404255, "sum": 6.145523063829789, "sub": 0.07458674468085105, "exp": 0.056800893617021286, "expand": 0.0, "scatter_add_": 41.01849123404254, "add": 1.9485856808510649, "div": 0.2312978723404256, "clamp_": 0.00860446808510638, "is_floating_point": 0.0, "true_divide_": 0.7728546170212766, "leaky_relu": 0.04846529787234041, "_fused_dropout": 0.03440851063829788, "_log_softmax": 0.014256382978723404, "nll_loss_forward": 0.09752442553191489, "zero_": 0.20996599999999996, "torch::autograd::GraphRoot": 0.0, "nll_loss_backward": 0.1492772765957447, "empty": 0.0, "_index_put_impl_": 15.095147659574467, "_log_softmax_backward_data": 0.005601468085106384, "t": 0.0, "add_": 0.07782123404255319, "gather": 2.909045404255318, "index_add_": 4.038678340425532, "scatter_": 0.5144882978723403, "AddBackward0": 0.0, "neg": 0.044283319148936184, "_masked_scale": 0.032475638297872346, "leaky_relu_backward": 0.043426148936170215, "mul_": 0.05260046808510639, "addcmul_": 0.026531553191489348, "sqrt": 0.026170425531914895, "addcdiv_": 0.03586827659574467, "_local_scalar_dense": 0.0080721914893617, "dropout": 0.0, "max": 0.021971319148936165, "eq": 0.005988936170212765, "is_complex": 0.0}