{"select": 0.0, "ne": 0.2765049347826088, "slice": 0.0, "to": 0.0, "index": 3.4868445869565226, "unsqueeze": 0.0, "repeat": 0.16279615217391302, "cat": 27.78229117391305, "index_select": 35.52808813043478, "mm": 58.709230260869546, "view": 0.0, "mul": 34.915972000000004, "sum": 15.463852565217394, "sub": 0.2242966739130435, "exp": 0.17289615217391302, "expand": 0.0, "scatter_add_": 18.414367739130434, "add": 10.933629978260871, "div": 1.2818938260869566, "clamp_": 0.031445043478260874, "is_floating_point": 0.0, "true_divide_": 2.185899608695652, "leaky_relu": 1.4129879782608696, "_fused_dropout": 0.844321434782609, "_log_softmax": 0.28908732608695636, "nll_loss_forward": 4.044650065217391, "zero_": 4.780083913043479, "torch::autograd::GraphRoot": 0.0, "nll_loss_backward": 3.7221397608695654, "empty": 0.0, "_index_put_impl_": 22.986738391304346, "_log_softmax_backward_data": 0.19416600000000003, "t": 0.0, "add_": 0.06910608695652176, "gather": 7.460047826086957, "index_add_": 16.408249739130433, "scatter_": 6.9202265652173915, "AddBackward0": 0.0, "neg": 0.16658719565217395, "_masked_scale": 0.7870842826086957, "leaky_relu_backward": 1.0260168260869569, "mul_": 0.04459436956521741, "addcmul_": 0.020764869565217392, "sqrt": 0.02367065217391305, "addcdiv_": 0.027614434782608693, "_local_scalar_dense": 0.008106347826086957, "dropout": 0.0, "max": 0.3846389130434782, "eq": 0.02304352173913043, "is_complex": 0.0}