{"select": 0.0, "ne": 0.16827585714285717, "slice": 0.0, "to": 0.0, "index": 3.9700912653061233, "unsqueeze": 0.0, "repeat": 0.025026265306122453, "cat": 50.25867804081633, "index_select": 88.23613002040818, "mm": 493.6376251428572, "view": 0.0, "mul": 101.57430938775508, "sum": 51.59380830612242, "sub": 0.7673462040816325, "exp": 0.5684439387755104, "expand": 0.0, "scatter_add_": 62.597652061224494, "add": 3.5785189387755096, "div": 1.6291071632653058, "clamp_": 0.009092367346938773, "is_floating_point": 0.0, "true_divide_": 0.7759867346938775, "leaky_relu": 0.04777820408163265, "_fused_dropout": 0.03490222448979591, "_log_softmax": 0.016330285714285714, "nll_loss_forward": 0.10815277551020404, "zero_": 0.22691195918367343, "torch::autograd::GraphRoot": 0.0, "nll_loss_backward": 0.1663188979591837, "empty": 0.0, "_index_put_impl_": 18.008677428571424, "_log_softmax_backward_data": 0.007196714285714287, "t": 0.0, "add_": 0.11952089795918368, "gather": 14.995069877551023, "index_add_": 4.243913000000001, "scatter_": 0.7627091632653061, "AddBackward0": 0.0, "neg": 0.5279210204081634, "clone": 17.58006608163265, "_unsafe_view": 0.0, "_masked_scale": 0.03202904081632652, "leaky_relu_backward": 0.043736734693877566, "mul_": 0.08975918367346937, "addcmul_": 0.03905155102040817, "sqrt": 0.04187679591836735, "addcdiv_": 0.06271900000000001, "_local_scalar_dense": 0.008763224489795919, "dropout": 0.0, "max": 0.02404514285714286, "eq": 0.006602612244897959, "is_complex": 0.0}