{"select": 0.0, "ne": 0.2768067021276595, "slice": 0.0, "to": 0.0, "index": 4.0908140638297885, "unsqueeze": 0.0, "repeat": 0.1621086595744681, "cat": 43.80915806382978, "index_select": 36.34427512765957, "mm": 81.71716834042554, "view": 0.0, "mul": 69.44782670212767, "sum": 32.37658314893618, "sub": 0.4720562127659573, "exp": 0.3428386595744681, "expand": 0.0, "scatter_add_": 25.87297195744681, "add": 12.708799765957446, "div": 1.761337659574468, "clamp_": 0.03288906382978724, "is_floating_point": 0.0, "true_divide_": 2.188411510638298, "leaky_relu": 1.403121617021277, "_fused_dropout": 0.8515660638297875, "_log_softmax": 0.29012359574468094, "nll_loss_forward": 4.164950680851065, "zero_": 4.8328465744680855, "torch::autograd::GraphRoot": 0.0, "nll_loss_backward": 3.843286617021277, "empty": 0.0, "_index_put_impl_": 23.909650531914888, "_log_softmax_backward_data": 0.19388391489361698, "t": 0.0, "add_": 0.07211548936170213, "gather": 11.83125419148936, "index_add_": 16.464460148936173, "scatter_": 7.107369765957445, "AddBackward0": 0.0, "neg": 0.3309864680851064, "clone": 10.97844297872341, "_unsafe_view": 0.0, "_masked_scale": 0.7792753191489362, "leaky_relu_backward": 1.019410510638298, "mul_": 0.045731744680851075, "addcmul_": 0.02121851063829787, "sqrt": 0.024846936170212768, "addcdiv_": 0.030813148936170216, "_local_scalar_dense": 0.008205382978723403, "dropout": 0.0, "max": 0.3894432340425532, "eq": 0.02303925531914894, "is_complex": 0.0}