{"select": 0.0, "ne": 0.275376, "slice": 0.0, "to": 0.0, "index": 2.944511357142857, "unsqueeze": 0.0, "repeat": 0.03519135714285715, "cat": 27.90566954761905, "index_select": 124.45904504761909, "mm": 197.62702988095242, "view": 0.0, "mul": 25.680765619047616, "sum": 12.67367480952381, "sub": 0.1853464047619047, "exp": 0.14970361904761903, "expand": 0.0, "scatter_add_": 60.88958414285716, "add": 5.164462190476191, "div": 0.6337286190476193, "clamp_": 0.014512333333333334, "is_floating_point": 0.0, "true_divide_": 3.5157433809523813, "leaky_relu": 0.36725092857142866, "_fused_dropout": 0.22560383333333336, "_log_softmax": 0.05058290476190476, "nll_loss_forward": 0.6071931904761905, "zero_": 1.2779642619047618, "torch::autograd::GraphRoot": 0.0, "nll_loss_backward": 0.5080998809523809, "empty": 0.0, "_index_put_impl_": 24.679676714285705, "_log_softmax_backward_data": 0.036927571428571435, "t": 0.0, "add_": 0.08500947619047616, "gather": 6.185268047619047, "index_add_": 10.901505357142856, "scatter_": 3.5818625952380954, "AddBackward0": 0.0, "neg": 0.13092900000000002, "_masked_scale": 0.21098195238095235, "leaky_relu_backward": 0.27549635714285714, "mul_": 0.05588142857142858, "addcmul_": 0.02730292857142857, "sqrt": 0.029495285714285703, "addcdiv_": 0.03685004761904761, "_local_scalar_dense": 0.00834609523809524, "dropout": 0.0, "max": 0.10594226190476189, "eq": 0.007859071428571429, "is_complex": 0.0}