{"select": 0.0, "ne": 0.27824322, "slice": 0.0, "to": 0.0, "index": 5.37521444, "unsqueeze": 0.0, "repeat": 0.039350760000000005, "cat": 64.01311937999999, "index_select": 128.94168386, "mm": 398.56322494000005, "view": 0.0, "mul": 102.38867774000002, "sum": 56.41807709999999, "sub": 0.74854018, "exp": 0.6053969399999999, "expand": 0.0, "scatter_add_": 80.77481212000002, "add": 7.248237900000003, "div": 1.7673021799999997, "clamp_": 0.015544279999999999, "is_floating_point": 0.0, "true_divide_": 3.531582999999999, "leaky_relu": 0.36480064000000006, "_fused_dropout": 0.22703527999999998, "_log_softmax": 0.05136102000000001, "nll_loss_forward": 0.6661912600000001, "zero_": 1.3023118999999996, "torch::autograd::GraphRoot": 0.0, "nll_loss_backward": 0.5853851999999999, "empty": 0.0, "_index_put_impl_": 29.270584339999996, "_log_softmax_backward_data": 0.03756386, "t": 0.0, "add_": 0.11582406, "gather": 16.845788419999995, "index_add_": 11.376501300000003, "scatter_": 4.07977692, "AddBackward0": 0.0, "neg": 0.5166425800000001, "clone": 17.202633779999996, "_unsafe_view": 0.0, "_masked_scale": 0.20794514, "leaky_relu_backward": 0.27283720000000006, "mul_": 0.07902976000000002, "addcmul_": 0.03885707999999999, "sqrt": 0.041337099999999995, "addcdiv_": 0.05273999999999999, "_local_scalar_dense": 0.009115819999999998, "dropout": 0.0, "max": 0.11652511999999997, "eq": 0.008600719999999997, "is_complex": 0.0}