{"_fused_dropout": 0.7252386521739131, "select": 0.0, "ne": 0.16895010869565216, "slice": 0.0, "to": 0.0, "index": 2.4399468043478265, "unsqueeze": 0.0, "repeat": 0.02144704347826087, "cat": 24.693930869565218, "mm": 3.2428356304347834, "index_select": 15.885324326086954, "view": 0.0, "mul": 52.853373065217404, "sum": 22.50460852173913, "leaky_relu": 0.2680200652173913, "sub": 0.42428752173913037, "exp": 0.29097856521739124, "expand": 0.0, "scatter_add_": 11.126288434782609, "add": 8.089154239130435, "div": 0.8799738478260868, "elu": 0.23087571739130439, "_log_softmax": 0.012640108695652174, "nll_loss_forward": 0.09288056521739127, "zero_": 0.14739619565217393, "torch::autograd::GraphRoot": 0.0, "nll_loss_backward": 0.1485053695652174, "empty": 0.0, "_index_put_impl_": 15.790575413043477, "_log_softmax_backward_data": 0.005627391304347825, "AddBackward0": 0.0, "add_": 0.034083173913043475, "gather": 6.014778326086954, "_masked_scale": 0.28341976086956516, "neg": 0.29020941304347836, "scatter_": 0.05302680434782609, "leaky_relu_backward": 0.2131240869565217, "index_add_": 9.401464521739133, "t": 0.0, "elu_backward": 0.16937723913043476, "clone": 4.4246580217391305, "_unsafe_view": 0.0, "mul_": 0.025745304347826074, "addcmul_": 0.011244065217391302, "sqrt": 0.011727021739130433, "addcdiv_": 0.019352630434782612, "is_floating_point": 0.0, "_local_scalar_dense": 0.0077800434782608705, "dropout": 0.0, "max": 0.02077008695652174, "eq": 0.005690021739130436, "is_complex": 0.0}