{"_fused_dropout": 12.888713891304354, "select": 0.0, "ne": 0.1694669347826087, "slice": 0.0, "to": 0.0, "index": 3.300962760869565, "unsqueeze": 0.0, "repeat": 0.025126717391304332, "cat": 50.60276413043478, "mm": 188.34676384782608, "index_select": 40.942939065217395, "view": 0.0, "mul": 107.23406758695653, "sum": 48.57277182608696, "leaky_relu": 0.5578029565217392, "sub": 0.8512822391304352, "exp": 0.5854839130434782, "expand": 0.0, "scatter_add_": 26.483361173913053, "add": 18.32982584782609, "div": 1.8723112173913037, "elu": 1.1501599130434785, "_log_softmax": 0.015812869565217394, "nll_loss_forward": 0.2363304565217392, "zero_": 0.7368915217391303, "torch::autograd::GraphRoot": 0.0, "nll_loss_backward": 0.43628923913043494, "empty": 0.0, "_index_put_impl_": 11.233445739130433, "_log_softmax_backward_data": 0.008012500000000002, "AddBackward0": 0.0, "add_": 0.5681070217391304, "gather": 12.724407891304349, "_masked_scale": 0.9656780652173913, "neg": 0.5847823695652176, "scatter_": 0.1907575434782609, "leaky_relu_backward": 0.42875884782608703, "index_add_": 23.92683445652174, "t": 0.0, "elu_backward": 0.8448926086956517, "clone": 9.227052173913041, "_unsafe_view": 0.0, "mul_": 0.29952521739130433, "addcmul_": 0.21530280434782612, "sqrt": 0.15147076086956518, "addcdiv_": 0.2877414130434783, "is_floating_point": 0.0, "_local_scalar_dense": 0.00852508695652174, "dropout": 0.0, "max": 0.046610195652173926, "eq": 0.006574652173913042, "is_complex": 0.0}