{"_fused_dropout": 0.8619408222222221, "select": 0.0, "ne": 0.03637084444444444, "slice": 0.0, "to": 0.0, "index": 1.4799629777777776, "unsqueeze": 0.0, "repeat": 0.01742071111111111, "cat": 9.729292844444446, "mm": 6.113700133333333, "index_select": 7.190576888888889, "view": 0.0, "mul": 21.94881675555556, "sum": 9.580726288888886, "leaky_relu": 0.10021213333333331, "sub": 0.17373124444444443, "exp": 0.12333599999999999, "expand": 0.0, "scatter_add_": 5.078907333333333, "add": 4.9274923999999976, "div": 0.3691925555555556, "elu": 0.6629295555555554, "_log_softmax": 0.006055399999999998, "nll_loss_forward": 0.1605478, "zero_": 0.38058677777777766, "torch::autograd::GraphRoot": 0.0, "nll_loss_backward": 0.2003955555555555, "empty": 0.0, "_index_put_impl_": 3.371261555555556, "_log_softmax_backward_data": 0.002879044444444444, "AddBackward0": 0.0, "add_": 0.03625004444444445, "gather": 2.498576755555555, "_masked_scale": 0.4315494666666666, "neg": 0.11950417777777773, "scatter_": 0.06250377777777777, "leaky_relu_backward": 0.08936291111111114, "index_add_": 4.822099244444446, "t": 0.0, "elu_backward": 0.4847130222222222, "clone": 1.8996009333333328, "_unsafe_view": 0.0, "mul_": 0.029946377777777776, "addcmul_": 0.010748222222222223, "sqrt": 0.011839555555555551, "addcdiv_": 0.023402600000000006, "is_floating_point": 0.0, "_local_scalar_dense": 0.007581866666666665, "dropout": 0.0, "max": 0.025191866666666674, "eq": 0.0056321999999999995, "is_complex": 0.0}