{"_fused_dropout": 1.021581375, "select": 0.0, "ne": 0.16773529166666665, "slice": 0.0, "to": 0.0, "index": 2.8828390625000004, "unsqueeze": 0.0, "repeat": 0.0223700625, "cat": 48.03575431250002, "mm": 6.385332979166667, "index_select": 32.22967045833333, "view": 0.0, "mul": 103.49563747916666, "sum": 44.417082020833334, "leaky_relu": 0.5333947083333332, "sub": 0.8115190624999998, "exp": 0.5505751458333333, "expand": 0.0, "scatter_add_": 23.383223083333323, "add": 15.703112666666668, "div": 1.6570471666666673, "elu": 0.4591899791666667, "_log_softmax": 0.0132794375, "nll_loss_forward": 0.09547991666666666, "zero_": 0.2740170208333334, "torch::autograd::GraphRoot": 0.0, "nll_loss_backward": 0.1492136875, "empty": 0.0, "_index_put_impl_": 16.7325505625, "_log_softmax_backward_data": 0.007202750000000001, "AddBackward0": 0.0, "add_": 0.04619181249999999, "gather": 11.686870854166665, "_masked_scale": 0.5617901666666666, "neg": 0.5588254583333331, "scatter_": 0.10292672916666669, "leaky_relu_backward": 0.40837341666666666, "index_add_": 20.194535416666664, "t": 0.0, "elu_backward": 0.33861635416666663, "clone": 8.803002958333328, "_unsafe_view": 0.0, "mul_": 0.040632104166666655, "addcmul_": 0.01514033333333333, "sqrt": 0.014382145833333332, "addcdiv_": 0.03124789583333333, "is_floating_point": 0.0, "_local_scalar_dense": 0.008319791666666668, "dropout": 0.0, "max": 0.022353354166666672, "eq": 0.006153500000000002, "is_complex": 0.0}