{"_fused_dropout": 0.5341443414634146, "select": 0.0, "ne": 0.0888988536585366, "slice": 0.0, "to": 0.0, "index": 1.9242189268292684, "unsqueeze": 0.0, "repeat": 0.020413341463414638, "cat": 22.65836063414634, "mm": 3.4894647560975622, "index_select": 15.181427365853661, "view": 0.0, "mul": 50.19086368292681, "sum": 21.487509804878048, "leaky_relu": 0.2512512926829268, "sub": 0.3865753902439024, "exp": 0.2708217804878049, "expand": 0.0, "scatter_add_": 10.83198380487805, "add": 7.729289487804877, "div": 0.8183401951219513, "elu": 0.2566876341463413, "_log_softmax": 0.0059911951219512195, "nll_loss_forward": 0.053575609756097556, "zero_": 0.16038887804878052, "torch::autograd::GraphRoot": 0.0, "nll_loss_backward": 0.10904680487804881, "empty": 0.0, "_index_put_impl_": 7.577983853658533, "_log_softmax_backward_data": 0.002790682926829268, "AddBackward0": 0.0, "add_": 0.04472778048780488, "gather": 5.669594585365854, "_masked_scale": 0.28684663414634143, "neg": 0.26697124390243915, "scatter_": 0.04763585365853659, "leaky_relu_backward": 0.19657604878048782, "index_add_": 9.166474195121953, "t": 0.0, "elu_backward": 0.189184756097561, "clone": 4.298807365853658, "_unsafe_view": 0.0, "mul_": 0.038952243902439024, "addcmul_": 0.014504146341463412, "sqrt": 0.013831121951219518, "addcdiv_": 0.030281975609756102, "is_floating_point": 0.0, "_local_scalar_dense": 0.007826000000000003, "dropout": 0.0, "max": 0.013986609756097557, "eq": 0.005839853658536584, "is_complex": 0.0}