{"_fused_dropout": 2.0874387555555556, "select": 0.0, "ne": 0.2744226222222222, "slice": 0.0, "to": 0.0, "index": 2.9034687555555547, "unsqueeze": 0.0, "repeat": 0.032582288888888894, "cat": 14.084664266666666, "mm": 5.731014555555555, "index_select": 9.1771442, "view": 0.0, "mul": 27.82841342222222, "sum": 11.887438044444442, "leaky_relu": 0.15976284444444447, "sub": 0.2828518888888889, "exp": 0.2012196444444444, "expand": 0.0, "scatter_add_": 6.483211577777781, "add": 5.198642155555556, "div": 0.5976221333333334, "elu": 0.3746608666666666, "_log_softmax": 0.055065399999999994, "nll_loss_forward": 0.5564355777777775, "zero_": 0.23899820000000005, "torch::autograd::GraphRoot": 0.0, "nll_loss_backward": 0.4552102444444444, "empty": 0.0, "_index_put_impl_": 24.26613773333333, "_log_softmax_backward_data": 0.03761368888888889, "AddBackward0": 0.0, "add_": 0.028106822222222227, "gather": 3.3697514444444443, "_masked_scale": 0.30536855555555564, "neg": 0.19611999999999996, "scatter_": 0.09399973333333331, "leaky_relu_backward": 0.1447874444444444, "index_add_": 5.8098638000000005, "t": 0.0, "elu_backward": 0.2752586666666667, "clone": 2.170604066666667, "_unsafe_view": 0.0, "mul_": 0.017986733333333327, "addcmul_": 0.009224422222222221, "sqrt": 0.009501, "addcdiv_": 0.011520400000000002, "is_floating_point": 0.0, "_local_scalar_dense": 0.007770311111111109, "dropout": 0.0, "max": 0.09696122222222224, "eq": 0.007258444444444444, "is_complex": 0.0}