{"_fused_dropout": 11.972549934782611, "select": 0.0, "ne": 0.17032258695652172, "slice": 0.0, "to": 0.0, "index": 2.180127260869566, "unsqueeze": 0.0, "repeat": 0.023885760869565214, "cat": 7.002723586956521, "mm": 31.12979680434782, "index_select": 4.735068413043478, "view": 0.0, "mul": 14.444100717391306, "sum": 6.888146065217393, "leaky_relu": 0.07356893478260869, "sub": 0.14240030434782608, "exp": 0.10479882608695654, "expand": 0.0, "scatter_add_": 3.2335936956521754, "add": 2.5248299130434777, "div": 0.32339, "elu": 0.14630530434782604, "_log_softmax": 0.015310760869565218, "nll_loss_forward": 0.23162904347826077, "zero_": 0.10635780434782607, "torch::autograd::GraphRoot": 0.0, "nll_loss_backward": 0.26589363043478254, "empty": 0.0, "_index_put_impl_": 10.208274478260865, "_log_softmax_backward_data": 0.009953130434782608, "AddBackward0": 0.0, "add_": 0.059783369565217404, "gather": 1.841424130434783, "_masked_scale": 0.12664739130434782, "neg": 0.0942782608695652, "scatter_": 0.025105195652173905, "leaky_relu_backward": 0.07189469565217389, "index_add_": 2.57452902173913, "t": 0.0, "elu_backward": 0.10699758695652173, "clone": 1.1598668913043477, "_unsafe_view": 0.0, "mul_": 0.049579782608695645, "addcmul_": 0.022189108695652174, "sqrt": 0.016499130434782606, "addcdiv_": 0.040512608695652166, "is_floating_point": 0.0, "_local_scalar_dense": 0.008155173913043478, "dropout": 0.0, "max": 0.0463665652173913, "eq": 0.006567130434782608, "is_complex": 0.0}