{"_fused_dropout": 0.37738950000000016, "select": 0.0, "ne": 0.08940400000000003, "slice": 0.0, "to": 0.0, "index": 1.6606054565217387, "unsqueeze": 0.0, "repeat": 0.0191860652173913, "cat": 11.479361391304352, "mm": 1.8171920000000001, "index_select": 7.374312065217392, "view": 0.0, "mul": 25.549681173913037, "sum": 10.87539554347826, "leaky_relu": 0.12175595652173916, "sub": 0.19833886956521735, "exp": 0.14323419565217393, "expand": 0.0, "scatter_add_": 5.046190195652174, "add": 3.9533890869565216, "div": 0.4393957608695652, "elu": 0.1294281956521739, "_log_softmax": 0.0056280217391304335, "nll_loss_forward": 0.05145332608695651, "zero_": 0.08943673913043479, "torch::autograd::GraphRoot": 0.0, "nll_loss_backward": 0.09222258695652173, "empty": 0.0, "_index_put_impl_": 6.704356217391305, "_log_softmax_backward_data": 0.0027044782608695653, "AddBackward0": 0.0, "add_": 0.032221760869565214, "gather": 2.819765695652174, "_masked_scale": 0.14318002173913047, "neg": 0.1359750434782609, "scatter_": 0.025881413043478275, "leaky_relu_backward": 0.10183413043478262, "index_add_": 4.2063780217391304, "t": 0.0, "elu_backward": 0.094952, "clone": 2.152367239130434, "_unsafe_view": 0.0, "mul_": 0.024526260869565216, "addcmul_": 0.010373978260869568, "sqrt": 0.010769891304347827, "addcdiv_": 0.018695282608695647, "is_floating_point": 0.0, "_local_scalar_dense": 0.007534413043478258, "dropout": 0.0, "max": 0.012906695652173917, "eq": 0.005637804347826085, "is_complex": 0.0}