{"_fused_dropout": 0.24059111363636365, "select": 0.0, "ne": 0.08681531818181822, "slice": 0.0, "to": 0.0, "index": 1.5598825681818178, "unsqueeze": 0.0, "repeat": 0.018851522727272734, "cat": 3.2336659545454554, "mm": 0.802961590909091, "index_select": 1.84005675, "view": 0.0, "mul": 7.041211590909094, "sum": 3.076757863636364, "leaky_relu": 0.029929681818181817, "sub": 0.040136681818181814, "exp": 0.0293653409090909, "expand": 0.0, "scatter_add_": 1.202137477272727, "add": 1.0394210227272727, "div": 0.13505229545454547, "elu": 0.014392795454545455, "_log_softmax": 0.005127477272727273, "nll_loss_forward": 0.046408113636363636, "zero_": 0.030818999999999996, "torch::autograd::GraphRoot": 0.0, "nll_loss_backward": 0.07785102272727272, "empty": 0.0, "_index_put_impl_": 6.012780886363635, "_log_softmax_backward_data": 0.0024376136363636366, "AddBackward0": 0.0, "add_": 0.026181681818181816, "gather": 0.7254603636363636, "_masked_scale": 0.025924136363636364, "neg": 0.02822627272727273, "scatter_": 0.0077287727272727265, "leaky_relu_backward": 0.024928727272727273, "index_add_": 0.9023583863636365, "t": 0.0, "elu_backward": 0.017829636363636367, "clone": 0.5424072954545456, "_unsafe_view": 0.0, "mul_": 0.017769409090909093, "addcmul_": 0.008674863636363637, "sqrt": 0.009110272727272727, "addcdiv_": 0.010983727272727273, "is_floating_point": 0.0, "_local_scalar_dense": 0.00707147727272727, "dropout": 0.0, "max": 0.011446431818181817, "eq": 0.004961863636363637, "is_complex": 0.0}