{"_fused_dropout": 0.23266798000000005, "select": 0.0, "ne": 0.08289427999999999, "slice": 0.0, "to": 0.0, "index": 1.6704637599999996, "unsqueeze": 0.0, "repeat": 0.020117700000000002, "cat": 1.9108655, "mm": 0.5288580399999999, "index_select": 1.0863937600000004, "view": 0.0, "mul": 3.9662982400000004, "sum": 2.1320305000000004, "leaky_relu": 0.02316212, "sub": 0.016356040000000002, "exp": 0.023525600000000004, "expand": 0.0, "scatter_add_": 0.7610030999999998, "add": 0.6067397600000001, "div": 0.09676093999999999, "elu": 0.009896160000000001, "_log_softmax": 0.005739020000000001, "nll_loss_forward": 0.05235737999999999, "zero_": 0.0289656, "torch::autograd::GraphRoot": 0.0, "nll_loss_backward": 0.08323269999999999, "empty": 0.0, "_index_put_impl_": 6.351422359999998, "_log_softmax_backward_data": 0.0027083200000000015, "AddBackward0": 0.0, "add_": 0.027665700000000012, "gather": 0.44678824000000006, "_masked_scale": 0.016848960000000003, "neg": 0.013063019999999998, "scatter_": 0.007240939999999999, "leaky_relu_backward": 0.01503808, "index_add_": 0.5174818800000001, "t": 0.0, "elu_backward": 0.007108520000000003, "mul_": 0.019021800000000005, "addcmul_": 0.00939512, "sqrt": 0.010152599999999996, "addcdiv_": 0.01223644, "is_floating_point": 0.0, "_local_scalar_dense": 0.00746182, "dropout": 0.0, "max": 0.013112420000000003, "eq": 0.005651260000000002, "is_complex": 0.0}