{"_fused_dropout": 1.4256819574468085, "select": 0.0, "ne": 0.2758815531914894, "slice": 0.0, "to": 0.0, "index": 3.771321914893616, "unsqueeze": 0.0, "repeat": 0.16351714893617014, "cat": 19.14661508510638, "mm": 3.82247485106383, "index_select": 13.318482787234043, "view": 0.0, "mul": 36.96135936170213, "sum": 16.550150297872346, "leaky_relu": 0.2124164255319149, "sub": 0.35066585106382975, "exp": 0.2537415106382978, "expand": 0.0, "scatter_add_": 9.194053638297875, "add": 9.909649425531917, "div": 0.7536826595744682, "elu": 1.4077725957446812, "_log_softmax": 0.2944209361702128, "nll_loss_forward": 3.8532681914893607, "zero_": 0.9774297234042553, "torch::autograd::GraphRoot": 0.0, "nll_loss_backward": 3.5581748510638285, "empty": 0.0, "_index_put_impl_": 22.541926234042553, "_log_softmax_backward_data": 0.194649170212766, "AddBackward0": 0.0, "add_": 0.027626829787234044, "gather": 4.349363829787235, "_masked_scale": 0.9167550212765956, "neg": 0.25049944680851066, "scatter_": 0.285286659574468, "leaky_relu_backward": 0.18390636170212765, "index_add_": 9.01315385106383, "t": 0.0, "elu_backward": 1.0330567872340426, "clone": 2.7633851914893612, "_unsafe_view": 0.0, "mul_": 0.017591765957446805, "addcmul_": 0.00901914893617021, "sqrt": 0.009217127659574467, "addcdiv_": 0.01231748936170213, "is_floating_point": 0.0, "_local_scalar_dense": 0.007715382978723403, "dropout": 0.0, "max": 0.3502555319148936, "eq": 0.02273163829787234, "is_complex": 0.0}