{"_fused_dropout": 1.9453656304347826, "select": 0.0, "ne": 0.2727841304347826, "slice": 0.0, "to": 0.0, "index": 2.7635200652173917, "unsqueeze": 0.0, "repeat": 0.03147760869565217, "cat": 8.531964065217391, "mm": 4.543115369565219, "index_select": 5.248663760869564, "view": 0.0, "mul": 15.463223456521739, "sum": 6.4237623695652175, "leaky_relu": 0.09424467391304352, "sub": 0.186013695652174, "exp": 0.137046847826087, "expand": 0.0, "scatter_add_": 3.6676299999999995, "add": 2.953789913043479, "div": 0.40901447826086945, "elu": 0.18973845652173912, "_log_softmax": 0.05583702173913044, "nll_loss_forward": 0.539927695652174, "zero_": 0.1362081739130435, "torch::autograd::GraphRoot": 0.0, "nll_loss_backward": 0.4306938695652174, "empty": 0.0, "_index_put_impl_": 23.200379108695657, "_log_softmax_backward_data": 0.03701639130434782, "AddBackward0": 0.0, "add_": 0.02647132608695652, "gather": 1.8749848478260869, "_masked_scale": 0.16384241304347824, "neg": 0.13153517391304348, "scatter_": 0.039163195652173924, "leaky_relu_backward": 0.09745134782608694, "index_add_": 3.2351330869565214, "t": 0.0, "elu_backward": 0.13850078260869567, "mul_": 0.01738217391304348, "addcmul_": 0.008647021739130435, "sqrt": 0.010095760869565219, "addcdiv_": 0.011137282608695653, "is_floating_point": 0.0, "_local_scalar_dense": 0.007322478260869563, "dropout": 0.0, "max": 0.08678163043478263, "eq": 0.006562891304347828, "is_complex": 0.0}