{"_fused_dropout": 2.3669403191489358, "select": 0.0, "ne": 0.27612868085106385, "slice": 0.0, "to": 0.0, "index": 4.318017021276596, "unsqueeze": 0.0, "repeat": 0.16233823404255315, "cat": 33.62019517021276, "mm": 7.992908680851062, "index_select": 23.88410661702128, "view": 0.0, "mul": 68.60857525531915, "sum": 30.05245289361702, "leaky_relu": 0.37789825531914895, "sub": 0.5943717234042553, "exp": 0.4157672978723403, "expand": 0.0, "scatter_add_": 16.34211736170212, "add": 18.157900978723404, "div": 1.2366397234042552, "elu": 2.8116356808510634, "_log_softmax": 0.2939842765957446, "nll_loss_forward": 3.895525191489362, "zero_": 1.7785554042553187, "torch::autograd::GraphRoot": 0.0, "nll_loss_backward": 3.6057677021276584, "empty": 0.0, "_index_put_impl_": 22.769852510638295, "_log_softmax_backward_data": 0.19464574468085108, "AddBackward0": 0.0, "add_": 0.028254489361702127, "gather": 7.847450276595741, "_masked_scale": 1.8031006595744683, "neg": 0.417935425531915, "scatter_": 0.46948102127659574, "leaky_relu_backward": 0.30557274468085105, "index_add_": 16.715448, "t": 0.0, "elu_backward": 2.0660241702127657, "clone": 5.5061900425531904, "_unsafe_view": 0.0, "mul_": 0.018603829787234048, "addcmul_": 0.009011744680851065, "sqrt": 0.009895531914893615, "addcdiv_": 0.011746531914893617, "is_floating_point": 0.0, "_local_scalar_dense": 0.008014872340425533, "dropout": 0.0, "max": 0.36632117021276606, "eq": 0.02320712765957447, "is_complex": 0.0}