{"_fused_dropout": 2.9895000833333327, "select": 0.0, "ne": 0.2781865625000001, "slice": 0.0, "to": 0.0, "index": 4.135819958333335, "unsqueeze": 0.0, "repeat": 0.03235254166666667, "cat": 48.30034985416666, "mm": 14.434747520833334, "index_select": 34.81312079166666, "view": 0.0, "mul": 102.11654231250003, "sum": 44.11077118750001, "leaky_relu": 0.5487458750000002, "sub": 0.8501010625, "exp": 0.5845071875000002, "expand": 0.0, "scatter_add_": 24.688413604166666, "add": 18.5455954375, "div": 1.7339426041666668, "elu": 1.4933401666666668, "_log_softmax": 0.05648220833333333, "nll_loss_forward": 0.5915572708333334, "zero_": 0.8749810833333332, "torch::autograd::GraphRoot": 0.0, "nll_loss_backward": 0.48225589583333334, "empty": 0.0, "_index_put_impl_": 25.361627499999994, "_log_softmax_backward_data": 0.03778322916666666, "AddBackward0": 0.0, "add_": 0.032808354166666664, "gather": 11.883940645833334, "_masked_scale": 1.1531394375, "neg": 0.5904466249999999, "scatter_": 0.2942116458333334, "leaky_relu_backward": 0.4301161458333333, "index_add_": 23.89667522916666, "t": 0.0, "elu_backward": 1.0963283958333334, "clone": 8.614079395833336, "_unsafe_view": 0.0, "mul_": 0.0232978125, "addcmul_": 0.010624166666666669, "sqrt": 0.010934791666666666, "addcdiv_": 0.014289229166666669, "is_floating_point": 0.0, "_local_scalar_dense": 0.008152354166666667, "dropout": 0.0, "max": 0.10573408333333334, "eq": 0.008009187499999999, "is_complex": 0.0}