{"_fused_dropout": 0.6241882222222223, "select": 0.0, "ne": 0.036290444444444445, "slice": 0.0, "to": 0.0, "index": 1.522348666666667, "unsqueeze": 0.0, "repeat": 0.017004066666666665, "cat": 4.938768577777777, "mm": 2.940051222222222, "index_select": 3.4938198222222234, "view": 0.0, "mul": 11.094781511111112, "sum": 4.739524977777778, "leaky_relu": 0.0435017111111111, "sub": 0.08988757777777776, "exp": 0.06704384444444446, "expand": 0.0, "scatter_add_": 2.4338726666666664, "add": 2.501071533333334, "div": 0.20060766666666668, "elu": 0.3333391555555556, "_log_softmax": 0.0056405555555555575, "nll_loss_forward": 0.14767931111111107, "zero_": 0.1963466444444444, "torch::autograd::GraphRoot": 0.0, "nll_loss_backward": 0.18581619999999996, "empty": 0.0, "_index_put_impl_": 2.9384376222222226, "_log_softmax_backward_data": 0.002630200000000001, "AddBackward0": 0.0, "add_": 0.02970148888888889, "gather": 1.2217351111111117, "_masked_scale": 0.2147173333333334, "neg": 0.06145413333333333, "scatter_": 0.02689108888888888, "leaky_relu_backward": 0.04724966666666666, "index_add_": 2.3041834222222226, "t": 0.0, "elu_backward": 0.24412133333333336, "clone": 0.9526396666666666, "_unsafe_view": 0.0, "mul_": 0.021144222222222227, "addcmul_": 0.009525911111111111, "sqrt": 0.009767711111111113, "addcdiv_": 0.012756666666666668, "is_floating_point": 0.0, "_local_scalar_dense": 0.007268066666666666, "dropout": 0.0, "max": 0.02334644444444445, "eq": 0.005158644444444446, "is_complex": 0.0}