{"_fused_dropout": 0.5034988888888888, "select": 0.0, "ne": 0.1661858444444445, "slice": 0.0, "to": 0.0, "index": 2.153199777777778, "unsqueeze": 0.0, "repeat": 0.019284977777777778, "cat": 7.482886088888886, "mm": 1.4075986444444446, "index_select": 4.046985511111112, "view": 0.0, "mul": 14.869371022222222, "sum": 6.212825200000001, "leaky_relu": 0.06879013333333334, "sub": 0.13440502222222223, "exp": 0.09260951111111114, "expand": 0.0, "scatter_add_": 2.6227429111111116, "add": 2.3311003111111113, "div": 0.30002446666666666, "elu": 0.057680711111111095, "_log_softmax": 0.010965244444444447, "nll_loss_forward": 0.08162522222222221, "zero_": 0.04923368888888888, "torch::autograd::GraphRoot": 0.0, "nll_loss_backward": 0.11342682222222224, "empty": 0.0, "_index_put_impl_": 13.933629955555556, "_log_softmax_backward_data": 0.004895533333333333, "AddBackward0": 0.0, "add_": 0.026593888888888886, "gather": 1.6028454444444444, "_masked_scale": 0.07333233333333335, "neg": 0.08995639999999998, "scatter_": 0.011947711111111111, "leaky_relu_backward": 0.06825335555555558, "index_add_": 2.0767461777777774, "t": 0.0, "elu_backward": 0.043159866666666664, "clone": 1.1116127111111114, "_unsafe_view": 0.0, "mul_": 0.01830297777777778, "addcmul_": 0.008939911111111113, "sqrt": 0.009891355555555556, "addcdiv_": 0.011073688888888888, "is_floating_point": 0.0, "_local_scalar_dense": 0.007192866666666666, "dropout": 0.0, "max": 0.01764684444444444, "eq": 0.005020733333333334, "is_complex": 0.0}