{"_fused_dropout": 11.968383979166667, "select": 0.0, "ne": 0.17056308333333334, "slice": 0.0, "to": 0.0, "index": 2.0258084583333327, "unsqueeze": 0.0, "repeat": 0.022478645833333328, "cat": 4.1311559375, "mm": 21.011593854166666, "index_select": 2.5716730208333343, "view": 0.0, "mul": 7.823557166666667, "sum": 3.697699875, "leaky_relu": 0.04274485416666666, "sub": 0.0810279791666667, "exp": 0.0544975, "expand": 0.0, "scatter_add_": 1.651236229166667, "add": 1.3879475625000002, "div": 0.19273110416666672, "elu": 0.07465329166666665, "_log_softmax": 0.0136960625, "nll_loss_forward": 0.21427512499999998, "zero_": 0.06114402083333334, "torch::autograd::GraphRoot": 0.0, "nll_loss_backward": 0.25847966666666666, "empty": 0.0, "_index_put_impl_": 10.266717416666667, "_log_softmax_backward_data": 0.007192166666666666, "AddBackward0": 0.0, "add_": 0.03981272916666666, "gather": 0.9773633750000003, "_masked_scale": 0.06920554166666665, "neg": 0.047669625000000014, "scatter_": 0.015076604166666665, "leaky_relu_backward": 0.039294395833333336, "index_add_": 1.303466375, "t": 0.0, "elu_backward": 0.054043687500000014, "mul_": 0.03141904166666667, "addcmul_": 0.01181239583333333, "sqrt": 0.011814333333333336, "addcdiv_": 0.02426989583333333, "is_floating_point": 0.0, "_local_scalar_dense": 0.0076106666666666675, "dropout": 0.0, "max": 0.040382895833333335, "eq": 0.005786833333333332, "is_complex": 0.0}