{"_fused_dropout": 0.45077865306122455, "select": 0.0, "ne": 0.03676455102040817, "slice": 0.0, "to": 0.0, "index": 1.4721422040816328, "unsqueeze": 0.0, "repeat": 0.01759969387755102, "cat": 1.3565681020408167, "mm": 1.6698066938775513, "index_select": 0.9596353469387754, "view": 0.0, "mul": 2.9169755714285714, "sum": 1.6501181224489796, "leaky_relu": 0.016582428571428574, "sub": 0.01344030612244898, "exp": 0.01869148979591837, "expand": 0.0, "scatter_add_": 0.6539280408163264, "add": 0.6741165714285714, "div": 0.060890510204081635, "elu": 0.0859108775510204, "_log_softmax": 0.00653004081632653, "nll_loss_forward": 0.17082183673469406, "zero_": 0.06411122448979592, "torch::autograd::GraphRoot": 0.0, "nll_loss_backward": 0.203372693877551, "empty": 0.0, "_index_put_impl_": 3.354498510204081, "_log_softmax_backward_data": 0.003028673469387756, "AddBackward0": 0.0, "add_": 0.030237530612244892, "gather": 0.3600617551020408, "_masked_scale": 0.05835542857142857, "neg": 0.01151436734693878, "scatter_": 0.011738938775510206, "leaky_relu_backward": 0.012580142857142854, "index_add_": 0.5223274693877551, "t": 0.0, "elu_backward": 0.06199467346938776, "clone": 0.2421708367346939, "_unsafe_view": 0.0, "mul_": 0.020760428571428576, "addcmul_": 0.010066877551020408, "sqrt": 0.011007061224489795, "addcdiv_": 0.013946265306122446, "is_floating_point": 0.0, "_local_scalar_dense": 0.00773008163265306, "dropout": 0.0, "max": 0.02737332653061224, "eq": 0.0060650408163265305, "is_complex": 0.0}