{"_fused_dropout": 2.3936710652173914, "select": 0.0, "ne": 0.2772137826086956, "slice": 0.0, "to": 0.0, "index": 3.1737564999999996, "unsqueeze": 0.0, "repeat": 0.03384178260869565, "cat": 25.279206043478272, "mm": 7.568582195652178, "index_select": 17.194940913043485, "view": 0.0, "mul": 52.60142254347827, "sum": 22.886817695652176, "leaky_relu": 0.2890163695652173, "sub": 0.47078408695652174, "exp": 0.32966454347826074, "expand": 0.0, "scatter_add_": 12.2323365, "add": 9.675709999999997, "div": 0.9766069999999998, "elu": 0.747492, "_log_softmax": 0.05682608695652175, "nll_loss_forward": 0.5704396956521738, "zero_": 0.44495754347826094, "torch::autograd::GraphRoot": 0.0, "nll_loss_backward": 0.45946352173913046, "empty": 0.0, "_index_put_impl_": 24.418837130434785, "_log_softmax_backward_data": 0.03761739130434782, "AddBackward0": 0.0, "add_": 0.029417195652173905, "gather": 6.230214195652174, "_masked_scale": 0.5881213260869564, "neg": 0.32683771739130435, "scatter_": 0.16156923913043486, "leaky_relu_backward": 0.24003219565217393, "index_add_": 11.230734195652172, "t": 0.0, "elu_backward": 0.5486851086956525, "clone": 4.330965195652174, "_unsafe_view": 0.0, "mul_": 0.019887565217391302, "addcmul_": 0.009528913043478261, "sqrt": 0.010537282608695655, "addcdiv_": 0.012464369565217391, "is_floating_point": 0.0, "_local_scalar_dense": 0.007962347826086957, "dropout": 0.0, "max": 0.10342478260869568, "eq": 0.007686282608695651, "is_complex": 0.0}