{"_fused_dropout": 0.45707607142857154, "select": 0.0, "ne": 0.16348595238095234, "slice": 0.0, "to": 0.0, "index": 2.1567452142857144, "unsqueeze": 0.0, "repeat": 0.018974214285714285, "cat": 4.691731523809521, "mm": 0.9224009761904765, "index_select": 2.2753012619047617, "view": 0.0, "mul": 8.502306142857142, "sum": 3.606336547619047, "leaky_relu": 0.039402833333333345, "sub": 0.0730752857142857, "exp": 0.042390857142857154, "expand": 0.0, "scatter_add_": 1.4339333333333333, "add": 1.2962650238095244, "div": 0.17955238095238094, "elu": 0.01134157142857143, "_log_softmax": 0.010465476190476188, "nll_loss_forward": 0.07666197619047617, "zero_": 0.02927461904761905, "torch::autograd::GraphRoot": 0.0, "nll_loss_backward": 0.1355487619047619, "empty": 0.0, "_index_put_impl_": 14.0920739047619, "_log_softmax_backward_data": 0.004391023809523812, "AddBackward0": 0.0, "add_": 0.02475426190476191, "gather": 0.8795425238095236, "_masked_scale": 0.03386426190476192, "neg": 0.04507542857142857, "scatter_": 0.008521095238095236, "leaky_relu_backward": 0.036393523809523806, "index_add_": 1.1394357857142858, "t": 0.0, "elu_backward": 0.015408761904761906, "mul_": 0.016856999999999997, "addcmul_": 0.008284190476190476, "sqrt": 0.009218119047619048, "addcdiv_": 0.010533952380952383, "is_floating_point": 0.0, "_local_scalar_dense": 0.0071649761904761895, "dropout": 0.0, "max": 0.01662247619047619, "eq": 0.00472195238095238, "is_complex": 0.0}