{"_fused_dropout": 4.208934391304346, "select": 0.0, "ne": 0.27745363043478255, "slice": 0.0, "to": 0.0, "index": 5.35150047826087, "unsqueeze": 0.0, "repeat": 0.1599401304347826, "cat": 62.928959456521746, "mm": 13.248846043478258, "index_select": 46.04739910869564, "view": 0.0, "mul": 131.65987826086956, "sum": 58.53195476086957, "leaky_relu": 0.709589304347826, "sub": 1.0750160869565217, "exp": 0.7428705652173911, "expand": 0.0, "scatter_add_": 31.14945108695652, "add": 34.543698978260856, "div": 2.1956737391304344, "elu": 5.59042545652174, "_log_softmax": 0.29536852173913053, "nll_loss_forward": 4.064221347826087, "zero_": 3.3931353913043476, "torch::autograd::GraphRoot": 0.0, "nll_loss_backward": 3.7459449565217398, "empty": 0.0, "_index_put_impl_": 23.484496804347824, "_log_softmax_backward_data": 0.1945596521739131, "AddBackward0": 0.0, "add_": 0.02783404347826087, "gather": 14.987194695652175, "_masked_scale": 3.5662885434782607, "neg": 0.7509603043478259, "scatter_": 0.7568414782608694, "leaky_relu_backward": 0.5465337826086957, "index_add_": 34.10328439130435, "t": 0.0, "elu_backward": 4.124430760869564, "clone": 10.995589282608696, "_unsafe_view": 0.0, "mul_": 0.018731326086956525, "addcmul_": 0.009197347826086956, "sqrt": 0.009997413043478261, "addcdiv_": 0.01262513043478261, "is_floating_point": 0.0, "_local_scalar_dense": 0.008327260869565214, "dropout": 0.0, "max": 0.3985743695652173, "eq": 0.023858478260869568, "is_complex": 0.0}