{"_fused_dropout": 12.341595477272726, "select": 0.0, "ne": 0.16985518181818182, "slice": 0.0, "to": 0.0, "index": 2.5835974999999998, "unsqueeze": 0.0, "repeat": 0.025711249999999995, "cat": 25.56768179545455, "mm": 84.57069138636363, "index_select": 19.671062499999998, "view": 0.0, "mul": 54.05916929545455, "sum": 26.375053568181816, "leaky_relu": 0.2804732727272727, "sub": 0.4462290909090909, "exp": 0.32213136363636363, "expand": 0.0, "scatter_add_": 13.338320386363636, "add": 9.32972156818182, "div": 0.9918610227272727, "elu": 0.5726814772727273, "_log_softmax": 0.016552636363636374, "nll_loss_forward": 0.25242495454545455, "zero_": 0.37322670454545437, "torch::autograd::GraphRoot": 0.0, "nll_loss_backward": 0.4488687045454546, "empty": 0.0, "_index_put_impl_": 11.217961840909089, "_log_softmax_backward_data": 0.00794256818181818, "AddBackward0": 0.0, "add_": 0.2943329090909091, "gather": 6.849276886363636, "_masked_scale": 0.48501525, "neg": 0.30321638636363635, "scatter_": 0.12236484090909089, "leaky_relu_backward": 0.22423627272727276, "index_add_": 11.309371840909092, "t": 0.0, "elu_backward": 0.4217752500000001, "clone": 4.6291444318181805, "_unsafe_view": 0.0, "mul_": 0.1580615, "addcmul_": 0.11190804545454541, "sqrt": 0.07936649999999999, "addcdiv_": 0.14996754545454546, "is_floating_point": 0.0, "_local_scalar_dense": 0.00874118181818182, "dropout": 0.0, "max": 0.04980202272727272, "eq": 0.007073613636363637, "is_complex": 0.0}