{"_fused_dropout": 0.41472135555555556, "select": 0.0, "ne": 0.037917288888888886, "slice": 0.0, "to": 0.0, "index": 1.3719916888888888, "unsqueeze": 0.0, "repeat": 0.021096999999999998, "cat": 0.764546, "mm": 1.0834594666666666, "index_select": 0.5504393111111111, "view": 0.0, "mul": 1.5489115333333328, "sum": 1.0777613333333331, "leaky_relu": 0.014725222222222221, "sub": 0.01333691111111111, "exp": 0.016383088888888894, "expand": 0.0, "scatter_add_": 0.38837859999999996, "add": 0.3744156666666666, "div": 0.04771293333333332, "elu": 0.027742888888888886, "_log_softmax": 0.007385533333333332, "nll_loss_forward": 0.1946389777777778, "zero_": 0.043597377777777786, "torch::autograd::GraphRoot": 0.0, "nll_loss_backward": 0.2177963111111111, "empty": 0.0, "_index_put_impl_": 3.380368288888889, "_log_softmax_backward_data": 0.0034492000000000012, "AddBackward0": 0.0, "add_": 0.03317886666666667, "gather": 0.22232493333333336, "_masked_scale": 0.024532377777777774, "neg": 0.011369555555555556, "scatter_": 0.011307733333333335, "leaky_relu_backward": 0.01019351111111111, "index_add_": 0.26829820000000004, "t": 0.0, "elu_backward": 0.02344882222222222, "mul_": 0.023090599999999996, "addcmul_": 0.011277644444444445, "sqrt": 0.01313511111111111, "addcdiv_": 0.014909377777777772, "is_floating_point": 0.0, "_local_scalar_dense": 0.008329177777777776, "dropout": 0.0, "max": 0.031442466666666676, "eq": 0.006915644444444445, "is_complex": 0.0}