{"_fused_dropout": 0.9444104772727271, "select": 0.0, "ne": 0.27655054545454544, "slice": 0.0, "to": 0.0, "index": 3.3835959545454553, "unsqueeze": 0.0, "repeat": 0.16518838636363634, "cat": 12.043008977272729, "mm": 2.4732447954545456, "index_select": 8.266284500000003, "view": 0.0, "mul": 21.1557685, "sum": 9.627996863636364, "leaky_relu": 0.13008920454545456, "sub": 0.22497009090909084, "exp": 0.17244315909090907, "expand": 0.0, "scatter_add_": 5.657056522727273, "add": 5.7800894772727265, "div": 0.5130230227272727, "elu": 0.7067733181818184, "_log_softmax": 0.2941477272727273, "nll_loss_forward": 3.780798363636364, "zero_": 0.5738968863636363, "torch::autograd::GraphRoot": 0.0, "nll_loss_backward": 3.4825579545454546, "empty": 0.0, "_index_put_impl_": 22.16362077272727, "_log_softmax_backward_data": 0.19512470454545455, "AddBackward0": 0.0, "add_": 0.02660474999999999, "gather": 2.5491790227272726, "_masked_scale": 0.47541181818181816, "neg": 0.16752288636363638, "scatter_": 0.17738381818181823, "leaky_relu_backward": 0.12402872727272726, "index_add_": 5.404556750000001, "t": 0.0, "elu_backward": 0.5191494318181819, "mul_": 0.016708386363636366, "addcmul_": 0.008341272727272725, "sqrt": 0.009182954545454544, "addcdiv_": 0.01098172727272727, "is_floating_point": 0.0, "_local_scalar_dense": 0.007397159090909089, "dropout": 0.0, "max": 0.32675856818181814, "eq": 0.022334909090909093, "is_complex": 0.0}